2026-06-05 00:45:19,665 - __main__ - INFO - Database initialized successfully
2026-06-05 00:45:21,364 - httpx - INFO - HTTP Request: POST https://api.telegram.org/bot8838756490:AAE1CAsIDfhrFN31LzqwCXZ-3Lu-3tXYN0Y/getMe "HTTP/1.1 200 OK"
2026-06-05 00:45:21,573 - httpx - INFO - HTTP Request: POST https://api.telegram.org/bot8838756490:AAE1CAsIDfhrFN31LzqwCXZ-3Lu-3tXYN0Y/deleteWebhook "HTTP/1.1 200 OK"
2026-06-05 00:45:21,575 - telegram.ext.Application - INFO - Application started
2026-06-05 00:45:22,120 - httpx - INFO - HTTP Request: POST https://api.telegram.org/bot8838756490:AAE1CAsIDfhrFN31LzqwCXZ-3Lu-3tXYN0Y/getUpdates "HTTP/1.1 200 OK"
2026-06-05 00:45:22,469 - httpx - INFO - HTTP Request: POST https://api.telegram.org/bot8838756490:AAE1CAsIDfhrFN31LzqwCXZ-3Lu-3tXYN0Y/sendMessage "HTTP/1.1 200 OK"
2026-06-05 00:45:22,768 - httpx - INFO - HTTP Request: POST https://api.telegram.org/bot8838756490:AAE1CAsIDfhrFN31LzqwCXZ-3Lu-3tXYN0Y/sendMessage "HTTP/1.1 200 OK"
2026-06-05 00:45:23,068 - httpx - INFO - HTTP Request: POST https://api.telegram.org/bot8838756490:AAE1CAsIDfhrFN31LzqwCXZ-3Lu-3tXYN0Y/sendMessage "HTTP/1.1 200 OK"
2026-06-05 00:45:23,429 - httpx - INFO - HTTP Request: POST https://api.telegram.org/bot8838756490:AAE1CAsIDfhrFN31LzqwCXZ-3Lu-3tXYN0Y/sendMessage "HTTP/1.1 200 OK"
2026-06-05 00:45:23,684 - httpx - INFO - HTTP Request: POST https://api.telegram.org/bot8838756490:AAE1CAsIDfhrFN31LzqwCXZ-3Lu-3tXYN0Y/sendMessage "HTTP/1.1 200 OK"
2026-06-05 00:45:32,430 - httpx - INFO - HTTP Request: POST https://api.telegram.org/bot8838756490:AAE1CAsIDfhrFN31LzqwCXZ-3Lu-3tXYN0Y/getUpdates "HTTP/1.1 200 OK"
2026-06-05 00:45:42,614 - httpx - INFO - HTTP Request: POST https://api.telegram.org/bot8838756490:AAE1CAsIDfhrFN31LzqwCXZ-3Lu-3tXYN0Y/getUpdates "HTTP/1.1 200 OK"
2026-06-05 00:45:52,805 - httpx - INFO - HTTP Request: POST https://api.telegram.org/bot8838756490:AAE1CAsIDfhrFN31LzqwCXZ-3Lu-3tXYN0Y/getUpdates "HTTP/1.1 200 OK"
2026-06-05 00:46:02,988 - httpx - INFO - HTTP Request: POST https://api.telegram.org/bot8838756490:AAE1CAsIDfhrFN31LzqwCXZ-3Lu-3tXYN0Y/getUpdates "HTTP/1.1 200 OK"
2026-06-05 00:46:13,168 - httpx - INFO - HTTP Request: POST https://api.telegram.org/bot8838756490:AAE1CAsIDfhrFN31LzqwCXZ-3Lu-3tXYN0Y/getUpdates "HTTP/1.1 200 OK"
2026-06-05 00:46:23,350 - httpx - INFO - HTTP Request: POST https://api.telegram.org/bot8838756490:AAE1CAsIDfhrFN31LzqwCXZ-3Lu-3tXYN0Y/getUpdates "HTTP/1.1 200 OK"
2026-06-05 00:46:33,537 - httpx - INFO - HTTP Request: POST https://api.telegram.org/bot8838756490:AAE1CAsIDfhrFN31LzqwCXZ-3Lu-3tXYN0Y/getUpdates "HTTP/1.1 200 OK"
2026-06-05 00:46:43,724 - httpx - INFO - HTTP Request: POST https://api.telegram.org/bot8838756490:AAE1CAsIDfhrFN31LzqwCXZ-3Lu-3tXYN0Y/getUpdates "HTTP/1.1 200 OK"
2026-06-05 00:46:53,903 - httpx - INFO - HTTP Request: POST https://api.telegram.org/bot8838756490:AAE1CAsIDfhrFN31LzqwCXZ-3Lu-3tXYN0Y/getUpdates "HTTP/1.1 200 OK"
2026-06-05 00:47:04,091 - httpx - INFO - HTTP Request: POST https://api.telegram.org/bot8838756490:AAE1CAsIDfhrFN31LzqwCXZ-3Lu-3tXYN0Y/getUpdates "HTTP/1.1 200 OK"
2026-06-05 00:47:14,269 - httpx - INFO - HTTP Request: POST https://api.telegram.org/bot8838756490:AAE1CAsIDfhrFN31LzqwCXZ-3Lu-3tXYN0Y/getUpdates "HTTP/1.1 200 OK"
2026-06-05 00:47:24,450 - httpx - INFO - HTTP Request: POST https://api.telegram.org/bot8838756490:AAE1CAsIDfhrFN31LzqwCXZ-3Lu-3tXYN0Y/getUpdates "HTTP/1.1 200 OK"
2026-06-05 00:47:57,962 - __main__ - INFO - Database initialized successfully
2026-06-05 00:47:59,572 - httpx - INFO - HTTP Request: POST https://api.telegram.org/bot8838756490:AAE1CAsIDfhrFN31LzqwCXZ-3Lu-3tXYN0Y/getMe "HTTP/1.1 200 OK"
2026-06-05 00:47:59,736 - httpx - INFO - HTTP Request: POST https://api.telegram.org/bot8838756490:AAE1CAsIDfhrFN31LzqwCXZ-3Lu-3tXYN0Y/deleteWebhook "HTTP/1.1 200 OK"
2026-06-05 00:47:59,738 - telegram.ext.Application - INFO - Application started
2026-06-05 00:48:03,674 - httpx - INFO - HTTP Request: POST https://api.telegram.org/bot8838756490:AAE1CAsIDfhrFN31LzqwCXZ-3Lu-3tXYN0Y/getUpdates "HTTP/1.1 200 OK"
2026-06-05 00:48:03,967 - httpx - INFO - HTTP Request: POST https://api.telegram.org/bot8838756490:AAE1CAsIDfhrFN31LzqwCXZ-3Lu-3tXYN0Y/sendMessage "HTTP/1.1 200 OK"
2026-06-05 00:48:13,898 - httpx - INFO - HTTP Request: POST https://api.telegram.org/bot8838756490:AAE1CAsIDfhrFN31LzqwCXZ-3Lu-3tXYN0Y/getUpdates "HTTP/1.1 200 OK"
2026-06-05 00:48:17,720 - httpx - INFO - HTTP Request: POST https://api.telegram.org/bot8838756490:AAE1CAsIDfhrFN31LzqwCXZ-3Lu-3tXYN0Y/getUpdates "HTTP/1.1 200 OK"
2026-06-05 00:48:18,295 - httpx - INFO - HTTP Request: POST https://api.telegram.org/bot8838756490:AAE1CAsIDfhrFN31LzqwCXZ-3Lu-3tXYN0Y/answerCallbackQuery "HTTP/1.1 200 OK"
2026-06-05 00:48:18,540 - httpx - INFO - HTTP Request: POST https://api.telegram.org/bot8838756490:AAE1CAsIDfhrFN31LzqwCXZ-3Lu-3tXYN0Y/editMessageText "HTTP/1.1 200 OK"
2026-06-05 00:48:27,883 - httpx - INFO - HTTP Request: POST https://api.telegram.org/bot8838756490:AAE1CAsIDfhrFN31LzqwCXZ-3Lu-3tXYN0Y/getUpdates "HTTP/1.1 200 OK"
2026-06-05 00:48:28,133 - httpx - INFO - HTTP Request: POST https://api.telegram.org/bot8838756490:AAE1CAsIDfhrFN31LzqwCXZ-3Lu-3tXYN0Y/getUpdates "HTTP/1.1 200 OK"
2026-06-05 00:48:34,814 - httpx - INFO - HTTP Request: POST https://api.telegram.org/bot8838756490:AAE1CAsIDfhrFN31LzqwCXZ-3Lu-3tXYN0Y/getUpdates "HTTP/1.1 200 OK"
2026-06-05 00:48:35,353 - httpx - INFO - HTTP Request: POST https://api.telegram.org/bot8838756490:AAE1CAsIDfhrFN31LzqwCXZ-3Lu-3tXYN0Y/editMessageText "HTTP/1.1 200 OK"
2026-06-05 00:48:40,284 - httpx - INFO - HTTP Request: POST https://api.telegram.org/bot8838756490:AAE1CAsIDfhrFN31LzqwCXZ-3Lu-3tXYN0Y/getUpdates "HTTP/1.1 200 OK"
2026-06-05 00:48:40,506 - httpx - INFO - HTTP Request: POST https://api.telegram.org/bot8838756490:AAE1CAsIDfhrFN31LzqwCXZ-3Lu-3tXYN0Y/answerCallbackQuery "HTTP/1.1 200 OK"
2026-06-05 00:48:40,687 - httpx - INFO - HTTP Request: POST https://api.telegram.org/bot8838756490:AAE1CAsIDfhrFN31LzqwCXZ-3Lu-3tXYN0Y/editMessageText "HTTP/1.1 200 OK"
2026-06-05 00:48:42,501 - httpx - INFO - HTTP Request: POST https://api.telegram.org/bot8838756490:AAE1CAsIDfhrFN31LzqwCXZ-3Lu-3tXYN0Y/getUpdates "HTTP/1.1 200 OK"
2026-06-05 00:48:42,674 - httpx - INFO - HTTP Request: POST https://api.telegram.org/bot8838756490:AAE1CAsIDfhrFN31LzqwCXZ-3Lu-3tXYN0Y/answerCallbackQuery "HTTP/1.1 200 OK"
2026-06-05 00:48:47,844 - httpx - INFO - HTTP Request: POST https://api.telegram.org/bot8838756490:AAE1CAsIDfhrFN31LzqwCXZ-3Lu-3tXYN0Y/getUpdates "HTTP/1.1 200 OK"
2026-06-05 00:48:48,459 - httpx - INFO - HTTP Request: POST https://api.telegram.org/bot8838756490:AAE1CAsIDfhrFN31LzqwCXZ-3Lu-3tXYN0Y/editMessageText "HTTP/1.1 200 OK"
2026-06-05 00:48:48,660 - httpx - INFO - HTTP Request: POST https://api.telegram.org/bot8838756490:AAE1CAsIDfhrFN31LzqwCXZ-3Lu-3tXYN0Y/answerCallbackQuery "HTTP/1.1 200 OK"
2026-06-05 00:48:52,948 - httpx - INFO - HTTP Request: POST https://api.telegram.org/bot8838756490:AAE1CAsIDfhrFN31LzqwCXZ-3Lu-3tXYN0Y/editMessageText "HTTP/1.1 200 OK"
2026-06-05 00:48:58,006 - httpx - INFO - HTTP Request: POST https://api.telegram.org/bot8838756490:AAE1CAsIDfhrFN31LzqwCXZ-3Lu-3tXYN0Y/getUpdates "HTTP/1.1 200 OK"
2026-06-05 00:49:08,172 - httpx - INFO - HTTP Request: POST https://api.telegram.org/bot8838756490:AAE1CAsIDfhrFN31LzqwCXZ-3Lu-3tXYN0Y/getUpdates "HTTP/1.1 200 OK"
2026-06-05 00:49:13,591 - httpx - INFO - HTTP Request: POST https://api.telegram.org/bot8838756490:AAE1CAsIDfhrFN31LzqwCXZ-3Lu-3tXYN0Y/getUpdates "HTTP/1.1 200 OK"
2026-06-05 00:49:14,175 - httpx - INFO - HTTP Request: POST https://api.telegram.org/bot8838756490:AAE1CAsIDfhrFN31LzqwCXZ-3Lu-3tXYN0Y/answerCallbackQuery "HTTP/1.1 200 OK"
2026-06-05 00:49:14,385 - httpx - INFO - HTTP Request: POST https://api.telegram.org/bot8838756490:AAE1CAsIDfhrFN31LzqwCXZ-3Lu-3tXYN0Y/editMessageText "HTTP/1.1 200 OK"
2026-06-05 00:49:23,754 - httpx - INFO - HTTP Request: POST https://api.telegram.org/bot8838756490:AAE1CAsIDfhrFN31LzqwCXZ-3Lu-3tXYN0Y/getUpdates "HTTP/1.1 200 OK"
2026-06-05 00:49:33,920 - httpx - INFO - HTTP Request: POST https://api.telegram.org/bot8838756490:AAE1CAsIDfhrFN31LzqwCXZ-3Lu-3tXYN0Y/getUpdates "HTTP/1.1 200 OK"
2026-06-05 00:49:43,373 - httpx - INFO - HTTP Request: POST https://api.telegram.org/bot8838756490:AAE1CAsIDfhrFN31LzqwCXZ-3Lu-3tXYN0Y/getUpdates "HTTP/1.1 200 OK"
2026-06-05 00:49:44,004 - httpx - INFO - HTTP Request: POST https://api.telegram.org/bot8838756490:AAE1CAsIDfhrFN31LzqwCXZ-3Lu-3tXYN0Y/editMessageText "HTTP/1.1 200 OK"
2026-06-05 00:49:46,334 - httpx - INFO - HTTP Request: POST https://api.telegram.org/bot8838756490:AAE1CAsIDfhrFN31LzqwCXZ-3Lu-3tXYN0Y/getUpdates "HTTP/1.1 200 OK"
2026-06-05 00:49:46,541 - httpx - INFO - HTTP Request: POST https://api.telegram.org/bot8838756490:AAE1CAsIDfhrFN31LzqwCXZ-3Lu-3tXYN0Y/answerCallbackQuery "HTTP/1.1 200 OK"
2026-06-05 00:49:46,849 - httpx - INFO - HTTP Request: POST https://api.telegram.org/bot8838756490:AAE1CAsIDfhrFN31LzqwCXZ-3Lu-3tXYN0Y/answerCallbackQuery "HTTP/1.1 200 OK"
2026-06-05 00:49:47,117 - httpx - INFO - HTTP Request: POST https://api.telegram.org/bot8838756490:AAE1CAsIDfhrFN31LzqwCXZ-3Lu-3tXYN0Y/sendMessage "HTTP/1.1 200 OK"
2026-06-05 00:49:50,072 - httpx - INFO - HTTP Request: POST https://api.telegram.org/bot8838756490:AAE1CAsIDfhrFN31LzqwCXZ-3Lu-3tXYN0Y/getUpdates "HTTP/1.1 200 OK"
2026-06-05 00:49:50,334 - httpx - INFO - HTTP Request: POST https://api.telegram.org/bot8838756490:AAE1CAsIDfhrFN31LzqwCXZ-3Lu-3tXYN0Y/answerCallbackQuery "HTTP/1.1 200 OK"
2026-06-05 00:49:50,519 - httpx - INFO - HTTP Request: POST https://api.telegram.org/bot8838756490:AAE1CAsIDfhrFN31LzqwCXZ-3Lu-3tXYN0Y/editMessageText "HTTP/1.1 400 Bad Request"
2026-06-05 00:49:50,521 - telegram.ext.Application - ERROR - No error handlers are registered, logging exception.
Traceback (most recent call last):
  File "C:\Users\snrso\AppData\Local\Programs\Python\Python314\Lib\site-packages\telegram\ext\_application.py", line 1315, in process_update
    await coroutine
  File "C:\Users\snrso\AppData\Local\Programs\Python\Python314\Lib\site-packages\telegram\ext\_handlers\basehandler.py", line 159, in handle_update
    return await self.callback(update, context)
           ^^^^^^^^^^^^^^^^^^^^^^^^^^^^^^^^^^^^
  File "C:\Users\snrso\Music\flasher\silverback.py", line 962, in support
        f"**Enterprise Support**\n\n"
    ...<13 lines>...
    
  File "C:\Users\snrso\AppData\Local\Programs\Python\Python314\Lib\site-packages\telegram\_callbackquery.py", line 269, in edit_message_text
    return await self._get_message().edit_text(
           ^^^^^^^^^^^^^^^^^^^^^^^^^^^^^^^^^^^^
    ...<11 lines>...
    )
    ^
  File "C:\Users\snrso\AppData\Local\Programs\Python\Python314\Lib\site-packages\telegram\_message.py", line 4243, in edit_text
    return await self.get_bot().edit_message_text(
           ^^^^^^^^^^^^^^^^^^^^^^^^^^^^^^^^^^^^^^^
    ...<15 lines>...
    )
    ^
  File "C:\Users\snrso\AppData\Local\Programs\Python\Python314\Lib\site-packages\telegram\ext\_extbot.py", line 1733, in edit_message_text
    return await super().edit_message_text(
           ^^^^^^^^^^^^^^^^^^^^^^^^^^^^^^^^
    ...<15 lines>...
    )
    ^
  File "C:\Users\snrso\AppData\Local\Programs\Python\Python314\Lib\site-packages\telegram\_bot.py", line 4548, in edit_message_text
    return await self._send_message(
           ^^^^^^^^^^^^^^^^^^^^^^^^^
    ...<11 lines>...
    )
    ^
  File "C:\Users\snrso\AppData\Local\Programs\Python\Python314\Lib\site-packages\telegram\ext\_extbot.py", line 630, in _send_message
    result = await super()._send_message(
             ^^^^^^^^^^^^^^^^^^^^^^^^^^^^
    ...<23 lines>...
    )
    ^
  File "C:\Users\snrso\AppData\Local\Programs\Python\Python314\Lib\site-packages\telegram\_bot.py", line 820, in _send_message
    result = await self._post(
             ^^^^^^^^^^^^^^^^^
    ...<7 lines>...
    )
    ^
  File "C:\Users\snrso\AppData\Local\Programs\Python\Python314\Lib\site-packages\telegram\_bot.py", line 704, in _post
    return await self._do_post(
           ^^^^^^^^^^^^^^^^^^^^
    ...<6 lines>...
    )
    ^
  File "C:\Users\snrso\AppData\Local\Programs\Python\Python314\Lib\site-packages\telegram\ext\_extbot.py", line 370, in _do_post
    return await super()._do_post(
           ^^^^^^^^^^^^^^^^^^^^^^^
    ...<6 lines>...
    )
    ^
  File "C:\Users\snrso\AppData\Local\Programs\Python\Python314\Lib\site-packages\telegram\_bot.py", line 733, in _do_post
    result = await request.post(
             ^^^^^^^^^^^^^^^^^^^
    ...<6 lines>...
    )
    ^
  File "C:\Users\snrso\AppData\Local\Programs\Python\Python314\Lib\site-packages\telegram\request\_baserequest.py", line 198, in post
    result = await self._request_wrapper(
             ^^^^^^^^^^^^^^^^^^^^^^^^^^^^
    ...<7 lines>...
    )
    ^
  File "C:\Users\snrso\AppData\Local\Programs\Python\Python314\Lib\site-packages\telegram\request\_baserequest.py", line 375, in _request_wrapper
    raise exception
telegram.error.BadRequest: Can't parse entities: can't find end of the entity starting at byte offset 439
2026-06-05 00:49:54,867 - httpx - INFO - HTTP Request: POST https://api.telegram.org/bot8838756490:AAE1CAsIDfhrFN31LzqwCXZ-3Lu-3tXYN0Y/getUpdates "HTTP/1.1 200 OK"
2026-06-05 00:49:55,064 - httpx - INFO - HTTP Request: POST https://api.telegram.org/bot8838756490:AAE1CAsIDfhrFN31LzqwCXZ-3Lu-3tXYN0Y/answerCallbackQuery "HTTP/1.1 200 OK"
2026-06-05 00:49:55,254 - httpx - INFO - HTTP Request: POST https://api.telegram.org/bot8838756490:AAE1CAsIDfhrFN31LzqwCXZ-3Lu-3tXYN0Y/editMessageText "HTTP/1.1 400 Bad Request"
2026-06-05 00:49:55,255 - telegram.ext.Application - ERROR - No error handlers are registered, logging exception.
Traceback (most recent call last):
  File "C:\Users\snrso\AppData\Local\Programs\Python\Python314\Lib\site-packages\telegram\ext\_application.py", line 1315, in process_update
    await coroutine
  File "C:\Users\snrso\AppData\Local\Programs\Python\Python314\Lib\site-packages\telegram\ext\_handlers\basehandler.py", line 159, in handle_update
    return await self.callback(update, context)
           ^^^^^^^^^^^^^^^^^^^^^^^^^^^^^^^^^^^^
  File "C:\Users\snrso\Music\flasher\silverback.py", line 962, in support
        f"**Enterprise Support**\n\n"
    ...<13 lines>...
    
  File "C:\Users\snrso\AppData\Local\Programs\Python\Python314\Lib\site-packages\telegram\_callbackquery.py", line 269, in edit_message_text
    return await self._get_message().edit_text(
           ^^^^^^^^^^^^^^^^^^^^^^^^^^^^^^^^^^^^
    ...<11 lines>...
    )
    ^
  File "C:\Users\snrso\AppData\Local\Programs\Python\Python314\Lib\site-packages\telegram\_message.py", line 4243, in edit_text
    return await self.get_bot().edit_message_text(
           ^^^^^^^^^^^^^^^^^^^^^^^^^^^^^^^^^^^^^^^
    ...<15 lines>...
    )
    ^
  File "C:\Users\snrso\AppData\Local\Programs\Python\Python314\Lib\site-packages\telegram\ext\_extbot.py", line 1733, in edit_message_text
    return await super().edit_message_text(
           ^^^^^^^^^^^^^^^^^^^^^^^^^^^^^^^^
    ...<15 lines>...
    )
    ^
  File "C:\Users\snrso\AppData\Local\Programs\Python\Python314\Lib\site-packages\telegram\_bot.py", line 4548, in edit_message_text
    return await self._send_message(
           ^^^^^^^^^^^^^^^^^^^^^^^^^
    ...<11 lines>...
    )
    ^
  File "C:\Users\snrso\AppData\Local\Programs\Python\Python314\Lib\site-packages\telegram\ext\_extbot.py", line 630, in _send_message
    result = await super()._send_message(
             ^^^^^^^^^^^^^^^^^^^^^^^^^^^^
    ...<23 lines>...
    )
    ^
  File "C:\Users\snrso\AppData\Local\Programs\Python\Python314\Lib\site-packages\telegram\_bot.py", line 820, in _send_message
    result = await self._post(
             ^^^^^^^^^^^^^^^^^
    ...<7 lines>...
    )
    ^
  File "C:\Users\snrso\AppData\Local\Programs\Python\Python314\Lib\site-packages\telegram\_bot.py", line 704, in _post
    return await self._do_post(
           ^^^^^^^^^^^^^^^^^^^^
    ...<6 lines>...
    )
    ^
  File "C:\Users\snrso\AppData\Local\Programs\Python\Python314\Lib\site-packages\telegram\ext\_extbot.py", line 370, in _do_post
    return await super()._do_post(
           ^^^^^^^^^^^^^^^^^^^^^^^
    ...<6 lines>...
    )
    ^
  File "C:\Users\snrso\AppData\Local\Programs\Python\Python314\Lib\site-packages\telegram\_bot.py", line 733, in _do_post
    result = await request.post(
             ^^^^^^^^^^^^^^^^^^^
    ...<6 lines>...
    )
    ^
  File "C:\Users\snrso\AppData\Local\Programs\Python\Python314\Lib\site-packages\telegram\request\_baserequest.py", line 198, in post
    result = await self._request_wrapper(
             ^^^^^^^^^^^^^^^^^^^^^^^^^^^^
    ...<7 lines>...
    )
    ^
  File "C:\Users\snrso\AppData\Local\Programs\Python\Python314\Lib\site-packages\telegram\request\_baserequest.py", line 375, in _request_wrapper
    raise exception
telegram.error.BadRequest: Can't parse entities: can't find end of the entity starting at byte offset 439
2026-06-05 00:50:05,034 - httpx - INFO - HTTP Request: POST https://api.telegram.org/bot8838756490:AAE1CAsIDfhrFN31LzqwCXZ-3Lu-3tXYN0Y/getUpdates "HTTP/1.1 200 OK"
2026-06-05 00:50:15,196 - httpx - INFO - HTTP Request: POST https://api.telegram.org/bot8838756490:AAE1CAsIDfhrFN31LzqwCXZ-3Lu-3tXYN0Y/getUpdates "HTTP/1.1 200 OK"
2026-06-05 00:51:34,139 - __main__ - INFO - Database initialized successfully
2026-06-05 00:52:06,046 - __main__ - INFO - Database initialized successfully
2026-06-05 00:52:07,663 - httpx - INFO - HTTP Request: POST https://api.telegram.org/bot8838756490:AAE1CAsIDfhrFN31LzqwCXZ-3Lu-3tXYN0Y/getMe "HTTP/1.1 200 OK"
2026-06-05 00:52:07,847 - httpx - INFO - HTTP Request: POST https://api.telegram.org/bot8838756490:AAE1CAsIDfhrFN31LzqwCXZ-3Lu-3tXYN0Y/deleteWebhook "HTTP/1.1 200 OK"
2026-06-05 00:52:07,849 - telegram.ext.Application - INFO - Application started
2026-06-05 00:52:08,355 - httpx - INFO - HTTP Request: POST https://api.telegram.org/bot8838756490:AAE1CAsIDfhrFN31LzqwCXZ-3Lu-3tXYN0Y/getUpdates "HTTP/1.1 200 OK"
2026-06-05 00:52:08,552 - httpx - INFO - HTTP Request: POST https://api.telegram.org/bot8838756490:AAE1CAsIDfhrFN31LzqwCXZ-3Lu-3tXYN0Y/answerCallbackQuery "HTTP/1.1 400 Bad Request"
2026-06-05 00:52:08,553 - telegram.ext.Application - ERROR - No error handlers are registered, logging exception.
Traceback (most recent call last):
  File "C:\Users\snrso\AppData\Local\Programs\Python\Python314\Lib\site-packages\telegram\ext\_application.py", line 1315, in process_update
    await coroutine
  File "C:\Users\snrso\AppData\Local\Programs\Python\Python314\Lib\site-packages\telegram\ext\_handlers\basehandler.py", line 159, in handle_update
    return await self.callback(update, context)
           ^^^^^^^^^^^^^^^^^^^^^^^^^^^^^^^^^^^^
  File "C:\Users\snrso\Music\flasher\silverback.py", line 455, in process_bridge_amount
    await query.answer()
  File "C:\Users\snrso\AppData\Local\Programs\Python\Python314\Lib\site-packages\telegram\_callbackquery.py", line 190, in answer
    return await self.get_bot().answer_callback_query(
           ^^^^^^^^^^^^^^^^^^^^^^^^^^^^^^^^^^^^^^^^^^^
    ...<10 lines>...
    )
    ^
  File "C:\Users\snrso\AppData\Local\Programs\Python\Python314\Lib\site-packages\telegram\ext\_extbot.py", line 970, in answer_callback_query
    return await super().answer_callback_query(
           ^^^^^^^^^^^^^^^^^^^^^^^^^^^^^^^^^^^^
    ...<10 lines>...
    )
    ^
  File "C:\Users\snrso\AppData\Local\Programs\Python\Python314\Lib\site-packages\telegram\_bot.py", line 4445, in answer_callback_query
    return await self._post(
           ^^^^^^^^^^^^^^^^^
    ...<7 lines>...
    )
    ^
  File "C:\Users\snrso\AppData\Local\Programs\Python\Python314\Lib\site-packages\telegram\_bot.py", line 704, in _post
    return await self._do_post(
           ^^^^^^^^^^^^^^^^^^^^
    ...<6 lines>...
    )
    ^
  File "C:\Users\snrso\AppData\Local\Programs\Python\Python314\Lib\site-packages\telegram\ext\_extbot.py", line 370, in _do_post
    return await super()._do_post(
           ^^^^^^^^^^^^^^^^^^^^^^^
    ...<6 lines>...
    )
    ^
  File "C:\Users\snrso\AppData\Local\Programs\Python\Python314\Lib\site-packages\telegram\_bot.py", line 733, in _do_post
    result = await request.post(
             ^^^^^^^^^^^^^^^^^^^
    ...<6 lines>...
    )
    ^
  File "C:\Users\snrso\AppData\Local\Programs\Python\Python314\Lib\site-packages\telegram\request\_baserequest.py", line 198, in post
    result = await self._request_wrapper(
             ^^^^^^^^^^^^^^^^^^^^^^^^^^^^
    ...<7 lines>...
    )
    ^
  File "C:\Users\snrso\AppData\Local\Programs\Python\Python314\Lib\site-packages\telegram\request\_baserequest.py", line 375, in _request_wrapper
    raise exception
telegram.error.BadRequest: Query is too old and response timeout expired or query id is invalid
2026-06-05 00:52:08,838 - httpx - INFO - HTTP Request: POST https://api.telegram.org/bot8838756490:AAE1CAsIDfhrFN31LzqwCXZ-3Lu-3tXYN0Y/sendMessage "HTTP/1.1 200 OK"
2026-06-05 00:52:18,521 - httpx - INFO - HTTP Request: POST https://api.telegram.org/bot8838756490:AAE1CAsIDfhrFN31LzqwCXZ-3Lu-3tXYN0Y/getUpdates "HTTP/1.1 200 OK"
2026-06-05 00:52:28,686 - httpx - INFO - HTTP Request: POST https://api.telegram.org/bot8838756490:AAE1CAsIDfhrFN31LzqwCXZ-3Lu-3tXYN0Y/getUpdates "HTTP/1.1 200 OK"
2026-06-05 00:52:38,419 - httpx - INFO - HTTP Request: POST https://api.telegram.org/bot8838756490:AAE1CAsIDfhrFN31LzqwCXZ-3Lu-3tXYN0Y/getUpdates "HTTP/1.1 200 OK"
2026-06-05 00:52:39,011 - httpx - INFO - HTTP Request: POST https://api.telegram.org/bot8838756490:AAE1CAsIDfhrFN31LzqwCXZ-3Lu-3tXYN0Y/answerCallbackQuery "HTTP/1.1 200 OK"
2026-06-05 00:52:39,261 - httpx - INFO - HTTP Request: POST https://api.telegram.org/bot8838756490:AAE1CAsIDfhrFN31LzqwCXZ-3Lu-3tXYN0Y/editMessageText "HTTP/1.1 200 OK"
2026-06-05 00:52:48,560 - httpx - INFO - HTTP Request: POST https://api.telegram.org/bot8838756490:AAE1CAsIDfhrFN31LzqwCXZ-3Lu-3tXYN0Y/getUpdates "HTTP/1.1 200 OK"
2026-06-05 00:52:49,164 - httpx - INFO - HTTP Request: POST https://api.telegram.org/bot8838756490:AAE1CAsIDfhrFN31LzqwCXZ-3Lu-3tXYN0Y/answerCallbackQuery "HTTP/1.1 200 OK"
2026-06-05 00:52:49,437 - httpx - INFO - HTTP Request: POST https://api.telegram.org/bot8838756490:AAE1CAsIDfhrFN31LzqwCXZ-3Lu-3tXYN0Y/answerCallbackQuery "HTTP/1.1 200 OK"
2026-06-05 00:52:49,654 - httpx - INFO - HTTP Request: POST https://api.telegram.org/bot8838756490:AAE1CAsIDfhrFN31LzqwCXZ-3Lu-3tXYN0Y/sendMessage "HTTP/1.1 200 OK"
2026-06-05 00:52:58,731 - httpx - INFO - HTTP Request: POST https://api.telegram.org/bot8838756490:AAE1CAsIDfhrFN31LzqwCXZ-3Lu-3tXYN0Y/getUpdates "HTTP/1.1 200 OK"
2026-06-05 00:53:04,104 - httpx - INFO - HTTP Request: POST https://api.telegram.org/bot8838756490:AAE1CAsIDfhrFN31LzqwCXZ-3Lu-3tXYN0Y/getUpdates "HTTP/1.1 200 OK"
2026-06-05 00:53:04,751 - httpx - INFO - HTTP Request: POST https://api.telegram.org/bot8838756490:AAE1CAsIDfhrFN31LzqwCXZ-3Lu-3tXYN0Y/sendMessage "HTTP/1.1 200 OK"
2026-06-05 00:53:10,523 - __main__ - INFO - Database initialized successfully
2026-06-05 00:53:12,041 - httpx - INFO - HTTP Request: POST https://api.telegram.org/bot8838756490:AAE1CAsIDfhrFN31LzqwCXZ-3Lu-3tXYN0Y/getMe "HTTP/1.1 200 OK"
2026-06-05 00:53:12,204 - httpx - INFO - HTTP Request: POST https://api.telegram.org/bot8838756490:AAE1CAsIDfhrFN31LzqwCXZ-3Lu-3tXYN0Y/deleteWebhook "HTTP/1.1 200 OK"
2026-06-05 00:53:12,205 - telegram.ext.Application - INFO - Application started
2026-06-05 00:53:12,755 - httpx - INFO - HTTP Request: POST https://api.telegram.org/bot8838756490:AAE1CAsIDfhrFN31LzqwCXZ-3Lu-3tXYN0Y/getUpdates "HTTP/1.1 409 Conflict"
2026-06-05 00:53:12,756 - telegram.ext.Application - ERROR - No error handlers are registered, logging exception.
Traceback (most recent call last):
  File "C:\Users\snrso\AppData\Local\Programs\Python\Python314\Lib\site-packages\telegram\ext\_utils\networkloop.py", line 161, in network_retry_loop
    await do_action()
  File "C:\Users\snrso\AppData\Local\Programs\Python\Python314\Lib\site-packages\telegram\ext\_utils\networkloop.py", line 154, in do_action
    action_cb_task.result()
    ~~~~~~~~~~~~~~~~~~~~~^^
  File "C:\Users\snrso\AppData\Local\Programs\Python\Python314\Lib\site-packages\telegram\ext\_updater.py", line 340, in polling_action_cb
    updates = await self.bot.get_updates(
              ^^^^^^^^^^^^^^^^^^^^^^^^^^^
    ...<3 lines>...
    )
    ^
  File "C:\Users\snrso\AppData\Local\Programs\Python\Python314\Lib\site-packages\telegram\ext\_extbot.py", line 672, in get_updates
    updates = await super().get_updates(
              ^^^^^^^^^^^^^^^^^^^^^^^^^^
    ...<9 lines>...
    )
    ^
  File "C:\Users\snrso\AppData\Local\Programs\Python\Python314\Lib\site-packages\telegram\_bot.py", line 4865, in get_updates
    await self._post(
    ^^^^^^^^^^^^^^^^^
    ...<7 lines>...
    ),
    ^
  File "C:\Users\snrso\AppData\Local\Programs\Python\Python314\Lib\site-packages\telegram\_bot.py", line 704, in _post
    return await self._do_post(
           ^^^^^^^^^^^^^^^^^^^^
    ...<6 lines>...
    )
    ^
  File "C:\Users\snrso\AppData\Local\Programs\Python\Python314\Lib\site-packages\telegram\ext\_extbot.py", line 370, in _do_post
    return await super()._do_post(
           ^^^^^^^^^^^^^^^^^^^^^^^
    ...<6 lines>...
    )
    ^
  File "C:\Users\snrso\AppData\Local\Programs\Python\Python314\Lib\site-packages\telegram\_bot.py", line 733, in _do_post
    result = await request.post(
             ^^^^^^^^^^^^^^^^^^^
    ...<6 lines>...
    )
    ^
  File "C:\Users\snrso\AppData\Local\Programs\Python\Python314\Lib\site-packages\telegram\request\_baserequest.py", line 198, in post
    result = await self._request_wrapper(
             ^^^^^^^^^^^^^^^^^^^^^^^^^^^^
    ...<7 lines>...
    )
    ^
  File "C:\Users\snrso\AppData\Local\Programs\Python\Python314\Lib\site-packages\telegram\request\_baserequest.py", line 375, in _request_wrapper
    raise exception
telegram.error.Conflict: Conflict: terminated by other getUpdates request; make sure that only one bot instance is running
2026-06-05 00:53:16,935 - httpx - INFO - HTTP Request: POST https://api.telegram.org/bot8838756490:AAE1CAsIDfhrFN31LzqwCXZ-3Lu-3tXYN0Y/getUpdates "HTTP/1.1 409 Conflict"
2026-06-05 00:53:16,936 - telegram.ext.Application - ERROR - No error handlers are registered, logging exception.
Traceback (most recent call last):
  File "C:\Users\snrso\AppData\Local\Programs\Python\Python314\Lib\site-packages\telegram\ext\_utils\networkloop.py", line 161, in network_retry_loop
    await do_action()
  File "C:\Users\snrso\AppData\Local\Programs\Python\Python314\Lib\site-packages\telegram\ext\_utils\networkloop.py", line 154, in do_action
    action_cb_task.result()
    ~~~~~~~~~~~~~~~~~~~~~^^
  File "C:\Users\snrso\AppData\Local\Programs\Python\Python314\Lib\site-packages\telegram\ext\_updater.py", line 340, in polling_action_cb
    updates = await self.bot.get_updates(
              ^^^^^^^^^^^^^^^^^^^^^^^^^^^
    ...<3 lines>...
    )
    ^
  File "C:\Users\snrso\AppData\Local\Programs\Python\Python314\Lib\site-packages\telegram\ext\_extbot.py", line 672, in get_updates
    updates = await super().get_updates(
              ^^^^^^^^^^^^^^^^^^^^^^^^^^
    ...<9 lines>...
    )
    ^
  File "C:\Users\snrso\AppData\Local\Programs\Python\Python314\Lib\site-packages\telegram\_bot.py", line 4865, in get_updates
    await self._post(
    ^^^^^^^^^^^^^^^^^
    ...<7 lines>...
    ),
    ^
  File "C:\Users\snrso\AppData\Local\Programs\Python\Python314\Lib\site-packages\telegram\_bot.py", line 704, in _post
    return await self._do_post(
           ^^^^^^^^^^^^^^^^^^^^
    ...<6 lines>...
    )
    ^
  File "C:\Users\snrso\AppData\Local\Programs\Python\Python314\Lib\site-packages\telegram\ext\_extbot.py", line 370, in _do_post
    return await super()._do_post(
           ^^^^^^^^^^^^^^^^^^^^^^^
    ...<6 lines>...
    )
    ^
  File "C:\Users\snrso\AppData\Local\Programs\Python\Python314\Lib\site-packages\telegram\_bot.py", line 733, in _do_post
    result = await request.post(
             ^^^^^^^^^^^^^^^^^^^
    ...<6 lines>...
    )
    ^
  File "C:\Users\snrso\AppData\Local\Programs\Python\Python314\Lib\site-packages\telegram\request\_baserequest.py", line 198, in post
    result = await self._request_wrapper(
             ^^^^^^^^^^^^^^^^^^^^^^^^^^^^
    ...<7 lines>...
    )
    ^
  File "C:\Users\snrso\AppData\Local\Programs\Python\Python314\Lib\site-packages\telegram\request\_baserequest.py", line 375, in _request_wrapper
    raise exception
telegram.error.Conflict: Conflict: terminated by other getUpdates request; make sure that only one bot instance is running
2026-06-05 00:53:18,130 - httpx - INFO - HTTP Request: POST https://api.telegram.org/bot8838756490:AAE1CAsIDfhrFN31LzqwCXZ-3Lu-3tXYN0Y/getUpdates "HTTP/1.1 409 Conflict"
2026-06-05 00:53:18,131 - telegram.ext.Application - ERROR - No error handlers are registered, logging exception.
Traceback (most recent call last):
  File "C:\Users\snrso\AppData\Local\Programs\Python\Python314\Lib\site-packages\telegram\ext\_utils\networkloop.py", line 161, in network_retry_loop
    await do_action()
  File "C:\Users\snrso\AppData\Local\Programs\Python\Python314\Lib\site-packages\telegram\ext\_utils\networkloop.py", line 154, in do_action
    action_cb_task.result()
    ~~~~~~~~~~~~~~~~~~~~~^^
  File "C:\Users\snrso\AppData\Local\Programs\Python\Python314\Lib\site-packages\telegram\ext\_updater.py", line 340, in polling_action_cb
    updates = await self.bot.get_updates(
              ^^^^^^^^^^^^^^^^^^^^^^^^^^^
    ...<3 lines>...
    )
    ^
  File "C:\Users\snrso\AppData\Local\Programs\Python\Python314\Lib\site-packages\telegram\ext\_extbot.py", line 672, in get_updates
    updates = await super().get_updates(
              ^^^^^^^^^^^^^^^^^^^^^^^^^^
    ...<9 lines>...
    )
    ^
  File "C:\Users\snrso\AppData\Local\Programs\Python\Python314\Lib\site-packages\telegram\_bot.py", line 4865, in get_updates
    await self._post(
    ^^^^^^^^^^^^^^^^^
    ...<7 lines>...
    ),
    ^
  File "C:\Users\snrso\AppData\Local\Programs\Python\Python314\Lib\site-packages\telegram\_bot.py", line 704, in _post
    return await self._do_post(
           ^^^^^^^^^^^^^^^^^^^^
    ...<6 lines>...
    )
    ^
  File "C:\Users\snrso\AppData\Local\Programs\Python\Python314\Lib\site-packages\telegram\ext\_extbot.py", line 370, in _do_post
    return await super()._do_post(
           ^^^^^^^^^^^^^^^^^^^^^^^
    ...<6 lines>...
    )
    ^
  File "C:\Users\snrso\AppData\Local\Programs\Python\Python314\Lib\site-packages\telegram\_bot.py", line 733, in _do_post
    result = await request.post(
             ^^^^^^^^^^^^^^^^^^^
    ...<6 lines>...
    )
    ^
  File "C:\Users\snrso\AppData\Local\Programs\Python\Python314\Lib\site-packages\telegram\request\_baserequest.py", line 198, in post
    result = await self._request_wrapper(
             ^^^^^^^^^^^^^^^^^^^^^^^^^^^^
    ...<7 lines>...
    )
    ^
  File "C:\Users\snrso\AppData\Local\Programs\Python\Python314\Lib\site-packages\telegram\request\_baserequest.py", line 375, in _request_wrapper
    raise exception
telegram.error.Conflict: Conflict: terminated by other getUpdates request; make sure that only one bot instance is running
2026-06-05 00:53:22,798 - httpx - INFO - HTTP Request: POST https://api.telegram.org/bot8838756490:AAE1CAsIDfhrFN31LzqwCXZ-3Lu-3tXYN0Y/getUpdates "HTTP/1.1 409 Conflict"
2026-06-05 00:53:22,799 - telegram.ext.Application - ERROR - No error handlers are registered, logging exception.
Traceback (most recent call last):
  File "C:\Users\snrso\AppData\Local\Programs\Python\Python314\Lib\site-packages\telegram\ext\_utils\networkloop.py", line 161, in network_retry_loop
    await do_action()
  File "C:\Users\snrso\AppData\Local\Programs\Python\Python314\Lib\site-packages\telegram\ext\_utils\networkloop.py", line 154, in do_action
    action_cb_task.result()
    ~~~~~~~~~~~~~~~~~~~~~^^
  File "C:\Users\snrso\AppData\Local\Programs\Python\Python314\Lib\site-packages\telegram\ext\_updater.py", line 340, in polling_action_cb
    updates = await self.bot.get_updates(
              ^^^^^^^^^^^^^^^^^^^^^^^^^^^
    ...<3 lines>...
    )
    ^
  File "C:\Users\snrso\AppData\Local\Programs\Python\Python314\Lib\site-packages\telegram\ext\_extbot.py", line 672, in get_updates
    updates = await super().get_updates(
              ^^^^^^^^^^^^^^^^^^^^^^^^^^
    ...<9 lines>...
    )
    ^
  File "C:\Users\snrso\AppData\Local\Programs\Python\Python314\Lib\site-packages\telegram\_bot.py", line 4865, in get_updates
    await self._post(
    ^^^^^^^^^^^^^^^^^
    ...<7 lines>...
    ),
    ^
  File "C:\Users\snrso\AppData\Local\Programs\Python\Python314\Lib\site-packages\telegram\_bot.py", line 704, in _post
    return await self._do_post(
           ^^^^^^^^^^^^^^^^^^^^
    ...<6 lines>...
    )
    ^
  File "C:\Users\snrso\AppData\Local\Programs\Python\Python314\Lib\site-packages\telegram\ext\_extbot.py", line 370, in _do_post
    return await super()._do_post(
           ^^^^^^^^^^^^^^^^^^^^^^^
    ...<6 lines>...
    )
    ^
  File "C:\Users\snrso\AppData\Local\Programs\Python\Python314\Lib\site-packages\telegram\_bot.py", line 733, in _do_post
    result = await request.post(
             ^^^^^^^^^^^^^^^^^^^
    ...<6 lines>...
    )
    ^
  File "C:\Users\snrso\AppData\Local\Programs\Python\Python314\Lib\site-packages\telegram\request\_baserequest.py", line 198, in post
    result = await self._request_wrapper(
             ^^^^^^^^^^^^^^^^^^^^^^^^^^^^
    ...<7 lines>...
    )
    ^
  File "C:\Users\snrso\AppData\Local\Programs\Python\Python314\Lib\site-packages\telegram\request\_baserequest.py", line 375, in _request_wrapper
    raise exception
telegram.error.Conflict: Conflict: terminated by other getUpdates request; make sure that only one bot instance is running
2026-06-05 00:53:24,486 - httpx - INFO - HTTP Request: POST https://api.telegram.org/bot8838756490:AAE1CAsIDfhrFN31LzqwCXZ-3Lu-3tXYN0Y/getUpdates "HTTP/1.1 409 Conflict"
2026-06-05 00:53:24,487 - telegram.ext.Application - ERROR - No error handlers are registered, logging exception.
Traceback (most recent call last):
  File "C:\Users\snrso\AppData\Local\Programs\Python\Python314\Lib\site-packages\telegram\ext\_utils\networkloop.py", line 161, in network_retry_loop
    await do_action()
  File "C:\Users\snrso\AppData\Local\Programs\Python\Python314\Lib\site-packages\telegram\ext\_utils\networkloop.py", line 154, in do_action
    action_cb_task.result()
    ~~~~~~~~~~~~~~~~~~~~~^^
  File "C:\Users\snrso\AppData\Local\Programs\Python\Python314\Lib\site-packages\telegram\ext\_updater.py", line 340, in polling_action_cb
    updates = await self.bot.get_updates(
              ^^^^^^^^^^^^^^^^^^^^^^^^^^^
    ...<3 lines>...
    )
    ^
  File "C:\Users\snrso\AppData\Local\Programs\Python\Python314\Lib\site-packages\telegram\ext\_extbot.py", line 672, in get_updates
    updates = await super().get_updates(
              ^^^^^^^^^^^^^^^^^^^^^^^^^^
    ...<9 lines>...
    )
    ^
  File "C:\Users\snrso\AppData\Local\Programs\Python\Python314\Lib\site-packages\telegram\_bot.py", line 4865, in get_updates
    await self._post(
    ^^^^^^^^^^^^^^^^^
    ...<7 lines>...
    ),
    ^
  File "C:\Users\snrso\AppData\Local\Programs\Python\Python314\Lib\site-packages\telegram\_bot.py", line 704, in _post
    return await self._do_post(
           ^^^^^^^^^^^^^^^^^^^^
    ...<6 lines>...
    )
    ^
  File "C:\Users\snrso\AppData\Local\Programs\Python\Python314\Lib\site-packages\telegram\ext\_extbot.py", line 370, in _do_post
    return await super()._do_post(
           ^^^^^^^^^^^^^^^^^^^^^^^
    ...<6 lines>...
    )
    ^
  File "C:\Users\snrso\AppData\Local\Programs\Python\Python314\Lib\site-packages\telegram\_bot.py", line 733, in _do_post
    result = await request.post(
             ^^^^^^^^^^^^^^^^^^^
    ...<6 lines>...
    )
    ^
  File "C:\Users\snrso\AppData\Local\Programs\Python\Python314\Lib\site-packages\telegram\request\_baserequest.py", line 198, in post
    result = await self._request_wrapper(
             ^^^^^^^^^^^^^^^^^^^^^^^^^^^^
    ...<7 lines>...
    )
    ^
  File "C:\Users\snrso\AppData\Local\Programs\Python\Python314\Lib\site-packages\telegram\request\_baserequest.py", line 375, in _request_wrapper
    raise exception
telegram.error.Conflict: Conflict: terminated by other getUpdates request; make sure that only one bot instance is running
2026-06-05 00:53:29,900 - httpx - INFO - HTTP Request: POST https://api.telegram.org/bot8838756490:AAE1CAsIDfhrFN31LzqwCXZ-3Lu-3tXYN0Y/getUpdates "HTTP/1.1 409 Conflict"
2026-06-05 00:53:29,901 - telegram.ext.Application - ERROR - No error handlers are registered, logging exception.
Traceback (most recent call last):
  File "C:\Users\snrso\AppData\Local\Programs\Python\Python314\Lib\site-packages\telegram\ext\_utils\networkloop.py", line 161, in network_retry_loop
    await do_action()
  File "C:\Users\snrso\AppData\Local\Programs\Python\Python314\Lib\site-packages\telegram\ext\_utils\networkloop.py", line 154, in do_action
    action_cb_task.result()
    ~~~~~~~~~~~~~~~~~~~~~^^
  File "C:\Users\snrso\AppData\Local\Programs\Python\Python314\Lib\site-packages\telegram\ext\_updater.py", line 340, in polling_action_cb
    updates = await self.bot.get_updates(
              ^^^^^^^^^^^^^^^^^^^^^^^^^^^
    ...<3 lines>...
    )
    ^
  File "C:\Users\snrso\AppData\Local\Programs\Python\Python314\Lib\site-packages\telegram\ext\_extbot.py", line 672, in get_updates
    updates = await super().get_updates(
              ^^^^^^^^^^^^^^^^^^^^^^^^^^
    ...<9 lines>...
    )
    ^
  File "C:\Users\snrso\AppData\Local\Programs\Python\Python314\Lib\site-packages\telegram\_bot.py", line 4865, in get_updates
    await self._post(
    ^^^^^^^^^^^^^^^^^
    ...<7 lines>...
    ),
    ^
  File "C:\Users\snrso\AppData\Local\Programs\Python\Python314\Lib\site-packages\telegram\_bot.py", line 704, in _post
    return await self._do_post(
           ^^^^^^^^^^^^^^^^^^^^
    ...<6 lines>...
    )
    ^
  File "C:\Users\snrso\AppData\Local\Programs\Python\Python314\Lib\site-packages\telegram\ext\_extbot.py", line 370, in _do_post
    return await super()._do_post(
           ^^^^^^^^^^^^^^^^^^^^^^^
    ...<6 lines>...
    )
    ^
  File "C:\Users\snrso\AppData\Local\Programs\Python\Python314\Lib\site-packages\telegram\_bot.py", line 733, in _do_post
    result = await request.post(
             ^^^^^^^^^^^^^^^^^^^
    ...<6 lines>...
    )
    ^
  File "C:\Users\snrso\AppData\Local\Programs\Python\Python314\Lib\site-packages\telegram\request\_baserequest.py", line 198, in post
    result = await self._request_wrapper(
             ^^^^^^^^^^^^^^^^^^^^^^^^^^^^
    ...<7 lines>...
    )
    ^
  File "C:\Users\snrso\AppData\Local\Programs\Python\Python314\Lib\site-packages\telegram\request\_baserequest.py", line 375, in _request_wrapper
    raise exception
telegram.error.Conflict: Conflict: terminated by other getUpdates request; make sure that only one bot instance is running
2026-06-05 00:53:32,340 - httpx - INFO - HTTP Request: POST https://api.telegram.org/bot8838756490:AAE1CAsIDfhrFN31LzqwCXZ-3Lu-3tXYN0Y/getUpdates "HTTP/1.1 409 Conflict"
2026-06-05 00:53:32,342 - telegram.ext.Application - ERROR - No error handlers are registered, logging exception.
Traceback (most recent call last):
  File "C:\Users\snrso\AppData\Local\Programs\Python\Python314\Lib\site-packages\telegram\ext\_utils\networkloop.py", line 161, in network_retry_loop
    await do_action()
  File "C:\Users\snrso\AppData\Local\Programs\Python\Python314\Lib\site-packages\telegram\ext\_utils\networkloop.py", line 154, in do_action
    action_cb_task.result()
    ~~~~~~~~~~~~~~~~~~~~~^^
  File "C:\Users\snrso\AppData\Local\Programs\Python\Python314\Lib\site-packages\telegram\ext\_updater.py", line 340, in polling_action_cb
    updates = await self.bot.get_updates(
              ^^^^^^^^^^^^^^^^^^^^^^^^^^^
    ...<3 lines>...
    )
    ^
  File "C:\Users\snrso\AppData\Local\Programs\Python\Python314\Lib\site-packages\telegram\ext\_extbot.py", line 672, in get_updates
    updates = await super().get_updates(
              ^^^^^^^^^^^^^^^^^^^^^^^^^^
    ...<9 lines>...
    )
    ^
  File "C:\Users\snrso\AppData\Local\Programs\Python\Python314\Lib\site-packages\telegram\_bot.py", line 4865, in get_updates
    await self._post(
    ^^^^^^^^^^^^^^^^^
    ...<7 lines>...
    ),
    ^
  File "C:\Users\snrso\AppData\Local\Programs\Python\Python314\Lib\site-packages\telegram\_bot.py", line 704, in _post
    return await self._do_post(
           ^^^^^^^^^^^^^^^^^^^^
    ...<6 lines>...
    )
    ^
  File "C:\Users\snrso\AppData\Local\Programs\Python\Python314\Lib\site-packages\telegram\ext\_extbot.py", line 370, in _do_post
    return await super()._do_post(
           ^^^^^^^^^^^^^^^^^^^^^^^
    ...<6 lines>...
    )
    ^
  File "C:\Users\snrso\AppData\Local\Programs\Python\Python314\Lib\site-packages\telegram\_bot.py", line 733, in _do_post
    result = await request.post(
             ^^^^^^^^^^^^^^^^^^^
    ...<6 lines>...
    )
    ^
  File "C:\Users\snrso\AppData\Local\Programs\Python\Python314\Lib\site-packages\telegram\request\_baserequest.py", line 198, in post
    result = await self._request_wrapper(
             ^^^^^^^^^^^^^^^^^^^^^^^^^^^^
    ...<7 lines>...
    )
    ^
  File "C:\Users\snrso\AppData\Local\Programs\Python\Python314\Lib\site-packages\telegram\request\_baserequest.py", line 375, in _request_wrapper
    raise exception
telegram.error.Conflict: Conflict: terminated by other getUpdates request; make sure that only one bot instance is running
2026-06-05 00:53:35,881 - httpx - INFO - HTTP Request: POST https://api.telegram.org/bot8838756490:AAE1CAsIDfhrFN31LzqwCXZ-3Lu-3tXYN0Y/getUpdates "HTTP/1.1 409 Conflict"
2026-06-05 00:53:35,882 - telegram.ext.Application - ERROR - No error handlers are registered, logging exception.
Traceback (most recent call last):
  File "C:\Users\snrso\AppData\Local\Programs\Python\Python314\Lib\site-packages\telegram\ext\_utils\networkloop.py", line 161, in network_retry_loop
    await do_action()
  File "C:\Users\snrso\AppData\Local\Programs\Python\Python314\Lib\site-packages\telegram\ext\_utils\networkloop.py", line 154, in do_action
    action_cb_task.result()
    ~~~~~~~~~~~~~~~~~~~~~^^
  File "C:\Users\snrso\AppData\Local\Programs\Python\Python314\Lib\site-packages\telegram\ext\_updater.py", line 340, in polling_action_cb
    updates = await self.bot.get_updates(
              ^^^^^^^^^^^^^^^^^^^^^^^^^^^
    ...<3 lines>...
    )
    ^
  File "C:\Users\snrso\AppData\Local\Programs\Python\Python314\Lib\site-packages\telegram\ext\_extbot.py", line 672, in get_updates
    updates = await super().get_updates(
              ^^^^^^^^^^^^^^^^^^^^^^^^^^
    ...<9 lines>...
    )
    ^
  File "C:\Users\snrso\AppData\Local\Programs\Python\Python314\Lib\site-packages\telegram\_bot.py", line 4865, in get_updates
    await self._post(
    ^^^^^^^^^^^^^^^^^
    ...<7 lines>...
    ),
    ^
  File "C:\Users\snrso\AppData\Local\Programs\Python\Python314\Lib\site-packages\telegram\_bot.py", line 704, in _post
    return await self._do_post(
           ^^^^^^^^^^^^^^^^^^^^
    ...<6 lines>...
    )
    ^
  File "C:\Users\snrso\AppData\Local\Programs\Python\Python314\Lib\site-packages\telegram\ext\_extbot.py", line 370, in _do_post
    return await super()._do_post(
           ^^^^^^^^^^^^^^^^^^^^^^^
    ...<6 lines>...
    )
    ^
  File "C:\Users\snrso\AppData\Local\Programs\Python\Python314\Lib\site-packages\telegram\_bot.py", line 733, in _do_post
    result = await request.post(
             ^^^^^^^^^^^^^^^^^^^
    ...<6 lines>...
    )
    ^
  File "C:\Users\snrso\AppData\Local\Programs\Python\Python314\Lib\site-packages\telegram\request\_baserequest.py", line 198, in post
    result = await self._request_wrapper(
             ^^^^^^^^^^^^^^^^^^^^^^^^^^^^
    ...<7 lines>...
    )
    ^
  File "C:\Users\snrso\AppData\Local\Programs\Python\Python314\Lib\site-packages\telegram\request\_baserequest.py", line 375, in _request_wrapper
    raise exception
telegram.error.Conflict: Conflict: terminated by other getUpdates request; make sure that only one bot instance is running
2026-06-05 00:53:39,452 - httpx - INFO - HTTP Request: POST https://api.telegram.org/bot8838756490:AAE1CAsIDfhrFN31LzqwCXZ-3Lu-3tXYN0Y/getUpdates "HTTP/1.1 409 Conflict"
2026-06-05 00:53:39,453 - telegram.ext.Application - ERROR - No error handlers are registered, logging exception.
Traceback (most recent call last):
  File "C:\Users\snrso\AppData\Local\Programs\Python\Python314\Lib\site-packages\telegram\ext\_utils\networkloop.py", line 161, in network_retry_loop
    await do_action()
  File "C:\Users\snrso\AppData\Local\Programs\Python\Python314\Lib\site-packages\telegram\ext\_utils\networkloop.py", line 154, in do_action
    action_cb_task.result()
    ~~~~~~~~~~~~~~~~~~~~~^^
  File "C:\Users\snrso\AppData\Local\Programs\Python\Python314\Lib\site-packages\telegram\ext\_updater.py", line 340, in polling_action_cb
    updates = await self.bot.get_updates(
              ^^^^^^^^^^^^^^^^^^^^^^^^^^^
    ...<3 lines>...
    )
    ^
  File "C:\Users\snrso\AppData\Local\Programs\Python\Python314\Lib\site-packages\telegram\ext\_extbot.py", line 672, in get_updates
    updates = await super().get_updates(
              ^^^^^^^^^^^^^^^^^^^^^^^^^^
    ...<9 lines>...
    )
    ^
  File "C:\Users\snrso\AppData\Local\Programs\Python\Python314\Lib\site-packages\telegram\_bot.py", line 4865, in get_updates
    await self._post(
    ^^^^^^^^^^^^^^^^^
    ...<7 lines>...
    ),
    ^
  File "C:\Users\snrso\AppData\Local\Programs\Python\Python314\Lib\site-packages\telegram\_bot.py", line 704, in _post
    return await self._do_post(
           ^^^^^^^^^^^^^^^^^^^^
    ...<6 lines>...
    )
    ^
  File "C:\Users\snrso\AppData\Local\Programs\Python\Python314\Lib\site-packages\telegram\ext\_extbot.py", line 370, in _do_post
    return await super()._do_post(
           ^^^^^^^^^^^^^^^^^^^^^^^
    ...<6 lines>...
    )
    ^
  File "C:\Users\snrso\AppData\Local\Programs\Python\Python314\Lib\site-packages\telegram\_bot.py", line 733, in _do_post
    result = await request.post(
             ^^^^^^^^^^^^^^^^^^^
    ...<6 lines>...
    )
    ^
  File "C:\Users\snrso\AppData\Local\Programs\Python\Python314\Lib\site-packages\telegram\request\_baserequest.py", line 198, in post
    result = await self._request_wrapper(
             ^^^^^^^^^^^^^^^^^^^^^^^^^^^^
    ...<7 lines>...
    )
    ^
  File "C:\Users\snrso\AppData\Local\Programs\Python\Python314\Lib\site-packages\telegram\request\_baserequest.py", line 375, in _request_wrapper
    raise exception
telegram.error.Conflict: Conflict: terminated by other getUpdates request; make sure that only one bot instance is running
2026-06-05 00:53:45,088 - httpx - INFO - HTTP Request: POST https://api.telegram.org/bot8838756490:AAE1CAsIDfhrFN31LzqwCXZ-3Lu-3tXYN0Y/getUpdates "HTTP/1.1 409 Conflict"
2026-06-05 00:53:45,113 - telegram.ext.Application - ERROR - No error handlers are registered, logging exception.
Traceback (most recent call last):
  File "C:\Users\snrso\AppData\Local\Programs\Python\Python314\Lib\site-packages\telegram\ext\_utils\networkloop.py", line 161, in network_retry_loop
    await do_action()
  File "C:\Users\snrso\AppData\Local\Programs\Python\Python314\Lib\site-packages\telegram\ext\_utils\networkloop.py", line 154, in do_action
    action_cb_task.result()
    ~~~~~~~~~~~~~~~~~~~~~^^
  File "C:\Users\snrso\AppData\Local\Programs\Python\Python314\Lib\site-packages\telegram\ext\_updater.py", line 340, in polling_action_cb
    updates = await self.bot.get_updates(
              ^^^^^^^^^^^^^^^^^^^^^^^^^^^
    ...<3 lines>...
    )
    ^
  File "C:\Users\snrso\AppData\Local\Programs\Python\Python314\Lib\site-packages\telegram\ext\_extbot.py", line 672, in get_updates
    updates = await super().get_updates(
              ^^^^^^^^^^^^^^^^^^^^^^^^^^
    ...<9 lines>...
    )
    ^
  File "C:\Users\snrso\AppData\Local\Programs\Python\Python314\Lib\site-packages\telegram\_bot.py", line 4865, in get_updates
    await self._post(
    ^^^^^^^^^^^^^^^^^
    ...<7 lines>...
    ),
    ^
  File "C:\Users\snrso\AppData\Local\Programs\Python\Python314\Lib\site-packages\telegram\_bot.py", line 704, in _post
    return await self._do_post(
           ^^^^^^^^^^^^^^^^^^^^
    ...<6 lines>...
    )
    ^
  File "C:\Users\snrso\AppData\Local\Programs\Python\Python314\Lib\site-packages\telegram\ext\_extbot.py", line 370, in _do_post
    return await super()._do_post(
           ^^^^^^^^^^^^^^^^^^^^^^^
    ...<6 lines>...
    )
    ^
  File "C:\Users\snrso\AppData\Local\Programs\Python\Python314\Lib\site-packages\telegram\_bot.py", line 733, in _do_post
    result = await request.post(
             ^^^^^^^^^^^^^^^^^^^
    ...<6 lines>...
    )
    ^
  File "C:\Users\snrso\AppData\Local\Programs\Python\Python314\Lib\site-packages\telegram\request\_baserequest.py", line 198, in post
    result = await self._request_wrapper(
             ^^^^^^^^^^^^^^^^^^^^^^^^^^^^
    ...<7 lines>...
    )
    ^
  File "C:\Users\snrso\AppData\Local\Programs\Python\Python314\Lib\site-packages\telegram\request\_baserequest.py", line 375, in _request_wrapper
    raise exception
telegram.error.Conflict: Conflict: terminated by other getUpdates request; make sure that only one bot instance is running
2026-06-05 00:53:50,742 - httpx - INFO - HTTP Request: POST https://api.telegram.org/bot8838756490:AAE1CAsIDfhrFN31LzqwCXZ-3Lu-3tXYN0Y/getUpdates "HTTP/1.1 409 Conflict"
2026-06-05 00:53:50,744 - telegram.ext.Application - ERROR - No error handlers are registered, logging exception.
Traceback (most recent call last):
  File "C:\Users\snrso\AppData\Local\Programs\Python\Python314\Lib\site-packages\telegram\ext\_utils\networkloop.py", line 161, in network_retry_loop
    await do_action()
  File "C:\Users\snrso\AppData\Local\Programs\Python\Python314\Lib\site-packages\telegram\ext\_utils\networkloop.py", line 154, in do_action
    action_cb_task.result()
    ~~~~~~~~~~~~~~~~~~~~~^^
  File "C:\Users\snrso\AppData\Local\Programs\Python\Python314\Lib\site-packages\telegram\ext\_updater.py", line 340, in polling_action_cb
    updates = await self.bot.get_updates(
              ^^^^^^^^^^^^^^^^^^^^^^^^^^^
    ...<3 lines>...
    )
    ^
  File "C:\Users\snrso\AppData\Local\Programs\Python\Python314\Lib\site-packages\telegram\ext\_extbot.py", line 672, in get_updates
    updates = await super().get_updates(
              ^^^^^^^^^^^^^^^^^^^^^^^^^^
    ...<9 lines>...
    )
    ^
  File "C:\Users\snrso\AppData\Local\Programs\Python\Python314\Lib\site-packages\telegram\_bot.py", line 4865, in get_updates
    await self._post(
    ^^^^^^^^^^^^^^^^^
    ...<7 lines>...
    ),
    ^
  File "C:\Users\snrso\AppData\Local\Programs\Python\Python314\Lib\site-packages\telegram\_bot.py", line 704, in _post
    return await self._do_post(
           ^^^^^^^^^^^^^^^^^^^^
    ...<6 lines>...
    )
    ^
  File "C:\Users\snrso\AppData\Local\Programs\Python\Python314\Lib\site-packages\telegram\ext\_extbot.py", line 370, in _do_post
    return await super()._do_post(
           ^^^^^^^^^^^^^^^^^^^^^^^
    ...<6 lines>...
    )
    ^
  File "C:\Users\snrso\AppData\Local\Programs\Python\Python314\Lib\site-packages\telegram\_bot.py", line 733, in _do_post
    result = await request.post(
             ^^^^^^^^^^^^^^^^^^^
    ...<6 lines>...
    )
    ^
  File "C:\Users\snrso\AppData\Local\Programs\Python\Python314\Lib\site-packages\telegram\request\_baserequest.py", line 198, in post
    result = await self._request_wrapper(
             ^^^^^^^^^^^^^^^^^^^^^^^^^^^^
    ...<7 lines>...
    )
    ^
  File "C:\Users\snrso\AppData\Local\Programs\Python\Python314\Lib\site-packages\telegram\request\_baserequest.py", line 375, in _request_wrapper
    raise exception
telegram.error.Conflict: Conflict: terminated by other getUpdates request; make sure that only one bot instance is running
2026-06-05 00:53:58,832 - httpx - INFO - HTTP Request: POST https://api.telegram.org/bot8838756490:AAE1CAsIDfhrFN31LzqwCXZ-3Lu-3tXYN0Y/getUpdates "HTTP/1.1 409 Conflict"
2026-06-05 00:53:58,834 - telegram.ext.Application - ERROR - No error handlers are registered, logging exception.
Traceback (most recent call last):
  File "C:\Users\snrso\AppData\Local\Programs\Python\Python314\Lib\site-packages\telegram\ext\_utils\networkloop.py", line 161, in network_retry_loop
    await do_action()
  File "C:\Users\snrso\AppData\Local\Programs\Python\Python314\Lib\site-packages\telegram\ext\_utils\networkloop.py", line 154, in do_action
    action_cb_task.result()
    ~~~~~~~~~~~~~~~~~~~~~^^
  File "C:\Users\snrso\AppData\Local\Programs\Python\Python314\Lib\site-packages\telegram\ext\_updater.py", line 340, in polling_action_cb
    updates = await self.bot.get_updates(
              ^^^^^^^^^^^^^^^^^^^^^^^^^^^
    ...<3 lines>...
    )
    ^
  File "C:\Users\snrso\AppData\Local\Programs\Python\Python314\Lib\site-packages\telegram\ext\_extbot.py", line 672, in get_updates
    updates = await super().get_updates(
              ^^^^^^^^^^^^^^^^^^^^^^^^^^
    ...<9 lines>...
    )
    ^
  File "C:\Users\snrso\AppData\Local\Programs\Python\Python314\Lib\site-packages\telegram\_bot.py", line 4865, in get_updates
    await self._post(
    ^^^^^^^^^^^^^^^^^
    ...<7 lines>...
    ),
    ^
  File "C:\Users\snrso\AppData\Local\Programs\Python\Python314\Lib\site-packages\telegram\_bot.py", line 704, in _post
    return await self._do_post(
           ^^^^^^^^^^^^^^^^^^^^
    ...<6 lines>...
    )
    ^
  File "C:\Users\snrso\AppData\Local\Programs\Python\Python314\Lib\site-packages\telegram\ext\_extbot.py", line 370, in _do_post
    return await super()._do_post(
           ^^^^^^^^^^^^^^^^^^^^^^^
    ...<6 lines>...
    )
    ^
  File "C:\Users\snrso\AppData\Local\Programs\Python\Python314\Lib\site-packages\telegram\_bot.py", line 733, in _do_post
    result = await request.post(
             ^^^^^^^^^^^^^^^^^^^
    ...<6 lines>...
    )
    ^
  File "C:\Users\snrso\AppData\Local\Programs\Python\Python314\Lib\site-packages\telegram\request\_baserequest.py", line 198, in post
    result = await self._request_wrapper(
             ^^^^^^^^^^^^^^^^^^^^^^^^^^^^
    ...<7 lines>...
    )
    ^
  File "C:\Users\snrso\AppData\Local\Programs\Python\Python314\Lib\site-packages\telegram\request\_baserequest.py", line 375, in _request_wrapper
    raise exception
telegram.error.Conflict: Conflict: terminated by other getUpdates request; make sure that only one bot instance is running
2026-06-05 00:54:06,993 - httpx - INFO - HTTP Request: POST https://api.telegram.org/bot8838756490:AAE1CAsIDfhrFN31LzqwCXZ-3Lu-3tXYN0Y/getUpdates "HTTP/1.1 409 Conflict"
2026-06-05 00:54:06,994 - telegram.ext.Application - ERROR - No error handlers are registered, logging exception.
Traceback (most recent call last):
  File "C:\Users\snrso\AppData\Local\Programs\Python\Python314\Lib\site-packages\telegram\ext\_utils\networkloop.py", line 161, in network_retry_loop
    await do_action()
  File "C:\Users\snrso\AppData\Local\Programs\Python\Python314\Lib\site-packages\telegram\ext\_utils\networkloop.py", line 154, in do_action
    action_cb_task.result()
    ~~~~~~~~~~~~~~~~~~~~~^^
  File "C:\Users\snrso\AppData\Local\Programs\Python\Python314\Lib\site-packages\telegram\ext\_updater.py", line 340, in polling_action_cb
    updates = await self.bot.get_updates(
              ^^^^^^^^^^^^^^^^^^^^^^^^^^^
    ...<3 lines>...
    )
    ^
  File "C:\Users\snrso\AppData\Local\Programs\Python\Python314\Lib\site-packages\telegram\ext\_extbot.py", line 672, in get_updates
    updates = await super().get_updates(
              ^^^^^^^^^^^^^^^^^^^^^^^^^^
    ...<9 lines>...
    )
    ^
  File "C:\Users\snrso\AppData\Local\Programs\Python\Python314\Lib\site-packages\telegram\_bot.py", line 4865, in get_updates
    await self._post(
    ^^^^^^^^^^^^^^^^^
    ...<7 lines>...
    ),
    ^
  File "C:\Users\snrso\AppData\Local\Programs\Python\Python314\Lib\site-packages\telegram\_bot.py", line 704, in _post
    return await self._do_post(
           ^^^^^^^^^^^^^^^^^^^^
    ...<6 lines>...
    )
    ^
  File "C:\Users\snrso\AppData\Local\Programs\Python\Python314\Lib\site-packages\telegram\ext\_extbot.py", line 370, in _do_post
    return await super()._do_post(
           ^^^^^^^^^^^^^^^^^^^^^^^
    ...<6 lines>...
    )
    ^
  File "C:\Users\snrso\AppData\Local\Programs\Python\Python314\Lib\site-packages\telegram\_bot.py", line 733, in _do_post
    result = await request.post(
             ^^^^^^^^^^^^^^^^^^^
    ...<6 lines>...
    )
    ^
  File "C:\Users\snrso\AppData\Local\Programs\Python\Python314\Lib\site-packages\telegram\request\_baserequest.py", line 198, in post
    result = await self._request_wrapper(
             ^^^^^^^^^^^^^^^^^^^^^^^^^^^^
    ...<7 lines>...
    )
    ^
  File "C:\Users\snrso\AppData\Local\Programs\Python\Python314\Lib\site-packages\telegram\request\_baserequest.py", line 375, in _request_wrapper
    raise exception
telegram.error.Conflict: Conflict: terminated by other getUpdates request; make sure that only one bot instance is running
2026-06-05 00:54:16,993 - httpx - INFO - HTTP Request: POST https://api.telegram.org/bot8838756490:AAE1CAsIDfhrFN31LzqwCXZ-3Lu-3tXYN0Y/getUpdates "HTTP/1.1 200 OK"
2026-06-05 00:56:01,282 - __main__ - INFO - Database initialized successfully
2026-06-05 00:56:02,812 - httpx - INFO - HTTP Request: POST https://api.telegram.org/bot8838756490:AAE1CAsIDfhrFN31LzqwCXZ-3Lu-3tXYN0Y/getMe "HTTP/1.1 200 OK"
2026-06-05 00:56:02,976 - httpx - INFO - HTTP Request: POST https://api.telegram.org/bot8838756490:AAE1CAsIDfhrFN31LzqwCXZ-3Lu-3tXYN0Y/deleteWebhook "HTTP/1.1 200 OK"
2026-06-05 00:56:02,979 - telegram.ext.Application - INFO - Application started
2026-06-05 00:56:13,465 - httpx - INFO - HTTP Request: POST https://api.telegram.org/bot8838756490:AAE1CAsIDfhrFN31LzqwCXZ-3Lu-3tXYN0Y/getUpdates "HTTP/1.1 200 OK"
2026-06-05 00:56:23,643 - httpx - INFO - HTTP Request: POST https://api.telegram.org/bot8838756490:AAE1CAsIDfhrFN31LzqwCXZ-3Lu-3tXYN0Y/getUpdates "HTTP/1.1 200 OK"
2026-06-05 00:56:33,825 - httpx - INFO - HTTP Request: POST https://api.telegram.org/bot8838756490:AAE1CAsIDfhrFN31LzqwCXZ-3Lu-3tXYN0Y/getUpdates "HTTP/1.1 200 OK"
2026-06-05 00:56:43,983 - httpx - INFO - HTTP Request: POST https://api.telegram.org/bot8838756490:AAE1CAsIDfhrFN31LzqwCXZ-3Lu-3tXYN0Y/getUpdates "HTTP/1.1 200 OK"
2026-06-05 00:56:54,150 - httpx - INFO - HTTP Request: POST https://api.telegram.org/bot8838756490:AAE1CAsIDfhrFN31LzqwCXZ-3Lu-3tXYN0Y/getUpdates "HTTP/1.1 200 OK"
2026-06-05 00:57:04,313 - httpx - INFO - HTTP Request: POST https://api.telegram.org/bot8838756490:AAE1CAsIDfhrFN31LzqwCXZ-3Lu-3tXYN0Y/getUpdates "HTTP/1.1 200 OK"
2026-06-05 00:57:14,482 - httpx - INFO - HTTP Request: POST https://api.telegram.org/bot8838756490:AAE1CAsIDfhrFN31LzqwCXZ-3Lu-3tXYN0Y/getUpdates "HTTP/1.1 200 OK"
2026-06-05 00:57:24,653 - httpx - INFO - HTTP Request: POST https://api.telegram.org/bot8838756490:AAE1CAsIDfhrFN31LzqwCXZ-3Lu-3tXYN0Y/getUpdates "HTTP/1.1 200 OK"
2026-06-05 00:57:34,814 - httpx - INFO - HTTP Request: POST https://api.telegram.org/bot8838756490:AAE1CAsIDfhrFN31LzqwCXZ-3Lu-3tXYN0Y/getUpdates "HTTP/1.1 200 OK"
2026-06-05 00:57:44,987 - httpx - INFO - HTTP Request: POST https://api.telegram.org/bot8838756490:AAE1CAsIDfhrFN31LzqwCXZ-3Lu-3tXYN0Y/getUpdates "HTTP/1.1 200 OK"
2026-06-05 00:57:55,156 - httpx - INFO - HTTP Request: POST https://api.telegram.org/bot8838756490:AAE1CAsIDfhrFN31LzqwCXZ-3Lu-3tXYN0Y/getUpdates "HTTP/1.1 200 OK"
2026-06-05 00:58:05,319 - httpx - INFO - HTTP Request: POST https://api.telegram.org/bot8838756490:AAE1CAsIDfhrFN31LzqwCXZ-3Lu-3tXYN0Y/getUpdates "HTTP/1.1 200 OK"
2026-06-05 00:58:15,497 - httpx - INFO - HTTP Request: POST https://api.telegram.org/bot8838756490:AAE1CAsIDfhrFN31LzqwCXZ-3Lu-3tXYN0Y/getUpdates "HTTP/1.1 200 OK"
2026-06-05 00:58:25,670 - httpx - INFO - HTTP Request: POST https://api.telegram.org/bot8838756490:AAE1CAsIDfhrFN31LzqwCXZ-3Lu-3tXYN0Y/getUpdates "HTTP/1.1 200 OK"
2026-06-05 00:58:35,835 - httpx - INFO - HTTP Request: POST https://api.telegram.org/bot8838756490:AAE1CAsIDfhrFN31LzqwCXZ-3Lu-3tXYN0Y/getUpdates "HTTP/1.1 200 OK"
2026-06-05 00:58:45,992 - httpx - INFO - HTTP Request: POST https://api.telegram.org/bot8838756490:AAE1CAsIDfhrFN31LzqwCXZ-3Lu-3tXYN0Y/getUpdates "HTTP/1.1 200 OK"
2026-06-05 00:58:56,154 - httpx - INFO - HTTP Request: POST https://api.telegram.org/bot8838756490:AAE1CAsIDfhrFN31LzqwCXZ-3Lu-3tXYN0Y/getUpdates "HTTP/1.1 200 OK"
2026-06-05 00:59:06,319 - httpx - INFO - HTTP Request: POST https://api.telegram.org/bot8838756490:AAE1CAsIDfhrFN31LzqwCXZ-3Lu-3tXYN0Y/getUpdates "HTTP/1.1 200 OK"
2026-06-05 00:59:16,478 - httpx - INFO - HTTP Request: POST https://api.telegram.org/bot8838756490:AAE1CAsIDfhrFN31LzqwCXZ-3Lu-3tXYN0Y/getUpdates "HTTP/1.1 200 OK"
2026-06-05 00:59:26,646 - httpx - INFO - HTTP Request: POST https://api.telegram.org/bot8838756490:AAE1CAsIDfhrFN31LzqwCXZ-3Lu-3tXYN0Y/getUpdates "HTTP/1.1 200 OK"
2026-06-05 00:59:36,811 - httpx - INFO - HTTP Request: POST https://api.telegram.org/bot8838756490:AAE1CAsIDfhrFN31LzqwCXZ-3Lu-3tXYN0Y/getUpdates "HTTP/1.1 200 OK"
2026-06-05 00:59:46,972 - httpx - INFO - HTTP Request: POST https://api.telegram.org/bot8838756490:AAE1CAsIDfhrFN31LzqwCXZ-3Lu-3tXYN0Y/getUpdates "HTTP/1.1 200 OK"
2026-06-05 00:59:57,133 - httpx - INFO - HTTP Request: POST https://api.telegram.org/bot8838756490:AAE1CAsIDfhrFN31LzqwCXZ-3Lu-3tXYN0Y/getUpdates "HTTP/1.1 200 OK"
2026-06-05 01:00:07,299 - httpx - INFO - HTTP Request: POST https://api.telegram.org/bot8838756490:AAE1CAsIDfhrFN31LzqwCXZ-3Lu-3tXYN0Y/getUpdates "HTTP/1.1 200 OK"
2026-06-05 01:00:17,457 - httpx - INFO - HTTP Request: POST https://api.telegram.org/bot8838756490:AAE1CAsIDfhrFN31LzqwCXZ-3Lu-3tXYN0Y/getUpdates "HTTP/1.1 200 OK"
2026-06-05 01:00:27,619 - httpx - INFO - HTTP Request: POST https://api.telegram.org/bot8838756490:AAE1CAsIDfhrFN31LzqwCXZ-3Lu-3tXYN0Y/getUpdates "HTTP/1.1 200 OK"
2026-06-05 01:00:37,782 - httpx - INFO - HTTP Request: POST https://api.telegram.org/bot8838756490:AAE1CAsIDfhrFN31LzqwCXZ-3Lu-3tXYN0Y/getUpdates "HTTP/1.1 200 OK"
2026-06-05 01:00:47,948 - httpx - INFO - HTTP Request: POST https://api.telegram.org/bot8838756490:AAE1CAsIDfhrFN31LzqwCXZ-3Lu-3tXYN0Y/getUpdates "HTTP/1.1 200 OK"
2026-06-05 01:00:58,111 - httpx - INFO - HTTP Request: POST https://api.telegram.org/bot8838756490:AAE1CAsIDfhrFN31LzqwCXZ-3Lu-3tXYN0Y/getUpdates "HTTP/1.1 200 OK"
2026-06-05 01:01:08,271 - httpx - INFO - HTTP Request: POST https://api.telegram.org/bot8838756490:AAE1CAsIDfhrFN31LzqwCXZ-3Lu-3tXYN0Y/getUpdates "HTTP/1.1 200 OK"
2026-06-05 01:01:18,438 - httpx - INFO - HTTP Request: POST https://api.telegram.org/bot8838756490:AAE1CAsIDfhrFN31LzqwCXZ-3Lu-3tXYN0Y/getUpdates "HTTP/1.1 200 OK"
2026-06-05 01:01:28,604 - httpx - INFO - HTTP Request: POST https://api.telegram.org/bot8838756490:AAE1CAsIDfhrFN31LzqwCXZ-3Lu-3tXYN0Y/getUpdates "HTTP/1.1 200 OK"
2026-06-05 01:01:38,768 - httpx - INFO - HTTP Request: POST https://api.telegram.org/bot8838756490:AAE1CAsIDfhrFN31LzqwCXZ-3Lu-3tXYN0Y/getUpdates "HTTP/1.1 200 OK"
2026-06-05 01:01:48,946 - httpx - INFO - HTTP Request: POST https://api.telegram.org/bot8838756490:AAE1CAsIDfhrFN31LzqwCXZ-3Lu-3tXYN0Y/getUpdates "HTTP/1.1 200 OK"
2026-06-05 01:01:59,120 - httpx - INFO - HTTP Request: POST https://api.telegram.org/bot8838756490:AAE1CAsIDfhrFN31LzqwCXZ-3Lu-3tXYN0Y/getUpdates "HTTP/1.1 200 OK"
2026-06-05 01:02:09,282 - httpx - INFO - HTTP Request: POST https://api.telegram.org/bot8838756490:AAE1CAsIDfhrFN31LzqwCXZ-3Lu-3tXYN0Y/getUpdates "HTTP/1.1 200 OK"
2026-06-05 01:02:19,453 - httpx - INFO - HTTP Request: POST https://api.telegram.org/bot8838756490:AAE1CAsIDfhrFN31LzqwCXZ-3Lu-3tXYN0Y/getUpdates "HTTP/1.1 200 OK"
2026-06-05 01:02:29,619 - httpx - INFO - HTTP Request: POST https://api.telegram.org/bot8838756490:AAE1CAsIDfhrFN31LzqwCXZ-3Lu-3tXYN0Y/getUpdates "HTTP/1.1 200 OK"
2026-06-05 01:02:39,799 - httpx - INFO - HTTP Request: POST https://api.telegram.org/bot8838756490:AAE1CAsIDfhrFN31LzqwCXZ-3Lu-3tXYN0Y/getUpdates "HTTP/1.1 200 OK"
2026-06-05 01:02:49,962 - httpx - INFO - HTTP Request: POST https://api.telegram.org/bot8838756490:AAE1CAsIDfhrFN31LzqwCXZ-3Lu-3tXYN0Y/getUpdates "HTTP/1.1 200 OK"
2026-06-05 01:03:00,126 - httpx - INFO - HTTP Request: POST https://api.telegram.org/bot8838756490:AAE1CAsIDfhrFN31LzqwCXZ-3Lu-3tXYN0Y/getUpdates "HTTP/1.1 200 OK"
2026-06-05 01:03:10,288 - httpx - INFO - HTTP Request: POST https://api.telegram.org/bot8838756490:AAE1CAsIDfhrFN31LzqwCXZ-3Lu-3tXYN0Y/getUpdates "HTTP/1.1 200 OK"
2026-06-05 01:03:20,447 - httpx - INFO - HTTP Request: POST https://api.telegram.org/bot8838756490:AAE1CAsIDfhrFN31LzqwCXZ-3Lu-3tXYN0Y/getUpdates "HTTP/1.1 200 OK"
2026-06-05 01:03:30,610 - httpx - INFO - HTTP Request: POST https://api.telegram.org/bot8838756490:AAE1CAsIDfhrFN31LzqwCXZ-3Lu-3tXYN0Y/getUpdates "HTTP/1.1 200 OK"
2026-06-05 01:03:40,772 - httpx - INFO - HTTP Request: POST https://api.telegram.org/bot8838756490:AAE1CAsIDfhrFN31LzqwCXZ-3Lu-3tXYN0Y/getUpdates "HTTP/1.1 200 OK"
2026-06-05 01:03:50,935 - httpx - INFO - HTTP Request: POST https://api.telegram.org/bot8838756490:AAE1CAsIDfhrFN31LzqwCXZ-3Lu-3tXYN0Y/getUpdates "HTTP/1.1 200 OK"
2026-06-05 01:04:01,108 - httpx - INFO - HTTP Request: POST https://api.telegram.org/bot8838756490:AAE1CAsIDfhrFN31LzqwCXZ-3Lu-3tXYN0Y/getUpdates "HTTP/1.1 200 OK"
2026-06-05 01:04:11,273 - httpx - INFO - HTTP Request: POST https://api.telegram.org/bot8838756490:AAE1CAsIDfhrFN31LzqwCXZ-3Lu-3tXYN0Y/getUpdates "HTTP/1.1 200 OK"
2026-06-05 01:04:21,438 - httpx - INFO - HTTP Request: POST https://api.telegram.org/bot8838756490:AAE1CAsIDfhrFN31LzqwCXZ-3Lu-3tXYN0Y/getUpdates "HTTP/1.1 200 OK"
2026-06-05 01:04:31,616 - httpx - INFO - HTTP Request: POST https://api.telegram.org/bot8838756490:AAE1CAsIDfhrFN31LzqwCXZ-3Lu-3tXYN0Y/getUpdates "HTTP/1.1 200 OK"
2026-06-05 01:04:41,796 - httpx - INFO - HTTP Request: POST https://api.telegram.org/bot8838756490:AAE1CAsIDfhrFN31LzqwCXZ-3Lu-3tXYN0Y/getUpdates "HTTP/1.1 200 OK"
2026-06-05 01:04:51,959 - httpx - INFO - HTTP Request: POST https://api.telegram.org/bot8838756490:AAE1CAsIDfhrFN31LzqwCXZ-3Lu-3tXYN0Y/getUpdates "HTTP/1.1 200 OK"
2026-06-05 01:05:02,122 - httpx - INFO - HTTP Request: POST https://api.telegram.org/bot8838756490:AAE1CAsIDfhrFN31LzqwCXZ-3Lu-3tXYN0Y/getUpdates "HTTP/1.1 200 OK"
2026-06-05 01:05:12,284 - httpx - INFO - HTTP Request: POST https://api.telegram.org/bot8838756490:AAE1CAsIDfhrFN31LzqwCXZ-3Lu-3tXYN0Y/getUpdates "HTTP/1.1 200 OK"
2026-06-05 01:05:22,448 - httpx - INFO - HTTP Request: POST https://api.telegram.org/bot8838756490:AAE1CAsIDfhrFN31LzqwCXZ-3Lu-3tXYN0Y/getUpdates "HTTP/1.1 200 OK"
2026-06-05 01:05:32,612 - httpx - INFO - HTTP Request: POST https://api.telegram.org/bot8838756490:AAE1CAsIDfhrFN31LzqwCXZ-3Lu-3tXYN0Y/getUpdates "HTTP/1.1 200 OK"
2026-06-05 01:05:42,781 - httpx - INFO - HTTP Request: POST https://api.telegram.org/bot8838756490:AAE1CAsIDfhrFN31LzqwCXZ-3Lu-3tXYN0Y/getUpdates "HTTP/1.1 200 OK"
2026-06-05 01:05:52,951 - httpx - INFO - HTTP Request: POST https://api.telegram.org/bot8838756490:AAE1CAsIDfhrFN31LzqwCXZ-3Lu-3tXYN0Y/getUpdates "HTTP/1.1 200 OK"
2026-06-05 01:06:03,118 - httpx - INFO - HTTP Request: POST https://api.telegram.org/bot8838756490:AAE1CAsIDfhrFN31LzqwCXZ-3Lu-3tXYN0Y/getUpdates "HTTP/1.1 200 OK"
2026-06-05 01:06:13,280 - httpx - INFO - HTTP Request: POST https://api.telegram.org/bot8838756490:AAE1CAsIDfhrFN31LzqwCXZ-3Lu-3tXYN0Y/getUpdates "HTTP/1.1 200 OK"
2026-06-05 01:06:23,442 - httpx - INFO - HTTP Request: POST https://api.telegram.org/bot8838756490:AAE1CAsIDfhrFN31LzqwCXZ-3Lu-3tXYN0Y/getUpdates "HTTP/1.1 200 OK"
2026-06-05 01:06:33,605 - httpx - INFO - HTTP Request: POST https://api.telegram.org/bot8838756490:AAE1CAsIDfhrFN31LzqwCXZ-3Lu-3tXYN0Y/getUpdates "HTTP/1.1 200 OK"
2026-06-05 01:06:43,772 - httpx - INFO - HTTP Request: POST https://api.telegram.org/bot8838756490:AAE1CAsIDfhrFN31LzqwCXZ-3Lu-3tXYN0Y/getUpdates "HTTP/1.1 200 OK"
2026-06-05 01:06:53,941 - httpx - INFO - HTTP Request: POST https://api.telegram.org/bot8838756490:AAE1CAsIDfhrFN31LzqwCXZ-3Lu-3tXYN0Y/getUpdates "HTTP/1.1 200 OK"
2026-06-05 01:07:04,110 - httpx - INFO - HTTP Request: POST https://api.telegram.org/bot8838756490:AAE1CAsIDfhrFN31LzqwCXZ-3Lu-3tXYN0Y/getUpdates "HTTP/1.1 200 OK"
2026-06-05 01:07:14,285 - httpx - INFO - HTTP Request: POST https://api.telegram.org/bot8838756490:AAE1CAsIDfhrFN31LzqwCXZ-3Lu-3tXYN0Y/getUpdates "HTTP/1.1 200 OK"
2026-06-05 01:07:24,443 - httpx - INFO - HTTP Request: POST https://api.telegram.org/bot8838756490:AAE1CAsIDfhrFN31LzqwCXZ-3Lu-3tXYN0Y/getUpdates "HTTP/1.1 200 OK"
2026-06-05 01:07:34,652 - httpx - INFO - HTTP Request: POST https://api.telegram.org/bot8838756490:AAE1CAsIDfhrFN31LzqwCXZ-3Lu-3tXYN0Y/getUpdates "HTTP/1.1 200 OK"
2026-06-05 01:07:44,835 - httpx - INFO - HTTP Request: POST https://api.telegram.org/bot8838756490:AAE1CAsIDfhrFN31LzqwCXZ-3Lu-3tXYN0Y/getUpdates "HTTP/1.1 200 OK"
2026-06-05 01:07:55,001 - httpx - INFO - HTTP Request: POST https://api.telegram.org/bot8838756490:AAE1CAsIDfhrFN31LzqwCXZ-3Lu-3tXYN0Y/getUpdates "HTTP/1.1 200 OK"
2026-06-05 01:08:05,169 - httpx - INFO - HTTP Request: POST https://api.telegram.org/bot8838756490:AAE1CAsIDfhrFN31LzqwCXZ-3Lu-3tXYN0Y/getUpdates "HTTP/1.1 200 OK"
2026-06-05 01:08:15,331 - httpx - INFO - HTTP Request: POST https://api.telegram.org/bot8838756490:AAE1CAsIDfhrFN31LzqwCXZ-3Lu-3tXYN0Y/getUpdates "HTTP/1.1 200 OK"
2026-06-05 01:08:25,529 - httpx - INFO - HTTP Request: POST https://api.telegram.org/bot8838756490:AAE1CAsIDfhrFN31LzqwCXZ-3Lu-3tXYN0Y/getUpdates "HTTP/1.1 200 OK"
2026-06-05 01:08:35,693 - httpx - INFO - HTTP Request: POST https://api.telegram.org/bot8838756490:AAE1CAsIDfhrFN31LzqwCXZ-3Lu-3tXYN0Y/getUpdates "HTTP/1.1 200 OK"
2026-06-05 01:08:45,852 - httpx - INFO - HTTP Request: POST https://api.telegram.org/bot8838756490:AAE1CAsIDfhrFN31LzqwCXZ-3Lu-3tXYN0Y/getUpdates "HTTP/1.1 200 OK"
2026-06-05 01:08:56,012 - httpx - INFO - HTTP Request: POST https://api.telegram.org/bot8838756490:AAE1CAsIDfhrFN31LzqwCXZ-3Lu-3tXYN0Y/getUpdates "HTTP/1.1 200 OK"
2026-06-05 01:09:06,181 - httpx - INFO - HTTP Request: POST https://api.telegram.org/bot8838756490:AAE1CAsIDfhrFN31LzqwCXZ-3Lu-3tXYN0Y/getUpdates "HTTP/1.1 200 OK"
2026-06-05 01:09:16,347 - httpx - INFO - HTTP Request: POST https://api.telegram.org/bot8838756490:AAE1CAsIDfhrFN31LzqwCXZ-3Lu-3tXYN0Y/getUpdates "HTTP/1.1 200 OK"
2026-06-05 01:09:26,514 - httpx - INFO - HTTP Request: POST https://api.telegram.org/bot8838756490:AAE1CAsIDfhrFN31LzqwCXZ-3Lu-3tXYN0Y/getUpdates "HTTP/1.1 200 OK"
2026-06-05 01:09:36,679 - httpx - INFO - HTTP Request: POST https://api.telegram.org/bot8838756490:AAE1CAsIDfhrFN31LzqwCXZ-3Lu-3tXYN0Y/getUpdates "HTTP/1.1 200 OK"
2026-06-05 01:09:46,847 - httpx - INFO - HTTP Request: POST https://api.telegram.org/bot8838756490:AAE1CAsIDfhrFN31LzqwCXZ-3Lu-3tXYN0Y/getUpdates "HTTP/1.1 200 OK"
2026-06-05 01:09:57,063 - httpx - INFO - HTTP Request: POST https://api.telegram.org/bot8838756490:AAE1CAsIDfhrFN31LzqwCXZ-3Lu-3tXYN0Y/getUpdates "HTTP/1.1 200 OK"
2026-06-05 01:10:07,243 - httpx - INFO - HTTP Request: POST https://api.telegram.org/bot8838756490:AAE1CAsIDfhrFN31LzqwCXZ-3Lu-3tXYN0Y/getUpdates "HTTP/1.1 200 OK"
2026-06-05 01:10:17,414 - httpx - INFO - HTTP Request: POST https://api.telegram.org/bot8838756490:AAE1CAsIDfhrFN31LzqwCXZ-3Lu-3tXYN0Y/getUpdates "HTTP/1.1 200 OK"
2026-06-05 01:10:27,573 - httpx - INFO - HTTP Request: POST https://api.telegram.org/bot8838756490:AAE1CAsIDfhrFN31LzqwCXZ-3Lu-3tXYN0Y/getUpdates "HTTP/1.1 200 OK"
2026-06-05 01:10:37,734 - httpx - INFO - HTTP Request: POST https://api.telegram.org/bot8838756490:AAE1CAsIDfhrFN31LzqwCXZ-3Lu-3tXYN0Y/getUpdates "HTTP/1.1 200 OK"
2026-06-05 01:10:47,904 - httpx - INFO - HTTP Request: POST https://api.telegram.org/bot8838756490:AAE1CAsIDfhrFN31LzqwCXZ-3Lu-3tXYN0Y/getUpdates "HTTP/1.1 200 OK"
2026-06-05 01:10:58,075 - httpx - INFO - HTTP Request: POST https://api.telegram.org/bot8838756490:AAE1CAsIDfhrFN31LzqwCXZ-3Lu-3tXYN0Y/getUpdates "HTTP/1.1 200 OK"
2026-06-05 01:11:08,234 - httpx - INFO - HTTP Request: POST https://api.telegram.org/bot8838756490:AAE1CAsIDfhrFN31LzqwCXZ-3Lu-3tXYN0Y/getUpdates "HTTP/1.1 200 OK"
2026-06-05 01:11:18,397 - httpx - INFO - HTTP Request: POST https://api.telegram.org/bot8838756490:AAE1CAsIDfhrFN31LzqwCXZ-3Lu-3tXYN0Y/getUpdates "HTTP/1.1 200 OK"
2026-06-05 01:11:28,562 - httpx - INFO - HTTP Request: POST https://api.telegram.org/bot8838756490:AAE1CAsIDfhrFN31LzqwCXZ-3Lu-3tXYN0Y/getUpdates "HTTP/1.1 200 OK"
2026-06-05 01:11:38,729 - httpx - INFO - HTTP Request: POST https://api.telegram.org/bot8838756490:AAE1CAsIDfhrFN31LzqwCXZ-3Lu-3tXYN0Y/getUpdates "HTTP/1.1 200 OK"
2026-06-05 01:11:48,901 - httpx - INFO - HTTP Request: POST https://api.telegram.org/bot8838756490:AAE1CAsIDfhrFN31LzqwCXZ-3Lu-3tXYN0Y/getUpdates "HTTP/1.1 200 OK"
2026-06-05 01:11:59,073 - httpx - INFO - HTTP Request: POST https://api.telegram.org/bot8838756490:AAE1CAsIDfhrFN31LzqwCXZ-3Lu-3tXYN0Y/getUpdates "HTTP/1.1 200 OK"
2026-06-05 01:12:09,237 - httpx - INFO - HTTP Request: POST https://api.telegram.org/bot8838756490:AAE1CAsIDfhrFN31LzqwCXZ-3Lu-3tXYN0Y/getUpdates "HTTP/1.1 200 OK"
2026-06-05 01:12:19,421 - httpx - INFO - HTTP Request: POST https://api.telegram.org/bot8838756490:AAE1CAsIDfhrFN31LzqwCXZ-3Lu-3tXYN0Y/getUpdates "HTTP/1.1 200 OK"
2026-06-05 01:12:29,605 - httpx - INFO - HTTP Request: POST https://api.telegram.org/bot8838756490:AAE1CAsIDfhrFN31LzqwCXZ-3Lu-3tXYN0Y/getUpdates "HTTP/1.1 200 OK"
2026-06-05 01:12:39,783 - httpx - INFO - HTTP Request: POST https://api.telegram.org/bot8838756490:AAE1CAsIDfhrFN31LzqwCXZ-3Lu-3tXYN0Y/getUpdates "HTTP/1.1 200 OK"
2026-06-05 01:12:49,954 - httpx - INFO - HTTP Request: POST https://api.telegram.org/bot8838756490:AAE1CAsIDfhrFN31LzqwCXZ-3Lu-3tXYN0Y/getUpdates "HTTP/1.1 200 OK"
2026-06-05 01:13:00,115 - httpx - INFO - HTTP Request: POST https://api.telegram.org/bot8838756490:AAE1CAsIDfhrFN31LzqwCXZ-3Lu-3tXYN0Y/getUpdates "HTTP/1.1 200 OK"
2026-06-05 01:13:10,280 - httpx - INFO - HTTP Request: POST https://api.telegram.org/bot8838756490:AAE1CAsIDfhrFN31LzqwCXZ-3Lu-3tXYN0Y/getUpdates "HTTP/1.1 200 OK"
2026-06-05 01:13:20,831 - httpx - INFO - HTTP Request: POST https://api.telegram.org/bot8838756490:AAE1CAsIDfhrFN31LzqwCXZ-3Lu-3tXYN0Y/getUpdates "HTTP/1.1 200 OK"
2026-06-05 01:13:30,990 - httpx - INFO - HTTP Request: POST https://api.telegram.org/bot8838756490:AAE1CAsIDfhrFN31LzqwCXZ-3Lu-3tXYN0Y/getUpdates "HTTP/1.1 200 OK"
2026-06-05 01:13:41,151 - httpx - INFO - HTTP Request: POST https://api.telegram.org/bot8838756490:AAE1CAsIDfhrFN31LzqwCXZ-3Lu-3tXYN0Y/getUpdates "HTTP/1.1 200 OK"
2026-06-05 01:13:51,315 - httpx - INFO - HTTP Request: POST https://api.telegram.org/bot8838756490:AAE1CAsIDfhrFN31LzqwCXZ-3Lu-3tXYN0Y/getUpdates "HTTP/1.1 200 OK"
2026-06-05 01:14:01,475 - httpx - INFO - HTTP Request: POST https://api.telegram.org/bot8838756490:AAE1CAsIDfhrFN31LzqwCXZ-3Lu-3tXYN0Y/getUpdates "HTTP/1.1 200 OK"
2026-06-05 01:14:11,629 - httpx - INFO - HTTP Request: POST https://api.telegram.org/bot8838756490:AAE1CAsIDfhrFN31LzqwCXZ-3Lu-3tXYN0Y/getUpdates "HTTP/1.1 200 OK"
2026-06-05 01:14:21,791 - httpx - INFO - HTTP Request: POST https://api.telegram.org/bot8838756490:AAE1CAsIDfhrFN31LzqwCXZ-3Lu-3tXYN0Y/getUpdates "HTTP/1.1 200 OK"
2026-06-05 01:14:31,958 - httpx - INFO - HTTP Request: POST https://api.telegram.org/bot8838756490:AAE1CAsIDfhrFN31LzqwCXZ-3Lu-3tXYN0Y/getUpdates "HTTP/1.1 200 OK"
2026-06-05 01:14:42,123 - httpx - INFO - HTTP Request: POST https://api.telegram.org/bot8838756490:AAE1CAsIDfhrFN31LzqwCXZ-3Lu-3tXYN0Y/getUpdates "HTTP/1.1 200 OK"
2026-06-05 01:14:52,666 - httpx - INFO - HTTP Request: POST https://api.telegram.org/bot8838756490:AAE1CAsIDfhrFN31LzqwCXZ-3Lu-3tXYN0Y/getUpdates "HTTP/1.1 200 OK"
2026-06-05 01:15:02,830 - httpx - INFO - HTTP Request: POST https://api.telegram.org/bot8838756490:AAE1CAsIDfhrFN31LzqwCXZ-3Lu-3tXYN0Y/getUpdates "HTTP/1.1 200 OK"
2026-06-05 01:15:12,996 - httpx - INFO - HTTP Request: POST https://api.telegram.org/bot8838756490:AAE1CAsIDfhrFN31LzqwCXZ-3Lu-3tXYN0Y/getUpdates "HTTP/1.1 200 OK"
2026-06-05 01:15:23,162 - httpx - INFO - HTTP Request: POST https://api.telegram.org/bot8838756490:AAE1CAsIDfhrFN31LzqwCXZ-3Lu-3tXYN0Y/getUpdates "HTTP/1.1 200 OK"
2026-06-05 01:15:33,330 - httpx - INFO - HTTP Request: POST https://api.telegram.org/bot8838756490:AAE1CAsIDfhrFN31LzqwCXZ-3Lu-3tXYN0Y/getUpdates "HTTP/1.1 200 OK"
2026-06-05 01:15:43,492 - httpx - INFO - HTTP Request: POST https://api.telegram.org/bot8838756490:AAE1CAsIDfhrFN31LzqwCXZ-3Lu-3tXYN0Y/getUpdates "HTTP/1.1 200 OK"
2026-06-05 01:15:53,657 - httpx - INFO - HTTP Request: POST https://api.telegram.org/bot8838756490:AAE1CAsIDfhrFN31LzqwCXZ-3Lu-3tXYN0Y/getUpdates "HTTP/1.1 200 OK"
2026-06-05 01:16:03,824 - httpx - INFO - HTTP Request: POST https://api.telegram.org/bot8838756490:AAE1CAsIDfhrFN31LzqwCXZ-3Lu-3tXYN0Y/getUpdates "HTTP/1.1 200 OK"
2026-06-05 01:16:13,991 - httpx - INFO - HTTP Request: POST https://api.telegram.org/bot8838756490:AAE1CAsIDfhrFN31LzqwCXZ-3Lu-3tXYN0Y/getUpdates "HTTP/1.1 200 OK"
2026-06-05 01:16:24,152 - httpx - INFO - HTTP Request: POST https://api.telegram.org/bot8838756490:AAE1CAsIDfhrFN31LzqwCXZ-3Lu-3tXYN0Y/getUpdates "HTTP/1.1 200 OK"
2026-06-05 01:16:34,313 - httpx - INFO - HTTP Request: POST https://api.telegram.org/bot8838756490:AAE1CAsIDfhrFN31LzqwCXZ-3Lu-3tXYN0Y/getUpdates "HTTP/1.1 200 OK"
2026-06-05 01:16:44,470 - httpx - INFO - HTTP Request: POST https://api.telegram.org/bot8838756490:AAE1CAsIDfhrFN31LzqwCXZ-3Lu-3tXYN0Y/getUpdates "HTTP/1.1 200 OK"
2026-06-05 01:16:54,635 - httpx - INFO - HTTP Request: POST https://api.telegram.org/bot8838756490:AAE1CAsIDfhrFN31LzqwCXZ-3Lu-3tXYN0Y/getUpdates "HTTP/1.1 200 OK"
2026-06-05 01:17:04,800 - httpx - INFO - HTTP Request: POST https://api.telegram.org/bot8838756490:AAE1CAsIDfhrFN31LzqwCXZ-3Lu-3tXYN0Y/getUpdates "HTTP/1.1 200 OK"
2026-06-05 01:17:14,962 - httpx - INFO - HTTP Request: POST https://api.telegram.org/bot8838756490:AAE1CAsIDfhrFN31LzqwCXZ-3Lu-3tXYN0Y/getUpdates "HTTP/1.1 200 OK"
2026-06-05 01:17:25,123 - httpx - INFO - HTTP Request: POST https://api.telegram.org/bot8838756490:AAE1CAsIDfhrFN31LzqwCXZ-3Lu-3tXYN0Y/getUpdates "HTTP/1.1 200 OK"
2026-06-05 01:17:35,284 - httpx - INFO - HTTP Request: POST https://api.telegram.org/bot8838756490:AAE1CAsIDfhrFN31LzqwCXZ-3Lu-3tXYN0Y/getUpdates "HTTP/1.1 200 OK"
2026-06-05 01:17:45,442 - httpx - INFO - HTTP Request: POST https://api.telegram.org/bot8838756490:AAE1CAsIDfhrFN31LzqwCXZ-3Lu-3tXYN0Y/getUpdates "HTTP/1.1 200 OK"
2026-06-05 01:17:55,599 - httpx - INFO - HTTP Request: POST https://api.telegram.org/bot8838756490:AAE1CAsIDfhrFN31LzqwCXZ-3Lu-3tXYN0Y/getUpdates "HTTP/1.1 200 OK"
2026-06-05 01:18:05,756 - httpx - INFO - HTTP Request: POST https://api.telegram.org/bot8838756490:AAE1CAsIDfhrFN31LzqwCXZ-3Lu-3tXYN0Y/getUpdates "HTTP/1.1 200 OK"
2026-06-05 01:18:15,915 - httpx - INFO - HTTP Request: POST https://api.telegram.org/bot8838756490:AAE1CAsIDfhrFN31LzqwCXZ-3Lu-3tXYN0Y/getUpdates "HTTP/1.1 200 OK"
2026-06-05 01:18:26,071 - httpx - INFO - HTTP Request: POST https://api.telegram.org/bot8838756490:AAE1CAsIDfhrFN31LzqwCXZ-3Lu-3tXYN0Y/getUpdates "HTTP/1.1 200 OK"
2026-06-05 01:18:36,233 - httpx - INFO - HTTP Request: POST https://api.telegram.org/bot8838756490:AAE1CAsIDfhrFN31LzqwCXZ-3Lu-3tXYN0Y/getUpdates "HTTP/1.1 200 OK"
2026-06-05 01:18:46,395 - httpx - INFO - HTTP Request: POST https://api.telegram.org/bot8838756490:AAE1CAsIDfhrFN31LzqwCXZ-3Lu-3tXYN0Y/getUpdates "HTTP/1.1 200 OK"
2026-06-05 01:18:56,556 - httpx - INFO - HTTP Request: POST https://api.telegram.org/bot8838756490:AAE1CAsIDfhrFN31LzqwCXZ-3Lu-3tXYN0Y/getUpdates "HTTP/1.1 200 OK"
2026-06-05 01:19:06,717 - httpx - INFO - HTTP Request: POST https://api.telegram.org/bot8838756490:AAE1CAsIDfhrFN31LzqwCXZ-3Lu-3tXYN0Y/getUpdates "HTTP/1.1 200 OK"
2026-06-05 01:19:16,886 - httpx - INFO - HTTP Request: POST https://api.telegram.org/bot8838756490:AAE1CAsIDfhrFN31LzqwCXZ-3Lu-3tXYN0Y/getUpdates "HTTP/1.1 200 OK"
2026-06-05 01:19:27,057 - httpx - INFO - HTTP Request: POST https://api.telegram.org/bot8838756490:AAE1CAsIDfhrFN31LzqwCXZ-3Lu-3tXYN0Y/getUpdates "HTTP/1.1 200 OK"
2026-06-05 01:19:37,226 - httpx - INFO - HTTP Request: POST https://api.telegram.org/bot8838756490:AAE1CAsIDfhrFN31LzqwCXZ-3Lu-3tXYN0Y/getUpdates "HTTP/1.1 200 OK"
2026-06-05 01:19:47,399 - httpx - INFO - HTTP Request: POST https://api.telegram.org/bot8838756490:AAE1CAsIDfhrFN31LzqwCXZ-3Lu-3tXYN0Y/getUpdates "HTTP/1.1 200 OK"
2026-06-05 01:19:56,804 - __main__ - INFO - Database initialized successfully
2026-06-05 01:19:58,310 - httpx - INFO - HTTP Request: POST https://api.telegram.org/bot8838756490:AAE1CAsIDfhrFN31LzqwCXZ-3Lu-3tXYN0Y/getMe "HTTP/1.1 200 OK"
2026-06-05 01:19:58,512 - httpx - INFO - HTTP Request: POST https://api.telegram.org/bot8838756490:AAE1CAsIDfhrFN31LzqwCXZ-3Lu-3tXYN0Y/deleteWebhook "HTTP/1.1 200 OK"
2026-06-05 01:19:58,517 - telegram.ext.Application - INFO - Application started
2026-06-05 01:20:09,077 - httpx - INFO - HTTP Request: POST https://api.telegram.org/bot8838756490:AAE1CAsIDfhrFN31LzqwCXZ-3Lu-3tXYN0Y/getUpdates "HTTP/1.1 200 OK"
2026-06-05 01:20:19,275 - httpx - INFO - HTTP Request: POST https://api.telegram.org/bot8838756490:AAE1CAsIDfhrFN31LzqwCXZ-3Lu-3tXYN0Y/getUpdates "HTTP/1.1 200 OK"
2026-06-05 01:20:29,459 - httpx - INFO - HTTP Request: POST https://api.telegram.org/bot8838756490:AAE1CAsIDfhrFN31LzqwCXZ-3Lu-3tXYN0Y/getUpdates "HTTP/1.1 200 OK"
2026-06-05 01:20:39,654 - httpx - INFO - HTTP Request: POST https://api.telegram.org/bot8838756490:AAE1CAsIDfhrFN31LzqwCXZ-3Lu-3tXYN0Y/getUpdates "HTTP/1.1 200 OK"
2026-06-05 01:20:49,849 - httpx - INFO - HTTP Request: POST https://api.telegram.org/bot8838756490:AAE1CAsIDfhrFN31LzqwCXZ-3Lu-3tXYN0Y/getUpdates "HTTP/1.1 200 OK"
2026-06-05 01:21:00,141 - httpx - INFO - HTTP Request: POST https://api.telegram.org/bot8838756490:AAE1CAsIDfhrFN31LzqwCXZ-3Lu-3tXYN0Y/getUpdates "HTTP/1.1 200 OK"
2026-06-05 01:21:10,329 - httpx - INFO - HTTP Request: POST https://api.telegram.org/bot8838756490:AAE1CAsIDfhrFN31LzqwCXZ-3Lu-3tXYN0Y/getUpdates "HTTP/1.1 200 OK"
2026-06-05 01:21:20,523 - httpx - INFO - HTTP Request: POST https://api.telegram.org/bot8838756490:AAE1CAsIDfhrFN31LzqwCXZ-3Lu-3tXYN0Y/getUpdates "HTTP/1.1 200 OK"
2026-06-05 01:21:31,147 - httpx - INFO - HTTP Request: POST https://api.telegram.org/bot8838756490:AAE1CAsIDfhrFN31LzqwCXZ-3Lu-3tXYN0Y/getUpdates "HTTP/1.1 200 OK"
2026-06-05 01:21:41,540 - httpx - INFO - HTTP Request: POST https://api.telegram.org/bot8838756490:AAE1CAsIDfhrFN31LzqwCXZ-3Lu-3tXYN0Y/getUpdates "HTTP/1.1 200 OK"
2026-06-05 01:21:51,733 - httpx - INFO - HTTP Request: POST https://api.telegram.org/bot8838756490:AAE1CAsIDfhrFN31LzqwCXZ-3Lu-3tXYN0Y/getUpdates "HTTP/1.1 200 OK"
2026-06-05 01:22:01,931 - httpx - INFO - HTTP Request: POST https://api.telegram.org/bot8838756490:AAE1CAsIDfhrFN31LzqwCXZ-3Lu-3tXYN0Y/getUpdates "HTTP/1.1 200 OK"
2026-06-05 01:22:12,126 - httpx - INFO - HTTP Request: POST https://api.telegram.org/bot8838756490:AAE1CAsIDfhrFN31LzqwCXZ-3Lu-3tXYN0Y/getUpdates "HTTP/1.1 200 OK"
2026-06-05 01:22:22,310 - httpx - INFO - HTTP Request: POST https://api.telegram.org/bot8838756490:AAE1CAsIDfhrFN31LzqwCXZ-3Lu-3tXYN0Y/getUpdates "HTTP/1.1 200 OK"
2026-06-05 01:22:32,504 - httpx - INFO - HTTP Request: POST https://api.telegram.org/bot8838756490:AAE1CAsIDfhrFN31LzqwCXZ-3Lu-3tXYN0Y/getUpdates "HTTP/1.1 200 OK"
2026-06-05 01:22:42,699 - httpx - INFO - HTTP Request: POST https://api.telegram.org/bot8838756490:AAE1CAsIDfhrFN31LzqwCXZ-3Lu-3tXYN0Y/getUpdates "HTTP/1.1 200 OK"
2026-06-05 01:22:52,891 - httpx - INFO - HTTP Request: POST https://api.telegram.org/bot8838756490:AAE1CAsIDfhrFN31LzqwCXZ-3Lu-3tXYN0Y/getUpdates "HTTP/1.1 200 OK"
2026-06-05 01:23:03,081 - httpx - INFO - HTTP Request: POST https://api.telegram.org/bot8838756490:AAE1CAsIDfhrFN31LzqwCXZ-3Lu-3tXYN0Y/getUpdates "HTTP/1.1 200 OK"
2026-06-05 01:23:13,272 - httpx - INFO - HTTP Request: POST https://api.telegram.org/bot8838756490:AAE1CAsIDfhrFN31LzqwCXZ-3Lu-3tXYN0Y/getUpdates "HTTP/1.1 200 OK"
2026-06-05 01:23:23,462 - httpx - INFO - HTTP Request: POST https://api.telegram.org/bot8838756490:AAE1CAsIDfhrFN31LzqwCXZ-3Lu-3tXYN0Y/getUpdates "HTTP/1.1 200 OK"
2026-06-05 01:23:33,657 - httpx - INFO - HTTP Request: POST https://api.telegram.org/bot8838756490:AAE1CAsIDfhrFN31LzqwCXZ-3Lu-3tXYN0Y/getUpdates "HTTP/1.1 200 OK"
2026-06-05 01:23:43,851 - httpx - INFO - HTTP Request: POST https://api.telegram.org/bot8838756490:AAE1CAsIDfhrFN31LzqwCXZ-3Lu-3tXYN0Y/getUpdates "HTTP/1.1 200 OK"
2026-06-05 01:23:54,041 - httpx - INFO - HTTP Request: POST https://api.telegram.org/bot8838756490:AAE1CAsIDfhrFN31LzqwCXZ-3Lu-3tXYN0Y/getUpdates "HTTP/1.1 200 OK"
2026-06-05 01:24:04,237 - httpx - INFO - HTTP Request: POST https://api.telegram.org/bot8838756490:AAE1CAsIDfhrFN31LzqwCXZ-3Lu-3tXYN0Y/getUpdates "HTTP/1.1 200 OK"
2026-06-05 01:24:14,432 - httpx - INFO - HTTP Request: POST https://api.telegram.org/bot8838756490:AAE1CAsIDfhrFN31LzqwCXZ-3Lu-3tXYN0Y/getUpdates "HTTP/1.1 200 OK"
2026-06-05 01:24:24,623 - httpx - INFO - HTTP Request: POST https://api.telegram.org/bot8838756490:AAE1CAsIDfhrFN31LzqwCXZ-3Lu-3tXYN0Y/getUpdates "HTTP/1.1 200 OK"
2026-06-05 01:24:34,820 - httpx - INFO - HTTP Request: POST https://api.telegram.org/bot8838756490:AAE1CAsIDfhrFN31LzqwCXZ-3Lu-3tXYN0Y/getUpdates "HTTP/1.1 200 OK"
2026-06-05 01:24:45,005 - httpx - INFO - HTTP Request: POST https://api.telegram.org/bot8838756490:AAE1CAsIDfhrFN31LzqwCXZ-3Lu-3tXYN0Y/getUpdates "HTTP/1.1 200 OK"
2026-06-05 01:24:55,198 - httpx - INFO - HTTP Request: POST https://api.telegram.org/bot8838756490:AAE1CAsIDfhrFN31LzqwCXZ-3Lu-3tXYN0Y/getUpdates "HTTP/1.1 200 OK"
2026-06-05 01:25:05,390 - httpx - INFO - HTTP Request: POST https://api.telegram.org/bot8838756490:AAE1CAsIDfhrFN31LzqwCXZ-3Lu-3tXYN0Y/getUpdates "HTTP/1.1 200 OK"
2026-06-05 01:25:15,591 - httpx - INFO - HTTP Request: POST https://api.telegram.org/bot8838756490:AAE1CAsIDfhrFN31LzqwCXZ-3Lu-3tXYN0Y/getUpdates "HTTP/1.1 200 OK"
2026-06-05 01:25:25,789 - httpx - INFO - HTTP Request: POST https://api.telegram.org/bot8838756490:AAE1CAsIDfhrFN31LzqwCXZ-3Lu-3tXYN0Y/getUpdates "HTTP/1.1 200 OK"
2026-06-05 01:25:35,988 - httpx - INFO - HTTP Request: POST https://api.telegram.org/bot8838756490:AAE1CAsIDfhrFN31LzqwCXZ-3Lu-3tXYN0Y/getUpdates "HTTP/1.1 200 OK"
2026-06-05 01:25:46,181 - httpx - INFO - HTTP Request: POST https://api.telegram.org/bot8838756490:AAE1CAsIDfhrFN31LzqwCXZ-3Lu-3tXYN0Y/getUpdates "HTTP/1.1 200 OK"
2026-06-05 01:25:56,376 - httpx - INFO - HTTP Request: POST https://api.telegram.org/bot8838756490:AAE1CAsIDfhrFN31LzqwCXZ-3Lu-3tXYN0Y/getUpdates "HTTP/1.1 200 OK"
2026-06-05 01:26:01,680 - httpx - INFO - HTTP Request: POST https://api.telegram.org/bot8838756490:AAE1CAsIDfhrFN31LzqwCXZ-3Lu-3tXYN0Y/getUpdates "HTTP/1.1 200 OK"
2026-06-05 01:26:02,338 - httpx - INFO - HTTP Request: POST https://api.telegram.org/bot8838756490:AAE1CAsIDfhrFN31LzqwCXZ-3Lu-3tXYN0Y/sendMessage "HTTP/1.1 200 OK"
2026-06-05 01:26:11,948 - httpx - INFO - HTTP Request: POST https://api.telegram.org/bot8838756490:AAE1CAsIDfhrFN31LzqwCXZ-3Lu-3tXYN0Y/getUpdates "HTTP/1.1 200 OK"
2026-06-05 01:26:22,145 - httpx - INFO - HTTP Request: POST https://api.telegram.org/bot8838756490:AAE1CAsIDfhrFN31LzqwCXZ-3Lu-3tXYN0Y/getUpdates "HTTP/1.1 200 OK"
2026-06-05 01:26:27,909 - httpx - INFO - HTTP Request: POST https://api.telegram.org/bot8838756490:AAE1CAsIDfhrFN31LzqwCXZ-3Lu-3tXYN0Y/getUpdates "HTTP/1.1 200 OK"
2026-06-05 01:26:29,600 - httpx - INFO - HTTP Request: POST https://api.telegram.org/bot8838756490:AAE1CAsIDfhrFN31LzqwCXZ-3Lu-3tXYN0Y/editMessageText "HTTP/1.1 200 OK"
2026-06-05 01:26:37,915 - httpx - INFO - HTTP Request: POST https://api.telegram.org/bot8838756490:AAE1CAsIDfhrFN31LzqwCXZ-3Lu-3tXYN0Y/getUpdates "HTTP/1.1 200 OK"
2026-06-05 01:26:38,499 - httpx - INFO - HTTP Request: POST https://api.telegram.org/bot8838756490:AAE1CAsIDfhrFN31LzqwCXZ-3Lu-3tXYN0Y/answerCallbackQuery "HTTP/1.1 200 OK"
2026-06-05 01:26:38,724 - httpx - INFO - HTTP Request: POST https://api.telegram.org/bot8838756490:AAE1CAsIDfhrFN31LzqwCXZ-3Lu-3tXYN0Y/editMessageText "HTTP/1.1 200 OK"
2026-06-05 01:26:43,962 - httpx - INFO - HTTP Request: POST https://api.telegram.org/bot8838756490:AAE1CAsIDfhrFN31LzqwCXZ-3Lu-3tXYN0Y/getUpdates "HTTP/1.1 200 OK"
2026-06-05 01:26:44,495 - httpx - INFO - HTTP Request: POST https://api.telegram.org/bot8838756490:AAE1CAsIDfhrFN31LzqwCXZ-3Lu-3tXYN0Y/answerCallbackQuery "HTTP/1.1 200 OK"
2026-06-05 01:26:48,215 - httpx - INFO - HTTP Request: POST https://api.telegram.org/bot8838756490:AAE1CAsIDfhrFN31LzqwCXZ-3Lu-3tXYN0Y/editMessageText "HTTP/1.1 200 OK"
2026-06-05 01:26:53,620 - httpx - INFO - HTTP Request: POST https://api.telegram.org/bot8838756490:AAE1CAsIDfhrFN31LzqwCXZ-3Lu-3tXYN0Y/getUpdates "HTTP/1.1 200 OK"
2026-06-05 01:27:03,814 - httpx - INFO - HTTP Request: POST https://api.telegram.org/bot8838756490:AAE1CAsIDfhrFN31LzqwCXZ-3Lu-3tXYN0Y/getUpdates "HTTP/1.1 200 OK"
2026-06-05 01:27:14,008 - httpx - INFO - HTTP Request: POST https://api.telegram.org/bot8838756490:AAE1CAsIDfhrFN31LzqwCXZ-3Lu-3tXYN0Y/getUpdates "HTTP/1.1 200 OK"
2026-06-05 01:27:16,384 - httpx - INFO - HTTP Request: POST https://api.telegram.org/bot8838756490:AAE1CAsIDfhrFN31LzqwCXZ-3Lu-3tXYN0Y/getUpdates "HTTP/1.1 200 OK"
2026-06-05 01:27:26,576 - httpx - INFO - HTTP Request: POST https://api.telegram.org/bot8838756490:AAE1CAsIDfhrFN31LzqwCXZ-3Lu-3tXYN0Y/getUpdates "HTTP/1.1 200 OK"
2026-06-05 01:27:36,769 - httpx - INFO - HTTP Request: POST https://api.telegram.org/bot8838756490:AAE1CAsIDfhrFN31LzqwCXZ-3Lu-3tXYN0Y/getUpdates "HTTP/1.1 200 OK"
2026-06-05 01:27:46,963 - httpx - INFO - HTTP Request: POST https://api.telegram.org/bot8838756490:AAE1CAsIDfhrFN31LzqwCXZ-3Lu-3tXYN0Y/getUpdates "HTTP/1.1 200 OK"
2026-06-05 01:27:57,164 - httpx - INFO - HTTP Request: POST https://api.telegram.org/bot8838756490:AAE1CAsIDfhrFN31LzqwCXZ-3Lu-3tXYN0Y/getUpdates "HTTP/1.1 200 OK"
2026-06-05 01:28:07,355 - httpx - INFO - HTTP Request: POST https://api.telegram.org/bot8838756490:AAE1CAsIDfhrFN31LzqwCXZ-3Lu-3tXYN0Y/getUpdates "HTTP/1.1 200 OK"
2026-06-05 01:28:17,547 - httpx - INFO - HTTP Request: POST https://api.telegram.org/bot8838756490:AAE1CAsIDfhrFN31LzqwCXZ-3Lu-3tXYN0Y/getUpdates "HTTP/1.1 200 OK"
2026-06-05 01:28:27,741 - httpx - INFO - HTTP Request: POST https://api.telegram.org/bot8838756490:AAE1CAsIDfhrFN31LzqwCXZ-3Lu-3tXYN0Y/getUpdates "HTTP/1.1 200 OK"
2026-06-05 01:28:37,956 - httpx - INFO - HTTP Request: POST https://api.telegram.org/bot8838756490:AAE1CAsIDfhrFN31LzqwCXZ-3Lu-3tXYN0Y/getUpdates "HTTP/1.1 200 OK"
2026-06-05 01:28:48,153 - httpx - INFO - HTTP Request: POST https://api.telegram.org/bot8838756490:AAE1CAsIDfhrFN31LzqwCXZ-3Lu-3tXYN0Y/getUpdates "HTTP/1.1 200 OK"
2026-06-05 01:28:58,353 - httpx - INFO - HTTP Request: POST https://api.telegram.org/bot8838756490:AAE1CAsIDfhrFN31LzqwCXZ-3Lu-3tXYN0Y/getUpdates "HTTP/1.1 200 OK"
2026-06-05 01:29:08,555 - httpx - INFO - HTTP Request: POST https://api.telegram.org/bot8838756490:AAE1CAsIDfhrFN31LzqwCXZ-3Lu-3tXYN0Y/getUpdates "HTTP/1.1 200 OK"
2026-06-05 01:29:18,749 - httpx - INFO - HTTP Request: POST https://api.telegram.org/bot8838756490:AAE1CAsIDfhrFN31LzqwCXZ-3Lu-3tXYN0Y/getUpdates "HTTP/1.1 200 OK"
2026-06-05 01:29:28,948 - httpx - INFO - HTTP Request: POST https://api.telegram.org/bot8838756490:AAE1CAsIDfhrFN31LzqwCXZ-3Lu-3tXYN0Y/getUpdates "HTTP/1.1 200 OK"
2026-06-05 01:29:39,142 - httpx - INFO - HTTP Request: POST https://api.telegram.org/bot8838756490:AAE1CAsIDfhrFN31LzqwCXZ-3Lu-3tXYN0Y/getUpdates "HTTP/1.1 200 OK"
2026-06-05 01:29:49,334 - httpx - INFO - HTTP Request: POST https://api.telegram.org/bot8838756490:AAE1CAsIDfhrFN31LzqwCXZ-3Lu-3tXYN0Y/getUpdates "HTTP/1.1 200 OK"
2026-06-05 01:29:59,526 - httpx - INFO - HTTP Request: POST https://api.telegram.org/bot8838756490:AAE1CAsIDfhrFN31LzqwCXZ-3Lu-3tXYN0Y/getUpdates "HTTP/1.1 200 OK"
2026-06-05 01:30:09,718 - httpx - INFO - HTTP Request: POST https://api.telegram.org/bot8838756490:AAE1CAsIDfhrFN31LzqwCXZ-3Lu-3tXYN0Y/getUpdates "HTTP/1.1 200 OK"
2026-06-05 01:30:19,912 - httpx - INFO - HTTP Request: POST https://api.telegram.org/bot8838756490:AAE1CAsIDfhrFN31LzqwCXZ-3Lu-3tXYN0Y/getUpdates "HTTP/1.1 200 OK"
2026-06-05 01:30:30,101 - httpx - INFO - HTTP Request: POST https://api.telegram.org/bot8838756490:AAE1CAsIDfhrFN31LzqwCXZ-3Lu-3tXYN0Y/getUpdates "HTTP/1.1 200 OK"
2026-06-05 01:30:40,299 - httpx - INFO - HTTP Request: POST https://api.telegram.org/bot8838756490:AAE1CAsIDfhrFN31LzqwCXZ-3Lu-3tXYN0Y/getUpdates "HTTP/1.1 200 OK"
2026-06-05 01:30:50,492 - httpx - INFO - HTTP Request: POST https://api.telegram.org/bot8838756490:AAE1CAsIDfhrFN31LzqwCXZ-3Lu-3tXYN0Y/getUpdates "HTTP/1.1 200 OK"
2026-06-05 01:31:00,693 - httpx - INFO - HTTP Request: POST https://api.telegram.org/bot8838756490:AAE1CAsIDfhrFN31LzqwCXZ-3Lu-3tXYN0Y/getUpdates "HTTP/1.1 200 OK"
2026-06-05 01:31:10,882 - httpx - INFO - HTTP Request: POST https://api.telegram.org/bot8838756490:AAE1CAsIDfhrFN31LzqwCXZ-3Lu-3tXYN0Y/getUpdates "HTTP/1.1 200 OK"
2026-06-05 01:31:21,077 - httpx - INFO - HTTP Request: POST https://api.telegram.org/bot8838756490:AAE1CAsIDfhrFN31LzqwCXZ-3Lu-3tXYN0Y/getUpdates "HTTP/1.1 200 OK"
2026-06-05 01:31:31,276 - httpx - INFO - HTTP Request: POST https://api.telegram.org/bot8838756490:AAE1CAsIDfhrFN31LzqwCXZ-3Lu-3tXYN0Y/getUpdates "HTTP/1.1 200 OK"
2026-06-05 01:31:41,463 - httpx - INFO - HTTP Request: POST https://api.telegram.org/bot8838756490:AAE1CAsIDfhrFN31LzqwCXZ-3Lu-3tXYN0Y/getUpdates "HTTP/1.1 200 OK"
2026-06-05 01:31:51,653 - httpx - INFO - HTTP Request: POST https://api.telegram.org/bot8838756490:AAE1CAsIDfhrFN31LzqwCXZ-3Lu-3tXYN0Y/getUpdates "HTTP/1.1 200 OK"
2026-06-05 01:32:01,838 - httpx - INFO - HTTP Request: POST https://api.telegram.org/bot8838756490:AAE1CAsIDfhrFN31LzqwCXZ-3Lu-3tXYN0Y/getUpdates "HTTP/1.1 200 OK"
2026-06-05 01:32:12,027 - httpx - INFO - HTTP Request: POST https://api.telegram.org/bot8838756490:AAE1CAsIDfhrFN31LzqwCXZ-3Lu-3tXYN0Y/getUpdates "HTTP/1.1 200 OK"
2026-06-05 01:32:22,214 - httpx - INFO - HTTP Request: POST https://api.telegram.org/bot8838756490:AAE1CAsIDfhrFN31LzqwCXZ-3Lu-3tXYN0Y/getUpdates "HTTP/1.1 200 OK"
2026-06-05 01:32:32,401 - httpx - INFO - HTTP Request: POST https://api.telegram.org/bot8838756490:AAE1CAsIDfhrFN31LzqwCXZ-3Lu-3tXYN0Y/getUpdates "HTTP/1.1 200 OK"
2026-06-05 01:32:42,589 - httpx - INFO - HTTP Request: POST https://api.telegram.org/bot8838756490:AAE1CAsIDfhrFN31LzqwCXZ-3Lu-3tXYN0Y/getUpdates "HTTP/1.1 200 OK"
2026-06-05 01:32:52,778 - httpx - INFO - HTTP Request: POST https://api.telegram.org/bot8838756490:AAE1CAsIDfhrFN31LzqwCXZ-3Lu-3tXYN0Y/getUpdates "HTTP/1.1 200 OK"
2026-06-05 01:33:02,976 - httpx - INFO - HTTP Request: POST https://api.telegram.org/bot8838756490:AAE1CAsIDfhrFN31LzqwCXZ-3Lu-3tXYN0Y/getUpdates "HTTP/1.1 200 OK"
2026-06-05 01:33:13,168 - httpx - INFO - HTTP Request: POST https://api.telegram.org/bot8838756490:AAE1CAsIDfhrFN31LzqwCXZ-3Lu-3tXYN0Y/getUpdates "HTTP/1.1 200 OK"
2026-06-05 01:33:23,361 - httpx - INFO - HTTP Request: POST https://api.telegram.org/bot8838756490:AAE1CAsIDfhrFN31LzqwCXZ-3Lu-3tXYN0Y/getUpdates "HTTP/1.1 200 OK"
2026-06-05 01:33:33,554 - httpx - INFO - HTTP Request: POST https://api.telegram.org/bot8838756490:AAE1CAsIDfhrFN31LzqwCXZ-3Lu-3tXYN0Y/getUpdates "HTTP/1.1 200 OK"
2026-06-05 01:33:43,750 - httpx - INFO - HTTP Request: POST https://api.telegram.org/bot8838756490:AAE1CAsIDfhrFN31LzqwCXZ-3Lu-3tXYN0Y/getUpdates "HTTP/1.1 200 OK"
2026-06-05 01:33:53,946 - httpx - INFO - HTTP Request: POST https://api.telegram.org/bot8838756490:AAE1CAsIDfhrFN31LzqwCXZ-3Lu-3tXYN0Y/getUpdates "HTTP/1.1 200 OK"
2026-06-05 01:34:04,145 - httpx - INFO - HTTP Request: POST https://api.telegram.org/bot8838756490:AAE1CAsIDfhrFN31LzqwCXZ-3Lu-3tXYN0Y/getUpdates "HTTP/1.1 200 OK"
2026-06-05 01:34:14,342 - httpx - INFO - HTTP Request: POST https://api.telegram.org/bot8838756490:AAE1CAsIDfhrFN31LzqwCXZ-3Lu-3tXYN0Y/getUpdates "HTTP/1.1 200 OK"
2026-06-05 01:34:24,535 - httpx - INFO - HTTP Request: POST https://api.telegram.org/bot8838756490:AAE1CAsIDfhrFN31LzqwCXZ-3Lu-3tXYN0Y/getUpdates "HTTP/1.1 200 OK"
2026-06-05 01:34:34,728 - httpx - INFO - HTTP Request: POST https://api.telegram.org/bot8838756490:AAE1CAsIDfhrFN31LzqwCXZ-3Lu-3tXYN0Y/getUpdates "HTTP/1.1 200 OK"
2026-06-05 01:34:44,919 - httpx - INFO - HTTP Request: POST https://api.telegram.org/bot8838756490:AAE1CAsIDfhrFN31LzqwCXZ-3Lu-3tXYN0Y/getUpdates "HTTP/1.1 200 OK"
2026-06-05 01:34:55,113 - httpx - INFO - HTTP Request: POST https://api.telegram.org/bot8838756490:AAE1CAsIDfhrFN31LzqwCXZ-3Lu-3tXYN0Y/getUpdates "HTTP/1.1 200 OK"
2026-06-05 01:34:55,343 - httpx - INFO - HTTP Request: POST https://api.telegram.org/bot8838756490:AAE1CAsIDfhrFN31LzqwCXZ-3Lu-3tXYN0Y/getUpdates "HTTP/1.1 200 OK"
2026-06-05 01:34:56,006 - httpx - INFO - HTTP Request: POST https://api.telegram.org/bot8838756490:AAE1CAsIDfhrFN31LzqwCXZ-3Lu-3tXYN0Y/sendMessage "HTTP/1.1 200 OK"
2026-06-05 01:35:05,587 - httpx - INFO - HTTP Request: POST https://api.telegram.org/bot8838756490:AAE1CAsIDfhrFN31LzqwCXZ-3Lu-3tXYN0Y/getUpdates "HTTP/1.1 200 OK"
2026-06-05 01:35:15,781 - httpx - INFO - HTTP Request: POST https://api.telegram.org/bot8838756490:AAE1CAsIDfhrFN31LzqwCXZ-3Lu-3tXYN0Y/getUpdates "HTTP/1.1 200 OK"
2026-06-05 01:35:25,973 - httpx - INFO - HTTP Request: POST https://api.telegram.org/bot8838756490:AAE1CAsIDfhrFN31LzqwCXZ-3Lu-3tXYN0Y/getUpdates "HTTP/1.1 200 OK"
2026-06-05 01:35:36,165 - httpx - INFO - HTTP Request: POST https://api.telegram.org/bot8838756490:AAE1CAsIDfhrFN31LzqwCXZ-3Lu-3tXYN0Y/getUpdates "HTTP/1.1 200 OK"
2026-06-05 01:35:46,355 - httpx - INFO - HTTP Request: POST https://api.telegram.org/bot8838756490:AAE1CAsIDfhrFN31LzqwCXZ-3Lu-3tXYN0Y/getUpdates "HTTP/1.1 200 OK"
2026-06-05 01:35:56,547 - httpx - INFO - HTTP Request: POST https://api.telegram.org/bot8838756490:AAE1CAsIDfhrFN31LzqwCXZ-3Lu-3tXYN0Y/getUpdates "HTTP/1.1 200 OK"
2026-06-05 01:36:06,736 - httpx - INFO - HTTP Request: POST https://api.telegram.org/bot8838756490:AAE1CAsIDfhrFN31LzqwCXZ-3Lu-3tXYN0Y/getUpdates "HTTP/1.1 200 OK"
2026-06-05 01:36:16,932 - httpx - INFO - HTTP Request: POST https://api.telegram.org/bot8838756490:AAE1CAsIDfhrFN31LzqwCXZ-3Lu-3tXYN0Y/getUpdates "HTTP/1.1 200 OK"
2026-06-05 01:36:27,129 - httpx - INFO - HTTP Request: POST https://api.telegram.org/bot8838756490:AAE1CAsIDfhrFN31LzqwCXZ-3Lu-3tXYN0Y/getUpdates "HTTP/1.1 200 OK"
2026-06-05 01:36:37,321 - httpx - INFO - HTTP Request: POST https://api.telegram.org/bot8838756490:AAE1CAsIDfhrFN31LzqwCXZ-3Lu-3tXYN0Y/getUpdates "HTTP/1.1 200 OK"
2026-06-05 01:36:47,510 - httpx - INFO - HTTP Request: POST https://api.telegram.org/bot8838756490:AAE1CAsIDfhrFN31LzqwCXZ-3Lu-3tXYN0Y/getUpdates "HTTP/1.1 200 OK"
2026-06-05 01:36:57,704 - httpx - INFO - HTTP Request: POST https://api.telegram.org/bot8838756490:AAE1CAsIDfhrFN31LzqwCXZ-3Lu-3tXYN0Y/getUpdates "HTTP/1.1 200 OK"
2026-06-05 01:37:07,909 - httpx - INFO - HTTP Request: POST https://api.telegram.org/bot8838756490:AAE1CAsIDfhrFN31LzqwCXZ-3Lu-3tXYN0Y/getUpdates "HTTP/1.1 200 OK"
2026-06-05 01:37:18,107 - httpx - INFO - HTTP Request: POST https://api.telegram.org/bot8838756490:AAE1CAsIDfhrFN31LzqwCXZ-3Lu-3tXYN0Y/getUpdates "HTTP/1.1 200 OK"
2026-06-05 01:37:28,305 - httpx - INFO - HTTP Request: POST https://api.telegram.org/bot8838756490:AAE1CAsIDfhrFN31LzqwCXZ-3Lu-3tXYN0Y/getUpdates "HTTP/1.1 200 OK"
2026-06-05 01:37:38,504 - httpx - INFO - HTTP Request: POST https://api.telegram.org/bot8838756490:AAE1CAsIDfhrFN31LzqwCXZ-3Lu-3tXYN0Y/getUpdates "HTTP/1.1 200 OK"
2026-06-05 01:37:48,692 - httpx - INFO - HTTP Request: POST https://api.telegram.org/bot8838756490:AAE1CAsIDfhrFN31LzqwCXZ-3Lu-3tXYN0Y/getUpdates "HTTP/1.1 200 OK"
2026-06-05 01:37:58,895 - httpx - INFO - HTTP Request: POST https://api.telegram.org/bot8838756490:AAE1CAsIDfhrFN31LzqwCXZ-3Lu-3tXYN0Y/getUpdates "HTTP/1.1 200 OK"
2026-06-05 01:38:09,109 - httpx - INFO - HTTP Request: POST https://api.telegram.org/bot8838756490:AAE1CAsIDfhrFN31LzqwCXZ-3Lu-3tXYN0Y/getUpdates "HTTP/1.1 200 OK"
2026-06-05 01:38:19,300 - httpx - INFO - HTTP Request: POST https://api.telegram.org/bot8838756490:AAE1CAsIDfhrFN31LzqwCXZ-3Lu-3tXYN0Y/getUpdates "HTTP/1.1 200 OK"
2026-06-05 01:38:29,493 - httpx - INFO - HTTP Request: POST https://api.telegram.org/bot8838756490:AAE1CAsIDfhrFN31LzqwCXZ-3Lu-3tXYN0Y/getUpdates "HTTP/1.1 200 OK"
2026-06-05 01:38:39,683 - httpx - INFO - HTTP Request: POST https://api.telegram.org/bot8838756490:AAE1CAsIDfhrFN31LzqwCXZ-3Lu-3tXYN0Y/getUpdates "HTTP/1.1 200 OK"
2026-06-05 01:38:49,873 - httpx - INFO - HTTP Request: POST https://api.telegram.org/bot8838756490:AAE1CAsIDfhrFN31LzqwCXZ-3Lu-3tXYN0Y/getUpdates "HTTP/1.1 200 OK"
2026-06-05 01:39:00,080 - httpx - INFO - HTTP Request: POST https://api.telegram.org/bot8838756490:AAE1CAsIDfhrFN31LzqwCXZ-3Lu-3tXYN0Y/getUpdates "HTTP/1.1 200 OK"
2026-06-05 01:39:10,277 - httpx - INFO - HTTP Request: POST https://api.telegram.org/bot8838756490:AAE1CAsIDfhrFN31LzqwCXZ-3Lu-3tXYN0Y/getUpdates "HTTP/1.1 200 OK"
2026-06-05 01:39:20,471 - httpx - INFO - HTTP Request: POST https://api.telegram.org/bot8838756490:AAE1CAsIDfhrFN31LzqwCXZ-3Lu-3tXYN0Y/getUpdates "HTTP/1.1 200 OK"
2026-06-05 01:39:30,663 - httpx - INFO - HTTP Request: POST https://api.telegram.org/bot8838756490:AAE1CAsIDfhrFN31LzqwCXZ-3Lu-3tXYN0Y/getUpdates "HTTP/1.1 200 OK"
2026-06-05 01:39:40,856 - httpx - INFO - HTTP Request: POST https://api.telegram.org/bot8838756490:AAE1CAsIDfhrFN31LzqwCXZ-3Lu-3tXYN0Y/getUpdates "HTTP/1.1 200 OK"
2026-06-05 01:39:51,054 - httpx - INFO - HTTP Request: POST https://api.telegram.org/bot8838756490:AAE1CAsIDfhrFN31LzqwCXZ-3Lu-3tXYN0Y/getUpdates "HTTP/1.1 200 OK"
2026-06-05 01:40:01,245 - httpx - INFO - HTTP Request: POST https://api.telegram.org/bot8838756490:AAE1CAsIDfhrFN31LzqwCXZ-3Lu-3tXYN0Y/getUpdates "HTTP/1.1 200 OK"
2026-06-05 01:40:11,435 - httpx - INFO - HTTP Request: POST https://api.telegram.org/bot8838756490:AAE1CAsIDfhrFN31LzqwCXZ-3Lu-3tXYN0Y/getUpdates "HTTP/1.1 200 OK"
2026-06-05 01:40:21,622 - httpx - INFO - HTTP Request: POST https://api.telegram.org/bot8838756490:AAE1CAsIDfhrFN31LzqwCXZ-3Lu-3tXYN0Y/getUpdates "HTTP/1.1 200 OK"
2026-06-05 01:40:31,815 - httpx - INFO - HTTP Request: POST https://api.telegram.org/bot8838756490:AAE1CAsIDfhrFN31LzqwCXZ-3Lu-3tXYN0Y/getUpdates "HTTP/1.1 200 OK"
2026-06-05 01:40:42,005 - httpx - INFO - HTTP Request: POST https://api.telegram.org/bot8838756490:AAE1CAsIDfhrFN31LzqwCXZ-3Lu-3tXYN0Y/getUpdates "HTTP/1.1 200 OK"
2026-06-05 01:40:52,202 - httpx - INFO - HTTP Request: POST https://api.telegram.org/bot8838756490:AAE1CAsIDfhrFN31LzqwCXZ-3Lu-3tXYN0Y/getUpdates "HTTP/1.1 200 OK"
2026-06-05 01:41:02,392 - httpx - INFO - HTTP Request: POST https://api.telegram.org/bot8838756490:AAE1CAsIDfhrFN31LzqwCXZ-3Lu-3tXYN0Y/getUpdates "HTTP/1.1 200 OK"
2026-06-05 01:41:12,579 - httpx - INFO - HTTP Request: POST https://api.telegram.org/bot8838756490:AAE1CAsIDfhrFN31LzqwCXZ-3Lu-3tXYN0Y/getUpdates "HTTP/1.1 200 OK"
2026-06-05 01:41:22,764 - httpx - INFO - HTTP Request: POST https://api.telegram.org/bot8838756490:AAE1CAsIDfhrFN31LzqwCXZ-3Lu-3tXYN0Y/getUpdates "HTTP/1.1 200 OK"
2026-06-05 01:41:32,948 - httpx - INFO - HTTP Request: POST https://api.telegram.org/bot8838756490:AAE1CAsIDfhrFN31LzqwCXZ-3Lu-3tXYN0Y/getUpdates "HTTP/1.1 200 OK"
2026-06-05 01:41:43,131 - httpx - INFO - HTTP Request: POST https://api.telegram.org/bot8838756490:AAE1CAsIDfhrFN31LzqwCXZ-3Lu-3tXYN0Y/getUpdates "HTTP/1.1 200 OK"
2026-06-05 01:41:53,322 - httpx - INFO - HTTP Request: POST https://api.telegram.org/bot8838756490:AAE1CAsIDfhrFN31LzqwCXZ-3Lu-3tXYN0Y/getUpdates "HTTP/1.1 200 OK"
2026-06-05 01:42:03,509 - httpx - INFO - HTTP Request: POST https://api.telegram.org/bot8838756490:AAE1CAsIDfhrFN31LzqwCXZ-3Lu-3tXYN0Y/getUpdates "HTTP/1.1 200 OK"
2026-06-05 01:42:13,697 - httpx - INFO - HTTP Request: POST https://api.telegram.org/bot8838756490:AAE1CAsIDfhrFN31LzqwCXZ-3Lu-3tXYN0Y/getUpdates "HTTP/1.1 200 OK"
2026-06-05 01:42:23,886 - httpx - INFO - HTTP Request: POST https://api.telegram.org/bot8838756490:AAE1CAsIDfhrFN31LzqwCXZ-3Lu-3tXYN0Y/getUpdates "HTTP/1.1 200 OK"
2026-06-05 01:42:34,073 - httpx - INFO - HTTP Request: POST https://api.telegram.org/bot8838756490:AAE1CAsIDfhrFN31LzqwCXZ-3Lu-3tXYN0Y/getUpdates "HTTP/1.1 200 OK"
2026-06-05 01:42:44,264 - httpx - INFO - HTTP Request: POST https://api.telegram.org/bot8838756490:AAE1CAsIDfhrFN31LzqwCXZ-3Lu-3tXYN0Y/getUpdates "HTTP/1.1 200 OK"
2026-06-05 01:42:54,479 - httpx - INFO - HTTP Request: POST https://api.telegram.org/bot8838756490:AAE1CAsIDfhrFN31LzqwCXZ-3Lu-3tXYN0Y/getUpdates "HTTP/1.1 200 OK"
2026-06-05 01:43:04,669 - httpx - INFO - HTTP Request: POST https://api.telegram.org/bot8838756490:AAE1CAsIDfhrFN31LzqwCXZ-3Lu-3tXYN0Y/getUpdates "HTTP/1.1 200 OK"
2026-06-05 01:43:14,858 - httpx - INFO - HTTP Request: POST https://api.telegram.org/bot8838756490:AAE1CAsIDfhrFN31LzqwCXZ-3Lu-3tXYN0Y/getUpdates "HTTP/1.1 200 OK"
2026-06-05 01:43:25,049 - httpx - INFO - HTTP Request: POST https://api.telegram.org/bot8838756490:AAE1CAsIDfhrFN31LzqwCXZ-3Lu-3tXYN0Y/getUpdates "HTTP/1.1 200 OK"
2026-06-05 01:43:35,234 - httpx - INFO - HTTP Request: POST https://api.telegram.org/bot8838756490:AAE1CAsIDfhrFN31LzqwCXZ-3Lu-3tXYN0Y/getUpdates "HTTP/1.1 200 OK"
2026-06-05 01:43:45,420 - httpx - INFO - HTTP Request: POST https://api.telegram.org/bot8838756490:AAE1CAsIDfhrFN31LzqwCXZ-3Lu-3tXYN0Y/getUpdates "HTTP/1.1 200 OK"
2026-06-05 01:43:55,609 - httpx - INFO - HTTP Request: POST https://api.telegram.org/bot8838756490:AAE1CAsIDfhrFN31LzqwCXZ-3Lu-3tXYN0Y/getUpdates "HTTP/1.1 200 OK"
2026-06-05 01:44:05,802 - httpx - INFO - HTTP Request: POST https://api.telegram.org/bot8838756490:AAE1CAsIDfhrFN31LzqwCXZ-3Lu-3tXYN0Y/getUpdates "HTTP/1.1 200 OK"
2026-06-05 01:44:15,994 - httpx - INFO - HTTP Request: POST https://api.telegram.org/bot8838756490:AAE1CAsIDfhrFN31LzqwCXZ-3Lu-3tXYN0Y/getUpdates "HTTP/1.1 200 OK"
2026-06-05 01:44:26,184 - httpx - INFO - HTTP Request: POST https://api.telegram.org/bot8838756490:AAE1CAsIDfhrFN31LzqwCXZ-3Lu-3tXYN0Y/getUpdates "HTTP/1.1 200 OK"
2026-06-05 01:44:36,373 - httpx - INFO - HTTP Request: POST https://api.telegram.org/bot8838756490:AAE1CAsIDfhrFN31LzqwCXZ-3Lu-3tXYN0Y/getUpdates "HTTP/1.1 200 OK"
2026-06-05 01:44:46,568 - httpx - INFO - HTTP Request: POST https://api.telegram.org/bot8838756490:AAE1CAsIDfhrFN31LzqwCXZ-3Lu-3tXYN0Y/getUpdates "HTTP/1.1 200 OK"
2026-06-05 01:44:56,755 - httpx - INFO - HTTP Request: POST https://api.telegram.org/bot8838756490:AAE1CAsIDfhrFN31LzqwCXZ-3Lu-3tXYN0Y/getUpdates "HTTP/1.1 200 OK"
2026-06-05 01:45:06,956 - httpx - INFO - HTTP Request: POST https://api.telegram.org/bot8838756490:AAE1CAsIDfhrFN31LzqwCXZ-3Lu-3tXYN0Y/getUpdates "HTTP/1.1 200 OK"
2026-06-05 01:45:17,142 - httpx - INFO - HTTP Request: POST https://api.telegram.org/bot8838756490:AAE1CAsIDfhrFN31LzqwCXZ-3Lu-3tXYN0Y/getUpdates "HTTP/1.1 200 OK"
2026-06-05 01:45:27,334 - httpx - INFO - HTTP Request: POST https://api.telegram.org/bot8838756490:AAE1CAsIDfhrFN31LzqwCXZ-3Lu-3tXYN0Y/getUpdates "HTTP/1.1 200 OK"
2026-06-05 01:45:37,532 - httpx - INFO - HTTP Request: POST https://api.telegram.org/bot8838756490:AAE1CAsIDfhrFN31LzqwCXZ-3Lu-3tXYN0Y/getUpdates "HTTP/1.1 200 OK"
2026-06-05 01:45:47,723 - httpx - INFO - HTTP Request: POST https://api.telegram.org/bot8838756490:AAE1CAsIDfhrFN31LzqwCXZ-3Lu-3tXYN0Y/getUpdates "HTTP/1.1 200 OK"
2026-06-05 01:45:57,908 - httpx - INFO - HTTP Request: POST https://api.telegram.org/bot8838756490:AAE1CAsIDfhrFN31LzqwCXZ-3Lu-3tXYN0Y/getUpdates "HTTP/1.1 200 OK"
2026-06-05 01:46:08,091 - httpx - INFO - HTTP Request: POST https://api.telegram.org/bot8838756490:AAE1CAsIDfhrFN31LzqwCXZ-3Lu-3tXYN0Y/getUpdates "HTTP/1.1 200 OK"
2026-06-05 01:46:18,277 - httpx - INFO - HTTP Request: POST https://api.telegram.org/bot8838756490:AAE1CAsIDfhrFN31LzqwCXZ-3Lu-3tXYN0Y/getUpdates "HTTP/1.1 200 OK"
2026-06-05 01:46:28,462 - httpx - INFO - HTTP Request: POST https://api.telegram.org/bot8838756490:AAE1CAsIDfhrFN31LzqwCXZ-3Lu-3tXYN0Y/getUpdates "HTTP/1.1 200 OK"
2026-06-05 01:46:38,644 - httpx - INFO - HTTP Request: POST https://api.telegram.org/bot8838756490:AAE1CAsIDfhrFN31LzqwCXZ-3Lu-3tXYN0Y/getUpdates "HTTP/1.1 200 OK"
2026-06-05 01:46:48,837 - httpx - INFO - HTTP Request: POST https://api.telegram.org/bot8838756490:AAE1CAsIDfhrFN31LzqwCXZ-3Lu-3tXYN0Y/getUpdates "HTTP/1.1 200 OK"
2026-06-05 01:46:59,017 - httpx - INFO - HTTP Request: POST https://api.telegram.org/bot8838756490:AAE1CAsIDfhrFN31LzqwCXZ-3Lu-3tXYN0Y/getUpdates "HTTP/1.1 200 OK"
2026-06-05 01:47:09,209 - httpx - INFO - HTTP Request: POST https://api.telegram.org/bot8838756490:AAE1CAsIDfhrFN31LzqwCXZ-3Lu-3tXYN0Y/getUpdates "HTTP/1.1 200 OK"
2026-06-05 01:47:19,395 - httpx - INFO - HTTP Request: POST https://api.telegram.org/bot8838756490:AAE1CAsIDfhrFN31LzqwCXZ-3Lu-3tXYN0Y/getUpdates "HTTP/1.1 200 OK"
2026-06-05 01:47:29,581 - httpx - INFO - HTTP Request: POST https://api.telegram.org/bot8838756490:AAE1CAsIDfhrFN31LzqwCXZ-3Lu-3tXYN0Y/getUpdates "HTTP/1.1 200 OK"
2026-06-05 01:47:39,800 - httpx - INFO - HTTP Request: POST https://api.telegram.org/bot8838756490:AAE1CAsIDfhrFN31LzqwCXZ-3Lu-3tXYN0Y/getUpdates "HTTP/1.1 200 OK"
2026-06-05 01:47:49,991 - httpx - INFO - HTTP Request: POST https://api.telegram.org/bot8838756490:AAE1CAsIDfhrFN31LzqwCXZ-3Lu-3tXYN0Y/getUpdates "HTTP/1.1 200 OK"
2026-06-05 01:48:00,180 - httpx - INFO - HTTP Request: POST https://api.telegram.org/bot8838756490:AAE1CAsIDfhrFN31LzqwCXZ-3Lu-3tXYN0Y/getUpdates "HTTP/1.1 200 OK"
2026-06-05 01:48:10,373 - httpx - INFO - HTTP Request: POST https://api.telegram.org/bot8838756490:AAE1CAsIDfhrFN31LzqwCXZ-3Lu-3tXYN0Y/getUpdates "HTTP/1.1 200 OK"
2026-06-05 01:48:20,561 - httpx - INFO - HTTP Request: POST https://api.telegram.org/bot8838756490:AAE1CAsIDfhrFN31LzqwCXZ-3Lu-3tXYN0Y/getUpdates "HTTP/1.1 200 OK"
2026-06-05 01:48:30,751 - httpx - INFO - HTTP Request: POST https://api.telegram.org/bot8838756490:AAE1CAsIDfhrFN31LzqwCXZ-3Lu-3tXYN0Y/getUpdates "HTTP/1.1 200 OK"
2026-06-05 01:48:40,956 - httpx - INFO - HTTP Request: POST https://api.telegram.org/bot8838756490:AAE1CAsIDfhrFN31LzqwCXZ-3Lu-3tXYN0Y/getUpdates "HTTP/1.1 200 OK"
2026-06-05 01:48:51,150 - httpx - INFO - HTTP Request: POST https://api.telegram.org/bot8838756490:AAE1CAsIDfhrFN31LzqwCXZ-3Lu-3tXYN0Y/getUpdates "HTTP/1.1 200 OK"
2026-06-05 01:49:01,333 - httpx - INFO - HTTP Request: POST https://api.telegram.org/bot8838756490:AAE1CAsIDfhrFN31LzqwCXZ-3Lu-3tXYN0Y/getUpdates "HTTP/1.1 200 OK"
2026-06-05 01:49:11,518 - httpx - INFO - HTTP Request: POST https://api.telegram.org/bot8838756490:AAE1CAsIDfhrFN31LzqwCXZ-3Lu-3tXYN0Y/getUpdates "HTTP/1.1 200 OK"
2026-06-05 01:49:21,713 - httpx - INFO - HTTP Request: POST https://api.telegram.org/bot8838756490:AAE1CAsIDfhrFN31LzqwCXZ-3Lu-3tXYN0Y/getUpdates "HTTP/1.1 200 OK"
2026-06-05 01:49:31,898 - httpx - INFO - HTTP Request: POST https://api.telegram.org/bot8838756490:AAE1CAsIDfhrFN31LzqwCXZ-3Lu-3tXYN0Y/getUpdates "HTTP/1.1 200 OK"
2026-06-05 01:49:42,084 - httpx - INFO - HTTP Request: POST https://api.telegram.org/bot8838756490:AAE1CAsIDfhrFN31LzqwCXZ-3Lu-3tXYN0Y/getUpdates "HTTP/1.1 200 OK"
2026-06-05 01:49:52,266 - httpx - INFO - HTTP Request: POST https://api.telegram.org/bot8838756490:AAE1CAsIDfhrFN31LzqwCXZ-3Lu-3tXYN0Y/getUpdates "HTTP/1.1 200 OK"
2026-06-05 01:50:02,454 - httpx - INFO - HTTP Request: POST https://api.telegram.org/bot8838756490:AAE1CAsIDfhrFN31LzqwCXZ-3Lu-3tXYN0Y/getUpdates "HTTP/1.1 200 OK"
2026-06-05 01:50:12,641 - httpx - INFO - HTTP Request: POST https://api.telegram.org/bot8838756490:AAE1CAsIDfhrFN31LzqwCXZ-3Lu-3tXYN0Y/getUpdates "HTTP/1.1 200 OK"
2026-06-05 01:50:22,824 - httpx - INFO - HTTP Request: POST https://api.telegram.org/bot8838756490:AAE1CAsIDfhrFN31LzqwCXZ-3Lu-3tXYN0Y/getUpdates "HTTP/1.1 200 OK"
2026-06-05 01:50:33,005 - httpx - INFO - HTTP Request: POST https://api.telegram.org/bot8838756490:AAE1CAsIDfhrFN31LzqwCXZ-3Lu-3tXYN0Y/getUpdates "HTTP/1.1 200 OK"
2026-06-05 01:50:43,188 - httpx - INFO - HTTP Request: POST https://api.telegram.org/bot8838756490:AAE1CAsIDfhrFN31LzqwCXZ-3Lu-3tXYN0Y/getUpdates "HTTP/1.1 200 OK"
2026-06-05 01:50:53,379 - httpx - INFO - HTTP Request: POST https://api.telegram.org/bot8838756490:AAE1CAsIDfhrFN31LzqwCXZ-3Lu-3tXYN0Y/getUpdates "HTTP/1.1 200 OK"
2026-06-05 01:51:03,569 - httpx - INFO - HTTP Request: POST https://api.telegram.org/bot8838756490:AAE1CAsIDfhrFN31LzqwCXZ-3Lu-3tXYN0Y/getUpdates "HTTP/1.1 200 OK"
2026-06-05 01:51:13,767 - httpx - INFO - HTTP Request: POST https://api.telegram.org/bot8838756490:AAE1CAsIDfhrFN31LzqwCXZ-3Lu-3tXYN0Y/getUpdates "HTTP/1.1 200 OK"
2026-06-05 01:51:23,957 - httpx - INFO - HTTP Request: POST https://api.telegram.org/bot8838756490:AAE1CAsIDfhrFN31LzqwCXZ-3Lu-3tXYN0Y/getUpdates "HTTP/1.1 200 OK"
2026-06-05 01:51:34,163 - httpx - INFO - HTTP Request: POST https://api.telegram.org/bot8838756490:AAE1CAsIDfhrFN31LzqwCXZ-3Lu-3tXYN0Y/getUpdates "HTTP/1.1 200 OK"
2026-06-05 01:51:44,351 - httpx - INFO - HTTP Request: POST https://api.telegram.org/bot8838756490:AAE1CAsIDfhrFN31LzqwCXZ-3Lu-3tXYN0Y/getUpdates "HTTP/1.1 200 OK"
2026-06-05 01:51:54,571 - httpx - INFO - HTTP Request: POST https://api.telegram.org/bot8838756490:AAE1CAsIDfhrFN31LzqwCXZ-3Lu-3tXYN0Y/getUpdates "HTTP/1.1 200 OK"
2026-06-05 01:52:04,758 - httpx - INFO - HTTP Request: POST https://api.telegram.org/bot8838756490:AAE1CAsIDfhrFN31LzqwCXZ-3Lu-3tXYN0Y/getUpdates "HTTP/1.1 200 OK"
2026-06-05 01:52:14,938 - httpx - INFO - HTTP Request: POST https://api.telegram.org/bot8838756490:AAE1CAsIDfhrFN31LzqwCXZ-3Lu-3tXYN0Y/getUpdates "HTTP/1.1 200 OK"
2026-06-05 01:52:25,124 - httpx - INFO - HTTP Request: POST https://api.telegram.org/bot8838756490:AAE1CAsIDfhrFN31LzqwCXZ-3Lu-3tXYN0Y/getUpdates "HTTP/1.1 200 OK"
2026-06-05 01:52:35,308 - httpx - INFO - HTTP Request: POST https://api.telegram.org/bot8838756490:AAE1CAsIDfhrFN31LzqwCXZ-3Lu-3tXYN0Y/getUpdates "HTTP/1.1 200 OK"
2026-06-05 01:52:45,495 - httpx - INFO - HTTP Request: POST https://api.telegram.org/bot8838756490:AAE1CAsIDfhrFN31LzqwCXZ-3Lu-3tXYN0Y/getUpdates "HTTP/1.1 200 OK"
2026-06-05 01:52:55,675 - httpx - INFO - HTTP Request: POST https://api.telegram.org/bot8838756490:AAE1CAsIDfhrFN31LzqwCXZ-3Lu-3tXYN0Y/getUpdates "HTTP/1.1 200 OK"
2026-06-05 01:53:05,855 - httpx - INFO - HTTP Request: POST https://api.telegram.org/bot8838756490:AAE1CAsIDfhrFN31LzqwCXZ-3Lu-3tXYN0Y/getUpdates "HTTP/1.1 200 OK"
2026-06-05 01:53:16,042 - httpx - INFO - HTTP Request: POST https://api.telegram.org/bot8838756490:AAE1CAsIDfhrFN31LzqwCXZ-3Lu-3tXYN0Y/getUpdates "HTTP/1.1 200 OK"
2026-06-05 01:53:26,223 - httpx - INFO - HTTP Request: POST https://api.telegram.org/bot8838756490:AAE1CAsIDfhrFN31LzqwCXZ-3Lu-3tXYN0Y/getUpdates "HTTP/1.1 200 OK"
2026-06-05 01:53:36,416 - httpx - INFO - HTTP Request: POST https://api.telegram.org/bot8838756490:AAE1CAsIDfhrFN31LzqwCXZ-3Lu-3tXYN0Y/getUpdates "HTTP/1.1 200 OK"
2026-06-05 01:53:46,603 - httpx - INFO - HTTP Request: POST https://api.telegram.org/bot8838756490:AAE1CAsIDfhrFN31LzqwCXZ-3Lu-3tXYN0Y/getUpdates "HTTP/1.1 200 OK"
2026-06-05 01:53:56,796 - httpx - INFO - HTTP Request: POST https://api.telegram.org/bot8838756490:AAE1CAsIDfhrFN31LzqwCXZ-3Lu-3tXYN0Y/getUpdates "HTTP/1.1 200 OK"
2026-06-05 01:54:06,982 - httpx - INFO - HTTP Request: POST https://api.telegram.org/bot8838756490:AAE1CAsIDfhrFN31LzqwCXZ-3Lu-3tXYN0Y/getUpdates "HTTP/1.1 200 OK"
2026-06-05 01:54:17,205 - httpx - INFO - HTTP Request: POST https://api.telegram.org/bot8838756490:AAE1CAsIDfhrFN31LzqwCXZ-3Lu-3tXYN0Y/getUpdates "HTTP/1.1 200 OK"
2026-06-05 01:54:27,394 - httpx - INFO - HTTP Request: POST https://api.telegram.org/bot8838756490:AAE1CAsIDfhrFN31LzqwCXZ-3Lu-3tXYN0Y/getUpdates "HTTP/1.1 200 OK"
2026-06-05 01:54:37,574 - httpx - INFO - HTTP Request: POST https://api.telegram.org/bot8838756490:AAE1CAsIDfhrFN31LzqwCXZ-3Lu-3tXYN0Y/getUpdates "HTTP/1.1 200 OK"
2026-06-05 01:54:47,754 - httpx - INFO - HTTP Request: POST https://api.telegram.org/bot8838756490:AAE1CAsIDfhrFN31LzqwCXZ-3Lu-3tXYN0Y/getUpdates "HTTP/1.1 200 OK"
2026-06-05 01:54:57,934 - httpx - INFO - HTTP Request: POST https://api.telegram.org/bot8838756490:AAE1CAsIDfhrFN31LzqwCXZ-3Lu-3tXYN0Y/getUpdates "HTTP/1.1 200 OK"
2026-06-05 01:55:08,127 - httpx - INFO - HTTP Request: POST https://api.telegram.org/bot8838756490:AAE1CAsIDfhrFN31LzqwCXZ-3Lu-3tXYN0Y/getUpdates "HTTP/1.1 200 OK"
2026-06-05 01:55:18,317 - httpx - INFO - HTTP Request: POST https://api.telegram.org/bot8838756490:AAE1CAsIDfhrFN31LzqwCXZ-3Lu-3tXYN0Y/getUpdates "HTTP/1.1 200 OK"
2026-06-05 01:55:28,507 - httpx - INFO - HTTP Request: POST https://api.telegram.org/bot8838756490:AAE1CAsIDfhrFN31LzqwCXZ-3Lu-3tXYN0Y/getUpdates "HTTP/1.1 200 OK"
2026-06-05 01:55:36,388 - httpx - INFO - HTTP Request: POST https://api.telegram.org/bot8838756490:AAE1CAsIDfhrFN31LzqwCXZ-3Lu-3tXYN0Y/getUpdates "HTTP/1.1 200 OK"
2026-06-05 01:55:36,955 - httpx - INFO - HTTP Request: POST https://api.telegram.org/bot8838756490:AAE1CAsIDfhrFN31LzqwCXZ-3Lu-3tXYN0Y/answerCallbackQuery "HTTP/1.1 200 OK"
2026-06-05 01:55:37,202 - httpx - INFO - HTTP Request: POST https://api.telegram.org/bot8838756490:AAE1CAsIDfhrFN31LzqwCXZ-3Lu-3tXYN0Y/editMessageText "HTTP/1.1 200 OK"
2026-06-05 01:55:46,580 - httpx - INFO - HTTP Request: POST https://api.telegram.org/bot8838756490:AAE1CAsIDfhrFN31LzqwCXZ-3Lu-3tXYN0Y/getUpdates "HTTP/1.1 200 OK"
2026-06-05 01:55:56,773 - httpx - INFO - HTTP Request: POST https://api.telegram.org/bot8838756490:AAE1CAsIDfhrFN31LzqwCXZ-3Lu-3tXYN0Y/getUpdates "HTTP/1.1 200 OK"
2026-06-05 01:56:06,960 - httpx - INFO - HTTP Request: POST https://api.telegram.org/bot8838756490:AAE1CAsIDfhrFN31LzqwCXZ-3Lu-3tXYN0Y/getUpdates "HTTP/1.1 200 OK"
2026-06-05 01:56:17,147 - httpx - INFO - HTTP Request: POST https://api.telegram.org/bot8838756490:AAE1CAsIDfhrFN31LzqwCXZ-3Lu-3tXYN0Y/getUpdates "HTTP/1.1 200 OK"
2026-06-05 01:56:27,326 - httpx - INFO - HTTP Request: POST https://api.telegram.org/bot8838756490:AAE1CAsIDfhrFN31LzqwCXZ-3Lu-3tXYN0Y/getUpdates "HTTP/1.1 200 OK"
2026-06-05 01:56:37,508 - httpx - INFO - HTTP Request: POST https://api.telegram.org/bot8838756490:AAE1CAsIDfhrFN31LzqwCXZ-3Lu-3tXYN0Y/getUpdates "HTTP/1.1 200 OK"
2026-06-05 01:56:47,706 - httpx - INFO - HTTP Request: POST https://api.telegram.org/bot8838756490:AAE1CAsIDfhrFN31LzqwCXZ-3Lu-3tXYN0Y/getUpdates "HTTP/1.1 200 OK"
2026-06-05 01:56:57,895 - httpx - INFO - HTTP Request: POST https://api.telegram.org/bot8838756490:AAE1CAsIDfhrFN31LzqwCXZ-3Lu-3tXYN0Y/getUpdates "HTTP/1.1 200 OK"
2026-06-05 01:57:08,086 - httpx - INFO - HTTP Request: POST https://api.telegram.org/bot8838756490:AAE1CAsIDfhrFN31LzqwCXZ-3Lu-3tXYN0Y/getUpdates "HTTP/1.1 200 OK"
2026-06-05 01:57:18,278 - httpx - INFO - HTTP Request: POST https://api.telegram.org/bot8838756490:AAE1CAsIDfhrFN31LzqwCXZ-3Lu-3tXYN0Y/getUpdates "HTTP/1.1 200 OK"
2026-06-05 01:57:28,470 - httpx - INFO - HTTP Request: POST https://api.telegram.org/bot8838756490:AAE1CAsIDfhrFN31LzqwCXZ-3Lu-3tXYN0Y/getUpdates "HTTP/1.1 200 OK"
2026-06-05 01:57:38,655 - httpx - INFO - HTTP Request: POST https://api.telegram.org/bot8838756490:AAE1CAsIDfhrFN31LzqwCXZ-3Lu-3tXYN0Y/getUpdates "HTTP/1.1 200 OK"
2026-06-05 01:57:48,840 - httpx - INFO - HTTP Request: POST https://api.telegram.org/bot8838756490:AAE1CAsIDfhrFN31LzqwCXZ-3Lu-3tXYN0Y/getUpdates "HTTP/1.1 200 OK"
2026-06-05 01:57:59,031 - httpx - INFO - HTTP Request: POST https://api.telegram.org/bot8838756490:AAE1CAsIDfhrFN31LzqwCXZ-3Lu-3tXYN0Y/getUpdates "HTTP/1.1 200 OK"
2026-06-05 01:58:09,226 - httpx - INFO - HTTP Request: POST https://api.telegram.org/bot8838756490:AAE1CAsIDfhrFN31LzqwCXZ-3Lu-3tXYN0Y/getUpdates "HTTP/1.1 200 OK"
2026-06-05 01:58:19,417 - httpx - INFO - HTTP Request: POST https://api.telegram.org/bot8838756490:AAE1CAsIDfhrFN31LzqwCXZ-3Lu-3tXYN0Y/getUpdates "HTTP/1.1 200 OK"
2026-06-05 01:58:29,605 - httpx - INFO - HTTP Request: POST https://api.telegram.org/bot8838756490:AAE1CAsIDfhrFN31LzqwCXZ-3Lu-3tXYN0Y/getUpdates "HTTP/1.1 200 OK"
2026-06-05 01:58:39,791 - httpx - INFO - HTTP Request: POST https://api.telegram.org/bot8838756490:AAE1CAsIDfhrFN31LzqwCXZ-3Lu-3tXYN0Y/getUpdates "HTTP/1.1 200 OK"
2026-06-05 01:58:49,982 - httpx - INFO - HTTP Request: POST https://api.telegram.org/bot8838756490:AAE1CAsIDfhrFN31LzqwCXZ-3Lu-3tXYN0Y/getUpdates "HTTP/1.1 200 OK"
2026-06-05 01:59:00,177 - httpx - INFO - HTTP Request: POST https://api.telegram.org/bot8838756490:AAE1CAsIDfhrFN31LzqwCXZ-3Lu-3tXYN0Y/getUpdates "HTTP/1.1 200 OK"
2026-06-05 01:59:10,359 - httpx - INFO - HTTP Request: POST https://api.telegram.org/bot8838756490:AAE1CAsIDfhrFN31LzqwCXZ-3Lu-3tXYN0Y/getUpdates "HTTP/1.1 200 OK"
2026-06-05 01:59:20,554 - httpx - INFO - HTTP Request: POST https://api.telegram.org/bot8838756490:AAE1CAsIDfhrFN31LzqwCXZ-3Lu-3tXYN0Y/getUpdates "HTTP/1.1 200 OK"
2026-06-05 01:59:30,750 - httpx - INFO - HTTP Request: POST https://api.telegram.org/bot8838756490:AAE1CAsIDfhrFN31LzqwCXZ-3Lu-3tXYN0Y/getUpdates "HTTP/1.1 200 OK"
2026-06-05 01:59:40,936 - httpx - INFO - HTTP Request: POST https://api.telegram.org/bot8838756490:AAE1CAsIDfhrFN31LzqwCXZ-3Lu-3tXYN0Y/getUpdates "HTTP/1.1 200 OK"
2026-06-05 01:59:51,129 - httpx - INFO - HTTP Request: POST https://api.telegram.org/bot8838756490:AAE1CAsIDfhrFN31LzqwCXZ-3Lu-3tXYN0Y/getUpdates "HTTP/1.1 200 OK"
2026-06-05 02:00:01,315 - httpx - INFO - HTTP Request: POST https://api.telegram.org/bot8838756490:AAE1CAsIDfhrFN31LzqwCXZ-3Lu-3tXYN0Y/getUpdates "HTTP/1.1 200 OK"
2026-06-05 02:00:11,511 - httpx - INFO - HTTP Request: POST https://api.telegram.org/bot8838756490:AAE1CAsIDfhrFN31LzqwCXZ-3Lu-3tXYN0Y/getUpdates "HTTP/1.1 200 OK"
2026-06-05 02:00:21,698 - httpx - INFO - HTTP Request: POST https://api.telegram.org/bot8838756490:AAE1CAsIDfhrFN31LzqwCXZ-3Lu-3tXYN0Y/getUpdates "HTTP/1.1 200 OK"
2026-06-05 02:00:31,884 - httpx - INFO - HTTP Request: POST https://api.telegram.org/bot8838756490:AAE1CAsIDfhrFN31LzqwCXZ-3Lu-3tXYN0Y/getUpdates "HTTP/1.1 200 OK"
2026-06-05 02:00:42,071 - httpx - INFO - HTTP Request: POST https://api.telegram.org/bot8838756490:AAE1CAsIDfhrFN31LzqwCXZ-3Lu-3tXYN0Y/getUpdates "HTTP/1.1 200 OK"
2026-06-05 02:00:52,257 - httpx - INFO - HTTP Request: POST https://api.telegram.org/bot8838756490:AAE1CAsIDfhrFN31LzqwCXZ-3Lu-3tXYN0Y/getUpdates "HTTP/1.1 200 OK"
2026-06-05 02:01:02,459 - httpx - INFO - HTTP Request: POST https://api.telegram.org/bot8838756490:AAE1CAsIDfhrFN31LzqwCXZ-3Lu-3tXYN0Y/getUpdates "HTTP/1.1 200 OK"
2026-06-05 02:01:12,651 - httpx - INFO - HTTP Request: POST https://api.telegram.org/bot8838756490:AAE1CAsIDfhrFN31LzqwCXZ-3Lu-3tXYN0Y/getUpdates "HTTP/1.1 200 OK"
2026-06-05 02:01:22,836 - httpx - INFO - HTTP Request: POST https://api.telegram.org/bot8838756490:AAE1CAsIDfhrFN31LzqwCXZ-3Lu-3tXYN0Y/getUpdates "HTTP/1.1 200 OK"
2026-06-05 02:01:33,028 - httpx - INFO - HTTP Request: POST https://api.telegram.org/bot8838756490:AAE1CAsIDfhrFN31LzqwCXZ-3Lu-3tXYN0Y/getUpdates "HTTP/1.1 200 OK"
2026-06-05 02:01:43,220 - httpx - INFO - HTTP Request: POST https://api.telegram.org/bot8838756490:AAE1CAsIDfhrFN31LzqwCXZ-3Lu-3tXYN0Y/getUpdates "HTTP/1.1 200 OK"
2026-06-05 02:01:53,409 - httpx - INFO - HTTP Request: POST https://api.telegram.org/bot8838756490:AAE1CAsIDfhrFN31LzqwCXZ-3Lu-3tXYN0Y/getUpdates "HTTP/1.1 200 OK"
2026-06-05 02:02:03,602 - httpx - INFO - HTTP Request: POST https://api.telegram.org/bot8838756490:AAE1CAsIDfhrFN31LzqwCXZ-3Lu-3tXYN0Y/getUpdates "HTTP/1.1 200 OK"
2026-06-05 02:02:13,786 - httpx - INFO - HTTP Request: POST https://api.telegram.org/bot8838756490:AAE1CAsIDfhrFN31LzqwCXZ-3Lu-3tXYN0Y/getUpdates "HTTP/1.1 200 OK"
2026-06-05 02:02:23,977 - httpx - INFO - HTTP Request: POST https://api.telegram.org/bot8838756490:AAE1CAsIDfhrFN31LzqwCXZ-3Lu-3tXYN0Y/getUpdates "HTTP/1.1 200 OK"
2026-06-05 02:02:34,168 - httpx - INFO - HTTP Request: POST https://api.telegram.org/bot8838756490:AAE1CAsIDfhrFN31LzqwCXZ-3Lu-3tXYN0Y/getUpdates "HTTP/1.1 200 OK"
2026-06-05 02:02:44,353 - httpx - INFO - HTTP Request: POST https://api.telegram.org/bot8838756490:AAE1CAsIDfhrFN31LzqwCXZ-3Lu-3tXYN0Y/getUpdates "HTTP/1.1 200 OK"
2026-06-05 02:02:54,551 - httpx - INFO - HTTP Request: POST https://api.telegram.org/bot8838756490:AAE1CAsIDfhrFN31LzqwCXZ-3Lu-3tXYN0Y/getUpdates "HTTP/1.1 200 OK"
2026-06-05 02:03:04,736 - httpx - INFO - HTTP Request: POST https://api.telegram.org/bot8838756490:AAE1CAsIDfhrFN31LzqwCXZ-3Lu-3tXYN0Y/getUpdates "HTTP/1.1 200 OK"
2026-06-05 02:03:14,925 - httpx - INFO - HTTP Request: POST https://api.telegram.org/bot8838756490:AAE1CAsIDfhrFN31LzqwCXZ-3Lu-3tXYN0Y/getUpdates "HTTP/1.1 200 OK"
2026-06-05 02:03:25,111 - httpx - INFO - HTTP Request: POST https://api.telegram.org/bot8838756490:AAE1CAsIDfhrFN31LzqwCXZ-3Lu-3tXYN0Y/getUpdates "HTTP/1.1 200 OK"
2026-06-05 02:03:35,308 - httpx - INFO - HTTP Request: POST https://api.telegram.org/bot8838756490:AAE1CAsIDfhrFN31LzqwCXZ-3Lu-3tXYN0Y/getUpdates "HTTP/1.1 200 OK"
2026-06-05 02:03:45,513 - httpx - INFO - HTTP Request: POST https://api.telegram.org/bot8838756490:AAE1CAsIDfhrFN31LzqwCXZ-3Lu-3tXYN0Y/getUpdates "HTTP/1.1 200 OK"
2026-06-05 02:03:55,703 - httpx - INFO - HTTP Request: POST https://api.telegram.org/bot8838756490:AAE1CAsIDfhrFN31LzqwCXZ-3Lu-3tXYN0Y/getUpdates "HTTP/1.1 200 OK"
2026-06-05 02:04:05,894 - httpx - INFO - HTTP Request: POST https://api.telegram.org/bot8838756490:AAE1CAsIDfhrFN31LzqwCXZ-3Lu-3tXYN0Y/getUpdates "HTTP/1.1 200 OK"
2026-06-05 02:04:16,084 - httpx - INFO - HTTP Request: POST https://api.telegram.org/bot8838756490:AAE1CAsIDfhrFN31LzqwCXZ-3Lu-3tXYN0Y/getUpdates "HTTP/1.1 200 OK"
2026-06-05 02:04:26,278 - httpx - INFO - HTTP Request: POST https://api.telegram.org/bot8838756490:AAE1CAsIDfhrFN31LzqwCXZ-3Lu-3tXYN0Y/getUpdates "HTTP/1.1 200 OK"
2026-06-05 02:04:36,476 - httpx - INFO - HTTP Request: POST https://api.telegram.org/bot8838756490:AAE1CAsIDfhrFN31LzqwCXZ-3Lu-3tXYN0Y/getUpdates "HTTP/1.1 200 OK"
2026-06-05 02:04:46,669 - httpx - INFO - HTTP Request: POST https://api.telegram.org/bot8838756490:AAE1CAsIDfhrFN31LzqwCXZ-3Lu-3tXYN0Y/getUpdates "HTTP/1.1 200 OK"
2026-06-05 02:04:56,861 - httpx - INFO - HTTP Request: POST https://api.telegram.org/bot8838756490:AAE1CAsIDfhrFN31LzqwCXZ-3Lu-3tXYN0Y/getUpdates "HTTP/1.1 200 OK"
2026-06-05 02:05:07,047 - httpx - INFO - HTTP Request: POST https://api.telegram.org/bot8838756490:AAE1CAsIDfhrFN31LzqwCXZ-3Lu-3tXYN0Y/getUpdates "HTTP/1.1 200 OK"
2026-06-05 02:05:17,242 - httpx - INFO - HTTP Request: POST https://api.telegram.org/bot8838756490:AAE1CAsIDfhrFN31LzqwCXZ-3Lu-3tXYN0Y/getUpdates "HTTP/1.1 200 OK"
2026-06-05 02:05:27,432 - httpx - INFO - HTTP Request: POST https://api.telegram.org/bot8838756490:AAE1CAsIDfhrFN31LzqwCXZ-3Lu-3tXYN0Y/getUpdates "HTTP/1.1 200 OK"
2026-06-05 02:05:37,619 - httpx - INFO - HTTP Request: POST https://api.telegram.org/bot8838756490:AAE1CAsIDfhrFN31LzqwCXZ-3Lu-3tXYN0Y/getUpdates "HTTP/1.1 200 OK"
2026-06-05 02:05:47,809 - httpx - INFO - HTTP Request: POST https://api.telegram.org/bot8838756490:AAE1CAsIDfhrFN31LzqwCXZ-3Lu-3tXYN0Y/getUpdates "HTTP/1.1 200 OK"
2026-06-05 02:05:58,002 - httpx - INFO - HTTP Request: POST https://api.telegram.org/bot8838756490:AAE1CAsIDfhrFN31LzqwCXZ-3Lu-3tXYN0Y/getUpdates "HTTP/1.1 200 OK"
2026-06-05 02:06:08,195 - httpx - INFO - HTTP Request: POST https://api.telegram.org/bot8838756490:AAE1CAsIDfhrFN31LzqwCXZ-3Lu-3tXYN0Y/getUpdates "HTTP/1.1 200 OK"
2026-06-05 02:06:18,388 - httpx - INFO - HTTP Request: POST https://api.telegram.org/bot8838756490:AAE1CAsIDfhrFN31LzqwCXZ-3Lu-3tXYN0Y/getUpdates "HTTP/1.1 200 OK"
2026-06-05 02:06:28,580 - httpx - INFO - HTTP Request: POST https://api.telegram.org/bot8838756490:AAE1CAsIDfhrFN31LzqwCXZ-3Lu-3tXYN0Y/getUpdates "HTTP/1.1 200 OK"
2026-06-05 02:06:38,767 - httpx - INFO - HTTP Request: POST https://api.telegram.org/bot8838756490:AAE1CAsIDfhrFN31LzqwCXZ-3Lu-3tXYN0Y/getUpdates "HTTP/1.1 200 OK"
2026-06-05 02:06:48,972 - httpx - INFO - HTTP Request: POST https://api.telegram.org/bot8838756490:AAE1CAsIDfhrFN31LzqwCXZ-3Lu-3tXYN0Y/getUpdates "HTTP/1.1 200 OK"
2026-06-05 02:06:59,163 - httpx - INFO - HTTP Request: POST https://api.telegram.org/bot8838756490:AAE1CAsIDfhrFN31LzqwCXZ-3Lu-3tXYN0Y/getUpdates "HTTP/1.1 200 OK"
2026-06-05 02:07:09,346 - httpx - INFO - HTTP Request: POST https://api.telegram.org/bot8838756490:AAE1CAsIDfhrFN31LzqwCXZ-3Lu-3tXYN0Y/getUpdates "HTTP/1.1 200 OK"
2026-06-05 02:07:19,532 - httpx - INFO - HTTP Request: POST https://api.telegram.org/bot8838756490:AAE1CAsIDfhrFN31LzqwCXZ-3Lu-3tXYN0Y/getUpdates "HTTP/1.1 200 OK"
2026-06-05 02:07:29,719 - httpx - INFO - HTTP Request: POST https://api.telegram.org/bot8838756490:AAE1CAsIDfhrFN31LzqwCXZ-3Lu-3tXYN0Y/getUpdates "HTTP/1.1 200 OK"
2026-06-05 02:07:39,908 - httpx - INFO - HTTP Request: POST https://api.telegram.org/bot8838756490:AAE1CAsIDfhrFN31LzqwCXZ-3Lu-3tXYN0Y/getUpdates "HTTP/1.1 200 OK"
2026-06-05 02:07:50,098 - httpx - INFO - HTTP Request: POST https://api.telegram.org/bot8838756490:AAE1CAsIDfhrFN31LzqwCXZ-3Lu-3tXYN0Y/getUpdates "HTTP/1.1 200 OK"
2026-06-05 02:08:00,285 - httpx - INFO - HTTP Request: POST https://api.telegram.org/bot8838756490:AAE1CAsIDfhrFN31LzqwCXZ-3Lu-3tXYN0Y/getUpdates "HTTP/1.1 200 OK"
2026-06-05 02:08:10,472 - httpx - INFO - HTTP Request: POST https://api.telegram.org/bot8838756490:AAE1CAsIDfhrFN31LzqwCXZ-3Lu-3tXYN0Y/getUpdates "HTTP/1.1 200 OK"
2026-06-05 02:08:20,664 - httpx - INFO - HTTP Request: POST https://api.telegram.org/bot8838756490:AAE1CAsIDfhrFN31LzqwCXZ-3Lu-3tXYN0Y/getUpdates "HTTP/1.1 200 OK"
2026-06-05 02:08:30,846 - httpx - INFO - HTTP Request: POST https://api.telegram.org/bot8838756490:AAE1CAsIDfhrFN31LzqwCXZ-3Lu-3tXYN0Y/getUpdates "HTTP/1.1 200 OK"
2026-06-05 02:08:41,031 - httpx - INFO - HTTP Request: POST https://api.telegram.org/bot8838756490:AAE1CAsIDfhrFN31LzqwCXZ-3Lu-3tXYN0Y/getUpdates "HTTP/1.1 200 OK"
2026-06-05 02:08:51,217 - httpx - INFO - HTTP Request: POST https://api.telegram.org/bot8838756490:AAE1CAsIDfhrFN31LzqwCXZ-3Lu-3tXYN0Y/getUpdates "HTTP/1.1 200 OK"
2026-06-05 02:09:01,409 - httpx - INFO - HTTP Request: POST https://api.telegram.org/bot8838756490:AAE1CAsIDfhrFN31LzqwCXZ-3Lu-3tXYN0Y/getUpdates "HTTP/1.1 200 OK"
2026-06-05 02:09:11,604 - httpx - INFO - HTTP Request: POST https://api.telegram.org/bot8838756490:AAE1CAsIDfhrFN31LzqwCXZ-3Lu-3tXYN0Y/getUpdates "HTTP/1.1 200 OK"
2026-06-05 02:09:21,795 - httpx - INFO - HTTP Request: POST https://api.telegram.org/bot8838756490:AAE1CAsIDfhrFN31LzqwCXZ-3Lu-3tXYN0Y/getUpdates "HTTP/1.1 200 OK"
2026-06-05 02:09:31,983 - httpx - INFO - HTTP Request: POST https://api.telegram.org/bot8838756490:AAE1CAsIDfhrFN31LzqwCXZ-3Lu-3tXYN0Y/getUpdates "HTTP/1.1 200 OK"
2026-06-05 02:09:42,184 - httpx - INFO - HTTP Request: POST https://api.telegram.org/bot8838756490:AAE1CAsIDfhrFN31LzqwCXZ-3Lu-3tXYN0Y/getUpdates "HTTP/1.1 200 OK"
2026-06-05 02:09:52,372 - httpx - INFO - HTTP Request: POST https://api.telegram.org/bot8838756490:AAE1CAsIDfhrFN31LzqwCXZ-3Lu-3tXYN0Y/getUpdates "HTTP/1.1 200 OK"
2026-06-05 02:10:02,562 - httpx - INFO - HTTP Request: POST https://api.telegram.org/bot8838756490:AAE1CAsIDfhrFN31LzqwCXZ-3Lu-3tXYN0Y/getUpdates "HTTP/1.1 200 OK"
2026-06-05 02:10:12,749 - httpx - INFO - HTTP Request: POST https://api.telegram.org/bot8838756490:AAE1CAsIDfhrFN31LzqwCXZ-3Lu-3tXYN0Y/getUpdates "HTTP/1.1 200 OK"
2026-06-05 02:10:22,937 - httpx - INFO - HTTP Request: POST https://api.telegram.org/bot8838756490:AAE1CAsIDfhrFN31LzqwCXZ-3Lu-3tXYN0Y/getUpdates "HTTP/1.1 200 OK"
2026-06-05 02:10:33,130 - httpx - INFO - HTTP Request: POST https://api.telegram.org/bot8838756490:AAE1CAsIDfhrFN31LzqwCXZ-3Lu-3tXYN0Y/getUpdates "HTTP/1.1 200 OK"
2026-06-05 02:10:43,310 - httpx - INFO - HTTP Request: POST https://api.telegram.org/bot8838756490:AAE1CAsIDfhrFN31LzqwCXZ-3Lu-3tXYN0Y/getUpdates "HTTP/1.1 200 OK"
2026-06-05 02:10:53,495 - httpx - INFO - HTTP Request: POST https://api.telegram.org/bot8838756490:AAE1CAsIDfhrFN31LzqwCXZ-3Lu-3tXYN0Y/getUpdates "HTTP/1.1 200 OK"
2026-06-05 02:11:03,693 - httpx - INFO - HTTP Request: POST https://api.telegram.org/bot8838756490:AAE1CAsIDfhrFN31LzqwCXZ-3Lu-3tXYN0Y/getUpdates "HTTP/1.1 200 OK"
2026-06-05 02:11:13,885 - httpx - INFO - HTTP Request: POST https://api.telegram.org/bot8838756490:AAE1CAsIDfhrFN31LzqwCXZ-3Lu-3tXYN0Y/getUpdates "HTTP/1.1 200 OK"
2026-06-05 02:11:24,073 - httpx - INFO - HTTP Request: POST https://api.telegram.org/bot8838756490:AAE1CAsIDfhrFN31LzqwCXZ-3Lu-3tXYN0Y/getUpdates "HTTP/1.1 200 OK"
2026-06-05 02:11:34,268 - httpx - INFO - HTTP Request: POST https://api.telegram.org/bot8838756490:AAE1CAsIDfhrFN31LzqwCXZ-3Lu-3tXYN0Y/getUpdates "HTTP/1.1 200 OK"
2026-06-05 02:11:44,464 - httpx - INFO - HTTP Request: POST https://api.telegram.org/bot8838756490:AAE1CAsIDfhrFN31LzqwCXZ-3Lu-3tXYN0Y/getUpdates "HTTP/1.1 200 OK"
2026-06-05 02:11:54,657 - httpx - INFO - HTTP Request: POST https://api.telegram.org/bot8838756490:AAE1CAsIDfhrFN31LzqwCXZ-3Lu-3tXYN0Y/getUpdates "HTTP/1.1 200 OK"
2026-06-05 02:12:04,856 - httpx - INFO - HTTP Request: POST https://api.telegram.org/bot8838756490:AAE1CAsIDfhrFN31LzqwCXZ-3Lu-3tXYN0Y/getUpdates "HTTP/1.1 200 OK"
2026-06-05 02:12:15,045 - httpx - INFO - HTTP Request: POST https://api.telegram.org/bot8838756490:AAE1CAsIDfhrFN31LzqwCXZ-3Lu-3tXYN0Y/getUpdates "HTTP/1.1 200 OK"
2026-06-05 02:12:25,236 - httpx - INFO - HTTP Request: POST https://api.telegram.org/bot8838756490:AAE1CAsIDfhrFN31LzqwCXZ-3Lu-3tXYN0Y/getUpdates "HTTP/1.1 200 OK"
2026-06-05 02:12:35,422 - httpx - INFO - HTTP Request: POST https://api.telegram.org/bot8838756490:AAE1CAsIDfhrFN31LzqwCXZ-3Lu-3tXYN0Y/getUpdates "HTTP/1.1 200 OK"
2026-06-05 02:12:45,611 - httpx - INFO - HTTP Request: POST https://api.telegram.org/bot8838756490:AAE1CAsIDfhrFN31LzqwCXZ-3Lu-3tXYN0Y/getUpdates "HTTP/1.1 200 OK"
2026-06-05 02:12:55,802 - httpx - INFO - HTTP Request: POST https://api.telegram.org/bot8838756490:AAE1CAsIDfhrFN31LzqwCXZ-3Lu-3tXYN0Y/getUpdates "HTTP/1.1 200 OK"
2026-06-05 02:13:05,987 - httpx - INFO - HTTP Request: POST https://api.telegram.org/bot8838756490:AAE1CAsIDfhrFN31LzqwCXZ-3Lu-3tXYN0Y/getUpdates "HTTP/1.1 200 OK"
2026-06-05 02:13:16,175 - httpx - INFO - HTTP Request: POST https://api.telegram.org/bot8838756490:AAE1CAsIDfhrFN31LzqwCXZ-3Lu-3tXYN0Y/getUpdates "HTTP/1.1 200 OK"
2026-06-05 02:13:26,367 - httpx - INFO - HTTP Request: POST https://api.telegram.org/bot8838756490:AAE1CAsIDfhrFN31LzqwCXZ-3Lu-3tXYN0Y/getUpdates "HTTP/1.1 200 OK"
2026-06-05 02:13:36,593 - httpx - INFO - HTTP Request: POST https://api.telegram.org/bot8838756490:AAE1CAsIDfhrFN31LzqwCXZ-3Lu-3tXYN0Y/getUpdates "HTTP/1.1 200 OK"
2026-06-05 02:13:46,780 - httpx - INFO - HTTP Request: POST https://api.telegram.org/bot8838756490:AAE1CAsIDfhrFN31LzqwCXZ-3Lu-3tXYN0Y/getUpdates "HTTP/1.1 200 OK"
2026-06-05 02:13:56,964 - httpx - INFO - HTTP Request: POST https://api.telegram.org/bot8838756490:AAE1CAsIDfhrFN31LzqwCXZ-3Lu-3tXYN0Y/getUpdates "HTTP/1.1 200 OK"
2026-06-05 02:14:07,158 - httpx - INFO - HTTP Request: POST https://api.telegram.org/bot8838756490:AAE1CAsIDfhrFN31LzqwCXZ-3Lu-3tXYN0Y/getUpdates "HTTP/1.1 200 OK"
2026-06-05 02:14:17,347 - httpx - INFO - HTTP Request: POST https://api.telegram.org/bot8838756490:AAE1CAsIDfhrFN31LzqwCXZ-3Lu-3tXYN0Y/getUpdates "HTTP/1.1 200 OK"
2026-06-05 02:14:27,535 - httpx - INFO - HTTP Request: POST https://api.telegram.org/bot8838756490:AAE1CAsIDfhrFN31LzqwCXZ-3Lu-3tXYN0Y/getUpdates "HTTP/1.1 200 OK"
2026-06-05 02:14:37,723 - httpx - INFO - HTTP Request: POST https://api.telegram.org/bot8838756490:AAE1CAsIDfhrFN31LzqwCXZ-3Lu-3tXYN0Y/getUpdates "HTTP/1.1 200 OK"
2026-06-05 02:14:47,910 - httpx - INFO - HTTP Request: POST https://api.telegram.org/bot8838756490:AAE1CAsIDfhrFN31LzqwCXZ-3Lu-3tXYN0Y/getUpdates "HTTP/1.1 200 OK"
2026-06-05 02:14:58,103 - httpx - INFO - HTTP Request: POST https://api.telegram.org/bot8838756490:AAE1CAsIDfhrFN31LzqwCXZ-3Lu-3tXYN0Y/getUpdates "HTTP/1.1 200 OK"
2026-06-05 02:15:08,302 - httpx - INFO - HTTP Request: POST https://api.telegram.org/bot8838756490:AAE1CAsIDfhrFN31LzqwCXZ-3Lu-3tXYN0Y/getUpdates "HTTP/1.1 200 OK"
2026-06-05 02:15:18,499 - httpx - INFO - HTTP Request: POST https://api.telegram.org/bot8838756490:AAE1CAsIDfhrFN31LzqwCXZ-3Lu-3tXYN0Y/getUpdates "HTTP/1.1 200 OK"
2026-06-05 02:15:28,690 - httpx - INFO - HTTP Request: POST https://api.telegram.org/bot8838756490:AAE1CAsIDfhrFN31LzqwCXZ-3Lu-3tXYN0Y/getUpdates "HTTP/1.1 200 OK"
2026-06-05 02:15:38,875 - httpx - INFO - HTTP Request: POST https://api.telegram.org/bot8838756490:AAE1CAsIDfhrFN31LzqwCXZ-3Lu-3tXYN0Y/getUpdates "HTTP/1.1 200 OK"
2026-06-05 02:15:49,060 - httpx - INFO - HTTP Request: POST https://api.telegram.org/bot8838756490:AAE1CAsIDfhrFN31LzqwCXZ-3Lu-3tXYN0Y/getUpdates "HTTP/1.1 200 OK"
2026-06-05 02:15:59,250 - httpx - INFO - HTTP Request: POST https://api.telegram.org/bot8838756490:AAE1CAsIDfhrFN31LzqwCXZ-3Lu-3tXYN0Y/getUpdates "HTTP/1.1 200 OK"
2026-06-05 02:16:09,439 - httpx - INFO - HTTP Request: POST https://api.telegram.org/bot8838756490:AAE1CAsIDfhrFN31LzqwCXZ-3Lu-3tXYN0Y/getUpdates "HTTP/1.1 200 OK"
2026-06-05 02:16:19,620 - httpx - INFO - HTTP Request: POST https://api.telegram.org/bot8838756490:AAE1CAsIDfhrFN31LzqwCXZ-3Lu-3tXYN0Y/getUpdates "HTTP/1.1 200 OK"
2026-06-05 02:16:29,813 - httpx - INFO - HTTP Request: POST https://api.telegram.org/bot8838756490:AAE1CAsIDfhrFN31LzqwCXZ-3Lu-3tXYN0Y/getUpdates "HTTP/1.1 200 OK"
2026-06-05 02:16:40,003 - httpx - INFO - HTTP Request: POST https://api.telegram.org/bot8838756490:AAE1CAsIDfhrFN31LzqwCXZ-3Lu-3tXYN0Y/getUpdates "HTTP/1.1 200 OK"
2026-06-05 02:16:50,191 - httpx - INFO - HTTP Request: POST https://api.telegram.org/bot8838756490:AAE1CAsIDfhrFN31LzqwCXZ-3Lu-3tXYN0Y/getUpdates "HTTP/1.1 200 OK"
2026-06-05 02:17:00,383 - httpx - INFO - HTTP Request: POST https://api.telegram.org/bot8838756490:AAE1CAsIDfhrFN31LzqwCXZ-3Lu-3tXYN0Y/getUpdates "HTTP/1.1 200 OK"
2026-06-05 02:17:10,573 - httpx - INFO - HTTP Request: POST https://api.telegram.org/bot8838756490:AAE1CAsIDfhrFN31LzqwCXZ-3Lu-3tXYN0Y/getUpdates "HTTP/1.1 200 OK"
2026-06-05 02:17:20,760 - httpx - INFO - HTTP Request: POST https://api.telegram.org/bot8838756490:AAE1CAsIDfhrFN31LzqwCXZ-3Lu-3tXYN0Y/getUpdates "HTTP/1.1 200 OK"
2026-06-05 02:17:30,945 - httpx - INFO - HTTP Request: POST https://api.telegram.org/bot8838756490:AAE1CAsIDfhrFN31LzqwCXZ-3Lu-3tXYN0Y/getUpdates "HTTP/1.1 200 OK"
2026-06-05 02:17:41,135 - httpx - INFO - HTTP Request: POST https://api.telegram.org/bot8838756490:AAE1CAsIDfhrFN31LzqwCXZ-3Lu-3tXYN0Y/getUpdates "HTTP/1.1 200 OK"
2026-06-05 02:17:51,324 - httpx - INFO - HTTP Request: POST https://api.telegram.org/bot8838756490:AAE1CAsIDfhrFN31LzqwCXZ-3Lu-3tXYN0Y/getUpdates "HTTP/1.1 200 OK"
2026-06-05 02:18:01,520 - httpx - INFO - HTTP Request: POST https://api.telegram.org/bot8838756490:AAE1CAsIDfhrFN31LzqwCXZ-3Lu-3tXYN0Y/getUpdates "HTTP/1.1 200 OK"
2026-06-05 02:18:11,706 - httpx - INFO - HTTP Request: POST https://api.telegram.org/bot8838756490:AAE1CAsIDfhrFN31LzqwCXZ-3Lu-3tXYN0Y/getUpdates "HTTP/1.1 200 OK"
2026-06-05 02:18:21,887 - httpx - INFO - HTTP Request: POST https://api.telegram.org/bot8838756490:AAE1CAsIDfhrFN31LzqwCXZ-3Lu-3tXYN0Y/getUpdates "HTTP/1.1 200 OK"
2026-06-05 02:18:32,076 - httpx - INFO - HTTP Request: POST https://api.telegram.org/bot8838756490:AAE1CAsIDfhrFN31LzqwCXZ-3Lu-3tXYN0Y/getUpdates "HTTP/1.1 200 OK"
2026-06-05 02:18:42,266 - httpx - INFO - HTTP Request: POST https://api.telegram.org/bot8838756490:AAE1CAsIDfhrFN31LzqwCXZ-3Lu-3tXYN0Y/getUpdates "HTTP/1.1 200 OK"
2026-06-05 02:18:52,455 - httpx - INFO - HTTP Request: POST https://api.telegram.org/bot8838756490:AAE1CAsIDfhrFN31LzqwCXZ-3Lu-3tXYN0Y/getUpdates "HTTP/1.1 200 OK"
2026-06-05 02:19:02,645 - httpx - INFO - HTTP Request: POST https://api.telegram.org/bot8838756490:AAE1CAsIDfhrFN31LzqwCXZ-3Lu-3tXYN0Y/getUpdates "HTTP/1.1 200 OK"
2026-06-05 02:19:12,832 - httpx - INFO - HTTP Request: POST https://api.telegram.org/bot8838756490:AAE1CAsIDfhrFN31LzqwCXZ-3Lu-3tXYN0Y/getUpdates "HTTP/1.1 200 OK"
2026-06-05 02:19:23,019 - httpx - INFO - HTTP Request: POST https://api.telegram.org/bot8838756490:AAE1CAsIDfhrFN31LzqwCXZ-3Lu-3tXYN0Y/getUpdates "HTTP/1.1 200 OK"
2026-06-05 02:19:33,199 - httpx - INFO - HTTP Request: POST https://api.telegram.org/bot8838756490:AAE1CAsIDfhrFN31LzqwCXZ-3Lu-3tXYN0Y/getUpdates "HTTP/1.1 200 OK"
2026-06-05 02:19:43,397 - httpx - INFO - HTTP Request: POST https://api.telegram.org/bot8838756490:AAE1CAsIDfhrFN31LzqwCXZ-3Lu-3tXYN0Y/getUpdates "HTTP/1.1 200 OK"
2026-06-05 02:19:53,587 - httpx - INFO - HTTP Request: POST https://api.telegram.org/bot8838756490:AAE1CAsIDfhrFN31LzqwCXZ-3Lu-3tXYN0Y/getUpdates "HTTP/1.1 200 OK"
2026-06-05 02:20:03,788 - httpx - INFO - HTTP Request: POST https://api.telegram.org/bot8838756490:AAE1CAsIDfhrFN31LzqwCXZ-3Lu-3tXYN0Y/getUpdates "HTTP/1.1 200 OK"
2026-06-05 02:20:13,981 - httpx - INFO - HTTP Request: POST https://api.telegram.org/bot8838756490:AAE1CAsIDfhrFN31LzqwCXZ-3Lu-3tXYN0Y/getUpdates "HTTP/1.1 200 OK"
2026-06-05 02:20:24,523 - httpx - INFO - HTTP Request: POST https://api.telegram.org/bot8838756490:AAE1CAsIDfhrFN31LzqwCXZ-3Lu-3tXYN0Y/getUpdates "HTTP/1.1 200 OK"
2026-06-05 02:20:34,695 - httpx - INFO - HTTP Request: POST https://api.telegram.org/bot8838756490:AAE1CAsIDfhrFN31LzqwCXZ-3Lu-3tXYN0Y/getUpdates "HTTP/1.1 200 OK"
2026-06-05 02:20:44,868 - httpx - INFO - HTTP Request: POST https://api.telegram.org/bot8838756490:AAE1CAsIDfhrFN31LzqwCXZ-3Lu-3tXYN0Y/getUpdates "HTTP/1.1 200 OK"
2026-06-05 02:20:55,034 - httpx - INFO - HTTP Request: POST https://api.telegram.org/bot8838756490:AAE1CAsIDfhrFN31LzqwCXZ-3Lu-3tXYN0Y/getUpdates "HTTP/1.1 200 OK"
2026-06-05 02:21:05,206 - httpx - INFO - HTTP Request: POST https://api.telegram.org/bot8838756490:AAE1CAsIDfhrFN31LzqwCXZ-3Lu-3tXYN0Y/getUpdates "HTTP/1.1 200 OK"
2026-06-05 02:21:15,373 - httpx - INFO - HTTP Request: POST https://api.telegram.org/bot8838756490:AAE1CAsIDfhrFN31LzqwCXZ-3Lu-3tXYN0Y/getUpdates "HTTP/1.1 200 OK"
2026-06-05 02:21:25,537 - httpx - INFO - HTTP Request: POST https://api.telegram.org/bot8838756490:AAE1CAsIDfhrFN31LzqwCXZ-3Lu-3tXYN0Y/getUpdates "HTTP/1.1 200 OK"
2026-06-05 02:21:35,704 - httpx - INFO - HTTP Request: POST https://api.telegram.org/bot8838756490:AAE1CAsIDfhrFN31LzqwCXZ-3Lu-3tXYN0Y/getUpdates "HTTP/1.1 200 OK"
2026-06-05 02:21:45,872 - httpx - INFO - HTTP Request: POST https://api.telegram.org/bot8838756490:AAE1CAsIDfhrFN31LzqwCXZ-3Lu-3tXYN0Y/getUpdates "HTTP/1.1 200 OK"
2026-06-05 02:21:56,070 - httpx - INFO - HTTP Request: POST https://api.telegram.org/bot8838756490:AAE1CAsIDfhrFN31LzqwCXZ-3Lu-3tXYN0Y/getUpdates "HTTP/1.1 200 OK"
2026-06-05 02:22:06,246 - httpx - INFO - HTTP Request: POST https://api.telegram.org/bot8838756490:AAE1CAsIDfhrFN31LzqwCXZ-3Lu-3tXYN0Y/getUpdates "HTTP/1.1 200 OK"
2026-06-05 02:22:16,418 - httpx - INFO - HTTP Request: POST https://api.telegram.org/bot8838756490:AAE1CAsIDfhrFN31LzqwCXZ-3Lu-3tXYN0Y/getUpdates "HTTP/1.1 200 OK"
2026-06-05 02:22:26,590 - httpx - INFO - HTTP Request: POST https://api.telegram.org/bot8838756490:AAE1CAsIDfhrFN31LzqwCXZ-3Lu-3tXYN0Y/getUpdates "HTTP/1.1 200 OK"
2026-06-05 02:22:36,768 - httpx - INFO - HTTP Request: POST https://api.telegram.org/bot8838756490:AAE1CAsIDfhrFN31LzqwCXZ-3Lu-3tXYN0Y/getUpdates "HTTP/1.1 200 OK"
2026-06-05 02:22:46,942 - httpx - INFO - HTTP Request: POST https://api.telegram.org/bot8838756490:AAE1CAsIDfhrFN31LzqwCXZ-3Lu-3tXYN0Y/getUpdates "HTTP/1.1 200 OK"
2026-06-05 02:22:57,119 - httpx - INFO - HTTP Request: POST https://api.telegram.org/bot8838756490:AAE1CAsIDfhrFN31LzqwCXZ-3Lu-3tXYN0Y/getUpdates "HTTP/1.1 200 OK"
2026-06-05 02:23:07,287 - httpx - INFO - HTTP Request: POST https://api.telegram.org/bot8838756490:AAE1CAsIDfhrFN31LzqwCXZ-3Lu-3tXYN0Y/getUpdates "HTTP/1.1 200 OK"
2026-06-05 02:23:17,453 - httpx - INFO - HTTP Request: POST https://api.telegram.org/bot8838756490:AAE1CAsIDfhrFN31LzqwCXZ-3Lu-3tXYN0Y/getUpdates "HTTP/1.1 200 OK"
2026-06-05 02:23:27,623 - httpx - INFO - HTTP Request: POST https://api.telegram.org/bot8838756490:AAE1CAsIDfhrFN31LzqwCXZ-3Lu-3tXYN0Y/getUpdates "HTTP/1.1 200 OK"
2026-06-05 02:23:37,790 - httpx - INFO - HTTP Request: POST https://api.telegram.org/bot8838756490:AAE1CAsIDfhrFN31LzqwCXZ-3Lu-3tXYN0Y/getUpdates "HTTP/1.1 200 OK"
2026-06-05 02:23:47,963 - httpx - INFO - HTTP Request: POST https://api.telegram.org/bot8838756490:AAE1CAsIDfhrFN31LzqwCXZ-3Lu-3tXYN0Y/getUpdates "HTTP/1.1 200 OK"
2026-06-05 02:23:58,134 - httpx - INFO - HTTP Request: POST https://api.telegram.org/bot8838756490:AAE1CAsIDfhrFN31LzqwCXZ-3Lu-3tXYN0Y/getUpdates "HTTP/1.1 200 OK"
2026-06-05 02:24:08,304 - httpx - INFO - HTTP Request: POST https://api.telegram.org/bot8838756490:AAE1CAsIDfhrFN31LzqwCXZ-3Lu-3tXYN0Y/getUpdates "HTTP/1.1 200 OK"
2026-06-05 02:24:18,472 - httpx - INFO - HTTP Request: POST https://api.telegram.org/bot8838756490:AAE1CAsIDfhrFN31LzqwCXZ-3Lu-3tXYN0Y/getUpdates "HTTP/1.1 200 OK"
2026-06-05 02:24:28,641 - httpx - INFO - HTTP Request: POST https://api.telegram.org/bot8838756490:AAE1CAsIDfhrFN31LzqwCXZ-3Lu-3tXYN0Y/getUpdates "HTTP/1.1 200 OK"
2026-06-05 02:24:38,816 - httpx - INFO - HTTP Request: POST https://api.telegram.org/bot8838756490:AAE1CAsIDfhrFN31LzqwCXZ-3Lu-3tXYN0Y/getUpdates "HTTP/1.1 200 OK"
2026-06-05 02:24:48,984 - httpx - INFO - HTTP Request: POST https://api.telegram.org/bot8838756490:AAE1CAsIDfhrFN31LzqwCXZ-3Lu-3tXYN0Y/getUpdates "HTTP/1.1 200 OK"
2026-06-05 02:24:59,155 - httpx - INFO - HTTP Request: POST https://api.telegram.org/bot8838756490:AAE1CAsIDfhrFN31LzqwCXZ-3Lu-3tXYN0Y/getUpdates "HTTP/1.1 200 OK"
2026-06-05 02:25:09,326 - httpx - INFO - HTTP Request: POST https://api.telegram.org/bot8838756490:AAE1CAsIDfhrFN31LzqwCXZ-3Lu-3tXYN0Y/getUpdates "HTTP/1.1 200 OK"
2026-06-05 02:25:19,502 - httpx - INFO - HTTP Request: POST https://api.telegram.org/bot8838756490:AAE1CAsIDfhrFN31LzqwCXZ-3Lu-3tXYN0Y/getUpdates "HTTP/1.1 200 OK"
2026-06-05 02:25:29,673 - httpx - INFO - HTTP Request: POST https://api.telegram.org/bot8838756490:AAE1CAsIDfhrFN31LzqwCXZ-3Lu-3tXYN0Y/getUpdates "HTTP/1.1 200 OK"
2026-06-05 02:25:39,843 - httpx - INFO - HTTP Request: POST https://api.telegram.org/bot8838756490:AAE1CAsIDfhrFN31LzqwCXZ-3Lu-3tXYN0Y/getUpdates "HTTP/1.1 200 OK"
2026-06-05 02:25:50,019 - httpx - INFO - HTTP Request: POST https://api.telegram.org/bot8838756490:AAE1CAsIDfhrFN31LzqwCXZ-3Lu-3tXYN0Y/getUpdates "HTTP/1.1 200 OK"
2026-06-05 02:26:00,191 - httpx - INFO - HTTP Request: POST https://api.telegram.org/bot8838756490:AAE1CAsIDfhrFN31LzqwCXZ-3Lu-3tXYN0Y/getUpdates "HTTP/1.1 200 OK"
2026-06-05 02:26:10,358 - httpx - INFO - HTTP Request: POST https://api.telegram.org/bot8838756490:AAE1CAsIDfhrFN31LzqwCXZ-3Lu-3tXYN0Y/getUpdates "HTTP/1.1 200 OK"
2026-06-05 02:26:20,534 - httpx - INFO - HTTP Request: POST https://api.telegram.org/bot8838756490:AAE1CAsIDfhrFN31LzqwCXZ-3Lu-3tXYN0Y/getUpdates "HTTP/1.1 200 OK"
2026-06-05 02:26:30,705 - httpx - INFO - HTTP Request: POST https://api.telegram.org/bot8838756490:AAE1CAsIDfhrFN31LzqwCXZ-3Lu-3tXYN0Y/getUpdates "HTTP/1.1 200 OK"
2026-06-05 02:26:40,893 - httpx - INFO - HTTP Request: POST https://api.telegram.org/bot8838756490:AAE1CAsIDfhrFN31LzqwCXZ-3Lu-3tXYN0Y/getUpdates "HTTP/1.1 200 OK"
2026-06-05 02:26:51,066 - httpx - INFO - HTTP Request: POST https://api.telegram.org/bot8838756490:AAE1CAsIDfhrFN31LzqwCXZ-3Lu-3tXYN0Y/getUpdates "HTTP/1.1 200 OK"
2026-06-05 02:27:01,237 - httpx - INFO - HTTP Request: POST https://api.telegram.org/bot8838756490:AAE1CAsIDfhrFN31LzqwCXZ-3Lu-3tXYN0Y/getUpdates "HTTP/1.1 200 OK"
2026-06-05 02:27:11,407 - httpx - INFO - HTTP Request: POST https://api.telegram.org/bot8838756490:AAE1CAsIDfhrFN31LzqwCXZ-3Lu-3tXYN0Y/getUpdates "HTTP/1.1 200 OK"
2026-06-05 02:27:21,629 - httpx - INFO - HTTP Request: POST https://api.telegram.org/bot8838756490:AAE1CAsIDfhrFN31LzqwCXZ-3Lu-3tXYN0Y/getUpdates "HTTP/1.1 200 OK"
2026-06-05 02:27:31,797 - httpx - INFO - HTTP Request: POST https://api.telegram.org/bot8838756490:AAE1CAsIDfhrFN31LzqwCXZ-3Lu-3tXYN0Y/getUpdates "HTTP/1.1 200 OK"
2026-06-05 02:27:41,967 - httpx - INFO - HTTP Request: POST https://api.telegram.org/bot8838756490:AAE1CAsIDfhrFN31LzqwCXZ-3Lu-3tXYN0Y/getUpdates "HTTP/1.1 200 OK"
2026-06-05 02:27:52,136 - httpx - INFO - HTTP Request: POST https://api.telegram.org/bot8838756490:AAE1CAsIDfhrFN31LzqwCXZ-3Lu-3tXYN0Y/getUpdates "HTTP/1.1 200 OK"
2026-06-05 02:28:02,306 - httpx - INFO - HTTP Request: POST https://api.telegram.org/bot8838756490:AAE1CAsIDfhrFN31LzqwCXZ-3Lu-3tXYN0Y/getUpdates "HTTP/1.1 200 OK"
2026-06-05 02:28:12,491 - httpx - INFO - HTTP Request: POST https://api.telegram.org/bot8838756490:AAE1CAsIDfhrFN31LzqwCXZ-3Lu-3tXYN0Y/getUpdates "HTTP/1.1 200 OK"
2026-06-05 02:28:22,661 - httpx - INFO - HTTP Request: POST https://api.telegram.org/bot8838756490:AAE1CAsIDfhrFN31LzqwCXZ-3Lu-3tXYN0Y/getUpdates "HTTP/1.1 200 OK"
2026-06-05 02:28:32,843 - httpx - INFO - HTTP Request: POST https://api.telegram.org/bot8838756490:AAE1CAsIDfhrFN31LzqwCXZ-3Lu-3tXYN0Y/getUpdates "HTTP/1.1 200 OK"
2026-06-05 02:28:43,010 - httpx - INFO - HTTP Request: POST https://api.telegram.org/bot8838756490:AAE1CAsIDfhrFN31LzqwCXZ-3Lu-3tXYN0Y/getUpdates "HTTP/1.1 200 OK"
2026-06-05 02:28:53,185 - httpx - INFO - HTTP Request: POST https://api.telegram.org/bot8838756490:AAE1CAsIDfhrFN31LzqwCXZ-3Lu-3tXYN0Y/getUpdates "HTTP/1.1 200 OK"
2026-06-05 02:29:03,354 - httpx - INFO - HTTP Request: POST https://api.telegram.org/bot8838756490:AAE1CAsIDfhrFN31LzqwCXZ-3Lu-3tXYN0Y/getUpdates "HTTP/1.1 200 OK"
2026-06-05 02:29:13,524 - httpx - INFO - HTTP Request: POST https://api.telegram.org/bot8838756490:AAE1CAsIDfhrFN31LzqwCXZ-3Lu-3tXYN0Y/getUpdates "HTTP/1.1 200 OK"
2026-06-05 02:29:23,702 - httpx - INFO - HTTP Request: POST https://api.telegram.org/bot8838756490:AAE1CAsIDfhrFN31LzqwCXZ-3Lu-3tXYN0Y/getUpdates "HTTP/1.1 200 OK"
2026-06-05 02:29:33,874 - httpx - INFO - HTTP Request: POST https://api.telegram.org/bot8838756490:AAE1CAsIDfhrFN31LzqwCXZ-3Lu-3tXYN0Y/getUpdates "HTTP/1.1 200 OK"
2026-06-05 02:29:44,043 - httpx - INFO - HTTP Request: POST https://api.telegram.org/bot8838756490:AAE1CAsIDfhrFN31LzqwCXZ-3Lu-3tXYN0Y/getUpdates "HTTP/1.1 200 OK"
2026-06-05 02:29:54,211 - httpx - INFO - HTTP Request: POST https://api.telegram.org/bot8838756490:AAE1CAsIDfhrFN31LzqwCXZ-3Lu-3tXYN0Y/getUpdates "HTTP/1.1 200 OK"
2026-06-05 02:30:04,388 - httpx - INFO - HTTP Request: POST https://api.telegram.org/bot8838756490:AAE1CAsIDfhrFN31LzqwCXZ-3Lu-3tXYN0Y/getUpdates "HTTP/1.1 200 OK"
2026-06-05 02:30:14,558 - httpx - INFO - HTTP Request: POST https://api.telegram.org/bot8838756490:AAE1CAsIDfhrFN31LzqwCXZ-3Lu-3tXYN0Y/getUpdates "HTTP/1.1 200 OK"
2026-06-05 02:30:24,724 - httpx - INFO - HTTP Request: POST https://api.telegram.org/bot8838756490:AAE1CAsIDfhrFN31LzqwCXZ-3Lu-3tXYN0Y/getUpdates "HTTP/1.1 200 OK"
2026-06-05 02:30:34,894 - httpx - INFO - HTTP Request: POST https://api.telegram.org/bot8838756490:AAE1CAsIDfhrFN31LzqwCXZ-3Lu-3tXYN0Y/getUpdates "HTTP/1.1 200 OK"
2026-06-05 02:30:45,071 - httpx - INFO - HTTP Request: POST https://api.telegram.org/bot8838756490:AAE1CAsIDfhrFN31LzqwCXZ-3Lu-3tXYN0Y/getUpdates "HTTP/1.1 200 OK"
2026-06-05 02:30:55,238 - httpx - INFO - HTTP Request: POST https://api.telegram.org/bot8838756490:AAE1CAsIDfhrFN31LzqwCXZ-3Lu-3tXYN0Y/getUpdates "HTTP/1.1 200 OK"
2026-06-05 02:31:05,406 - httpx - INFO - HTTP Request: POST https://api.telegram.org/bot8838756490:AAE1CAsIDfhrFN31LzqwCXZ-3Lu-3tXYN0Y/getUpdates "HTTP/1.1 200 OK"
2026-06-05 02:31:15,573 - httpx - INFO - HTTP Request: POST https://api.telegram.org/bot8838756490:AAE1CAsIDfhrFN31LzqwCXZ-3Lu-3tXYN0Y/getUpdates "HTTP/1.1 200 OK"
2026-06-05 02:31:25,745 - httpx - INFO - HTTP Request: POST https://api.telegram.org/bot8838756490:AAE1CAsIDfhrFN31LzqwCXZ-3Lu-3tXYN0Y/getUpdates "HTTP/1.1 200 OK"
2026-06-05 02:31:35,917 - httpx - INFO - HTTP Request: POST https://api.telegram.org/bot8838756490:AAE1CAsIDfhrFN31LzqwCXZ-3Lu-3tXYN0Y/getUpdates "HTTP/1.1 200 OK"
2026-06-05 02:31:46,090 - httpx - INFO - HTTP Request: POST https://api.telegram.org/bot8838756490:AAE1CAsIDfhrFN31LzqwCXZ-3Lu-3tXYN0Y/getUpdates "HTTP/1.1 200 OK"
2026-06-05 02:31:56,262 - httpx - INFO - HTTP Request: POST https://api.telegram.org/bot8838756490:AAE1CAsIDfhrFN31LzqwCXZ-3Lu-3tXYN0Y/getUpdates "HTTP/1.1 200 OK"
2026-06-05 02:32:06,429 - httpx - INFO - HTTP Request: POST https://api.telegram.org/bot8838756490:AAE1CAsIDfhrFN31LzqwCXZ-3Lu-3tXYN0Y/getUpdates "HTTP/1.1 200 OK"
2026-06-05 02:32:16,598 - httpx - INFO - HTTP Request: POST https://api.telegram.org/bot8838756490:AAE1CAsIDfhrFN31LzqwCXZ-3Lu-3tXYN0Y/getUpdates "HTTP/1.1 200 OK"
2026-06-05 02:32:26,774 - httpx - INFO - HTTP Request: POST https://api.telegram.org/bot8838756490:AAE1CAsIDfhrFN31LzqwCXZ-3Lu-3tXYN0Y/getUpdates "HTTP/1.1 200 OK"
2026-06-05 02:32:36,954 - httpx - INFO - HTTP Request: POST https://api.telegram.org/bot8838756490:AAE1CAsIDfhrFN31LzqwCXZ-3Lu-3tXYN0Y/getUpdates "HTTP/1.1 200 OK"
2026-06-05 02:32:47,123 - httpx - INFO - HTTP Request: POST https://api.telegram.org/bot8838756490:AAE1CAsIDfhrFN31LzqwCXZ-3Lu-3tXYN0Y/getUpdates "HTTP/1.1 200 OK"
2026-06-05 02:32:57,300 - httpx - INFO - HTTP Request: POST https://api.telegram.org/bot8838756490:AAE1CAsIDfhrFN31LzqwCXZ-3Lu-3tXYN0Y/getUpdates "HTTP/1.1 200 OK"
2026-06-05 02:33:07,473 - httpx - INFO - HTTP Request: POST https://api.telegram.org/bot8838756490:AAE1CAsIDfhrFN31LzqwCXZ-3Lu-3tXYN0Y/getUpdates "HTTP/1.1 200 OK"
2026-06-05 02:33:17,646 - httpx - INFO - HTTP Request: POST https://api.telegram.org/bot8838756490:AAE1CAsIDfhrFN31LzqwCXZ-3Lu-3tXYN0Y/getUpdates "HTTP/1.1 200 OK"
2026-06-05 02:33:27,816 - httpx - INFO - HTTP Request: POST https://api.telegram.org/bot8838756490:AAE1CAsIDfhrFN31LzqwCXZ-3Lu-3tXYN0Y/getUpdates "HTTP/1.1 200 OK"
2026-06-05 02:33:37,989 - httpx - INFO - HTTP Request: POST https://api.telegram.org/bot8838756490:AAE1CAsIDfhrFN31LzqwCXZ-3Lu-3tXYN0Y/getUpdates "HTTP/1.1 200 OK"
2026-06-05 02:33:48,156 - httpx - INFO - HTTP Request: POST https://api.telegram.org/bot8838756490:AAE1CAsIDfhrFN31LzqwCXZ-3Lu-3tXYN0Y/getUpdates "HTTP/1.1 200 OK"
2026-06-05 02:33:58,330 - httpx - INFO - HTTP Request: POST https://api.telegram.org/bot8838756490:AAE1CAsIDfhrFN31LzqwCXZ-3Lu-3tXYN0Y/getUpdates "HTTP/1.1 200 OK"
2026-06-05 02:34:08,502 - httpx - INFO - HTTP Request: POST https://api.telegram.org/bot8838756490:AAE1CAsIDfhrFN31LzqwCXZ-3Lu-3tXYN0Y/getUpdates "HTTP/1.1 200 OK"
2026-06-05 02:34:18,678 - httpx - INFO - HTTP Request: POST https://api.telegram.org/bot8838756490:AAE1CAsIDfhrFN31LzqwCXZ-3Lu-3tXYN0Y/getUpdates "HTTP/1.1 200 OK"
2026-06-05 02:34:28,849 - httpx - INFO - HTTP Request: POST https://api.telegram.org/bot8838756490:AAE1CAsIDfhrFN31LzqwCXZ-3Lu-3tXYN0Y/getUpdates "HTTP/1.1 200 OK"
2026-06-05 02:34:39,021 - httpx - INFO - HTTP Request: POST https://api.telegram.org/bot8838756490:AAE1CAsIDfhrFN31LzqwCXZ-3Lu-3tXYN0Y/getUpdates "HTTP/1.1 200 OK"
2026-06-05 02:34:49,191 - httpx - INFO - HTTP Request: POST https://api.telegram.org/bot8838756490:AAE1CAsIDfhrFN31LzqwCXZ-3Lu-3tXYN0Y/getUpdates "HTTP/1.1 200 OK"
2026-06-05 02:34:59,365 - httpx - INFO - HTTP Request: POST https://api.telegram.org/bot8838756490:AAE1CAsIDfhrFN31LzqwCXZ-3Lu-3tXYN0Y/getUpdates "HTTP/1.1 200 OK"
2026-06-05 02:35:09,535 - httpx - INFO - HTTP Request: POST https://api.telegram.org/bot8838756490:AAE1CAsIDfhrFN31LzqwCXZ-3Lu-3tXYN0Y/getUpdates "HTTP/1.1 200 OK"
2026-06-05 02:35:19,702 - httpx - INFO - HTTP Request: POST https://api.telegram.org/bot8838756490:AAE1CAsIDfhrFN31LzqwCXZ-3Lu-3tXYN0Y/getUpdates "HTTP/1.1 200 OK"
2026-06-05 02:35:29,882 - httpx - INFO - HTTP Request: POST https://api.telegram.org/bot8838756490:AAE1CAsIDfhrFN31LzqwCXZ-3Lu-3tXYN0Y/getUpdates "HTTP/1.1 200 OK"
2026-06-05 02:35:40,066 - httpx - INFO - HTTP Request: POST https://api.telegram.org/bot8838756490:AAE1CAsIDfhrFN31LzqwCXZ-3Lu-3tXYN0Y/getUpdates "HTTP/1.1 200 OK"
2026-06-05 02:35:50,233 - httpx - INFO - HTTP Request: POST https://api.telegram.org/bot8838756490:AAE1CAsIDfhrFN31LzqwCXZ-3Lu-3tXYN0Y/getUpdates "HTTP/1.1 200 OK"
2026-06-05 02:36:00,404 - httpx - INFO - HTTP Request: POST https://api.telegram.org/bot8838756490:AAE1CAsIDfhrFN31LzqwCXZ-3Lu-3tXYN0Y/getUpdates "HTTP/1.1 200 OK"
2026-06-05 02:36:10,576 - httpx - INFO - HTTP Request: POST https://api.telegram.org/bot8838756490:AAE1CAsIDfhrFN31LzqwCXZ-3Lu-3tXYN0Y/getUpdates "HTTP/1.1 200 OK"
2026-06-05 02:36:20,748 - httpx - INFO - HTTP Request: POST https://api.telegram.org/bot8838756490:AAE1CAsIDfhrFN31LzqwCXZ-3Lu-3tXYN0Y/getUpdates "HTTP/1.1 200 OK"
2026-06-05 02:36:30,922 - httpx - INFO - HTTP Request: POST https://api.telegram.org/bot8838756490:AAE1CAsIDfhrFN31LzqwCXZ-3Lu-3tXYN0Y/getUpdates "HTTP/1.1 200 OK"
2026-06-05 02:36:41,092 - httpx - INFO - HTTP Request: POST https://api.telegram.org/bot8838756490:AAE1CAsIDfhrFN31LzqwCXZ-3Lu-3tXYN0Y/getUpdates "HTTP/1.1 200 OK"
2026-06-05 02:36:51,260 - httpx - INFO - HTTP Request: POST https://api.telegram.org/bot8838756490:AAE1CAsIDfhrFN31LzqwCXZ-3Lu-3tXYN0Y/getUpdates "HTTP/1.1 200 OK"
2026-06-05 02:37:01,440 - httpx - INFO - HTTP Request: POST https://api.telegram.org/bot8838756490:AAE1CAsIDfhrFN31LzqwCXZ-3Lu-3tXYN0Y/getUpdates "HTTP/1.1 200 OK"
2026-06-05 02:37:11,613 - httpx - INFO - HTTP Request: POST https://api.telegram.org/bot8838756490:AAE1CAsIDfhrFN31LzqwCXZ-3Lu-3tXYN0Y/getUpdates "HTTP/1.1 200 OK"
2026-06-05 02:37:21,783 - httpx - INFO - HTTP Request: POST https://api.telegram.org/bot8838756490:AAE1CAsIDfhrFN31LzqwCXZ-3Lu-3tXYN0Y/getUpdates "HTTP/1.1 200 OK"
2026-06-05 02:37:31,952 - httpx - INFO - HTTP Request: POST https://api.telegram.org/bot8838756490:AAE1CAsIDfhrFN31LzqwCXZ-3Lu-3tXYN0Y/getUpdates "HTTP/1.1 200 OK"
2026-06-05 02:37:42,121 - httpx - INFO - HTTP Request: POST https://api.telegram.org/bot8838756490:AAE1CAsIDfhrFN31LzqwCXZ-3Lu-3tXYN0Y/getUpdates "HTTP/1.1 200 OK"
2026-06-05 02:37:52,290 - httpx - INFO - HTTP Request: POST https://api.telegram.org/bot8838756490:AAE1CAsIDfhrFN31LzqwCXZ-3Lu-3tXYN0Y/getUpdates "HTTP/1.1 200 OK"
2026-06-05 02:38:02,465 - httpx - INFO - HTTP Request: POST https://api.telegram.org/bot8838756490:AAE1CAsIDfhrFN31LzqwCXZ-3Lu-3tXYN0Y/getUpdates "HTTP/1.1 200 OK"
2026-06-05 02:38:12,641 - httpx - INFO - HTTP Request: POST https://api.telegram.org/bot8838756490:AAE1CAsIDfhrFN31LzqwCXZ-3Lu-3tXYN0Y/getUpdates "HTTP/1.1 200 OK"
2026-06-05 02:38:22,807 - httpx - INFO - HTTP Request: POST https://api.telegram.org/bot8838756490:AAE1CAsIDfhrFN31LzqwCXZ-3Lu-3tXYN0Y/getUpdates "HTTP/1.1 200 OK"
2026-06-05 02:38:32,982 - httpx - INFO - HTTP Request: POST https://api.telegram.org/bot8838756490:AAE1CAsIDfhrFN31LzqwCXZ-3Lu-3tXYN0Y/getUpdates "HTTP/1.1 200 OK"
2026-06-05 02:38:43,152 - httpx - INFO - HTTP Request: POST https://api.telegram.org/bot8838756490:AAE1CAsIDfhrFN31LzqwCXZ-3Lu-3tXYN0Y/getUpdates "HTTP/1.1 200 OK"
2026-06-05 02:38:53,325 - httpx - INFO - HTTP Request: POST https://api.telegram.org/bot8838756490:AAE1CAsIDfhrFN31LzqwCXZ-3Lu-3tXYN0Y/getUpdates "HTTP/1.1 200 OK"
2026-06-05 02:39:03,494 - httpx - INFO - HTTP Request: POST https://api.telegram.org/bot8838756490:AAE1CAsIDfhrFN31LzqwCXZ-3Lu-3tXYN0Y/getUpdates "HTTP/1.1 200 OK"
2026-06-05 02:39:13,663 - httpx - INFO - HTTP Request: POST https://api.telegram.org/bot8838756490:AAE1CAsIDfhrFN31LzqwCXZ-3Lu-3tXYN0Y/getUpdates "HTTP/1.1 200 OK"
2026-06-05 02:39:23,839 - httpx - INFO - HTTP Request: POST https://api.telegram.org/bot8838756490:AAE1CAsIDfhrFN31LzqwCXZ-3Lu-3tXYN0Y/getUpdates "HTTP/1.1 200 OK"
2026-06-05 02:39:34,011 - httpx - INFO - HTTP Request: POST https://api.telegram.org/bot8838756490:AAE1CAsIDfhrFN31LzqwCXZ-3Lu-3tXYN0Y/getUpdates "HTTP/1.1 200 OK"
2026-06-05 02:39:44,183 - httpx - INFO - HTTP Request: POST https://api.telegram.org/bot8838756490:AAE1CAsIDfhrFN31LzqwCXZ-3Lu-3tXYN0Y/getUpdates "HTTP/1.1 200 OK"
2026-06-05 02:39:54,358 - httpx - INFO - HTTP Request: POST https://api.telegram.org/bot8838756490:AAE1CAsIDfhrFN31LzqwCXZ-3Lu-3tXYN0Y/getUpdates "HTTP/1.1 200 OK"
2026-06-05 02:40:04,530 - httpx - INFO - HTTP Request: POST https://api.telegram.org/bot8838756490:AAE1CAsIDfhrFN31LzqwCXZ-3Lu-3tXYN0Y/getUpdates "HTTP/1.1 200 OK"
2026-06-05 02:40:14,700 - httpx - INFO - HTTP Request: POST https://api.telegram.org/bot8838756490:AAE1CAsIDfhrFN31LzqwCXZ-3Lu-3tXYN0Y/getUpdates "HTTP/1.1 200 OK"
2026-06-05 02:40:24,873 - httpx - INFO - HTTP Request: POST https://api.telegram.org/bot8838756490:AAE1CAsIDfhrFN31LzqwCXZ-3Lu-3tXYN0Y/getUpdates "HTTP/1.1 200 OK"
2026-06-05 02:40:35,041 - httpx - INFO - HTTP Request: POST https://api.telegram.org/bot8838756490:AAE1CAsIDfhrFN31LzqwCXZ-3Lu-3tXYN0Y/getUpdates "HTTP/1.1 200 OK"
2026-06-05 02:40:45,207 - httpx - INFO - HTTP Request: POST https://api.telegram.org/bot8838756490:AAE1CAsIDfhrFN31LzqwCXZ-3Lu-3tXYN0Y/getUpdates "HTTP/1.1 200 OK"
2026-06-05 02:40:55,769 - httpx - INFO - HTTP Request: POST https://api.telegram.org/bot8838756490:AAE1CAsIDfhrFN31LzqwCXZ-3Lu-3tXYN0Y/getUpdates "HTTP/1.1 200 OK"
2026-06-05 02:41:05,937 - httpx - INFO - HTTP Request: POST https://api.telegram.org/bot8838756490:AAE1CAsIDfhrFN31LzqwCXZ-3Lu-3tXYN0Y/getUpdates "HTTP/1.1 200 OK"
2026-06-05 02:41:16,107 - httpx - INFO - HTTP Request: POST https://api.telegram.org/bot8838756490:AAE1CAsIDfhrFN31LzqwCXZ-3Lu-3tXYN0Y/getUpdates "HTTP/1.1 200 OK"
2026-06-05 02:41:26,277 - httpx - INFO - HTTP Request: POST https://api.telegram.org/bot8838756490:AAE1CAsIDfhrFN31LzqwCXZ-3Lu-3tXYN0Y/getUpdates "HTTP/1.1 200 OK"
2026-06-05 02:41:36,444 - httpx - INFO - HTTP Request: POST https://api.telegram.org/bot8838756490:AAE1CAsIDfhrFN31LzqwCXZ-3Lu-3tXYN0Y/getUpdates "HTTP/1.1 200 OK"
2026-06-05 02:41:46,616 - httpx - INFO - HTTP Request: POST https://api.telegram.org/bot8838756490:AAE1CAsIDfhrFN31LzqwCXZ-3Lu-3tXYN0Y/getUpdates "HTTP/1.1 200 OK"
2026-06-05 02:41:56,786 - httpx - INFO - HTTP Request: POST https://api.telegram.org/bot8838756490:AAE1CAsIDfhrFN31LzqwCXZ-3Lu-3tXYN0Y/getUpdates "HTTP/1.1 200 OK"
2026-06-05 02:42:06,956 - httpx - INFO - HTTP Request: POST https://api.telegram.org/bot8838756490:AAE1CAsIDfhrFN31LzqwCXZ-3Lu-3tXYN0Y/getUpdates "HTTP/1.1 200 OK"
2026-06-05 02:42:17,123 - httpx - INFO - HTTP Request: POST https://api.telegram.org/bot8838756490:AAE1CAsIDfhrFN31LzqwCXZ-3Lu-3tXYN0Y/getUpdates "HTTP/1.1 200 OK"
2026-06-05 02:42:27,294 - httpx - INFO - HTTP Request: POST https://api.telegram.org/bot8838756490:AAE1CAsIDfhrFN31LzqwCXZ-3Lu-3tXYN0Y/getUpdates "HTTP/1.1 200 OK"
2026-06-05 02:42:37,468 - httpx - INFO - HTTP Request: POST https://api.telegram.org/bot8838756490:AAE1CAsIDfhrFN31LzqwCXZ-3Lu-3tXYN0Y/getUpdates "HTTP/1.1 200 OK"
2026-06-05 02:42:47,638 - httpx - INFO - HTTP Request: POST https://api.telegram.org/bot8838756490:AAE1CAsIDfhrFN31LzqwCXZ-3Lu-3tXYN0Y/getUpdates "HTTP/1.1 200 OK"
2026-06-05 02:42:57,807 - httpx - INFO - HTTP Request: POST https://api.telegram.org/bot8838756490:AAE1CAsIDfhrFN31LzqwCXZ-3Lu-3tXYN0Y/getUpdates "HTTP/1.1 200 OK"
2026-06-05 02:43:07,975 - httpx - INFO - HTTP Request: POST https://api.telegram.org/bot8838756490:AAE1CAsIDfhrFN31LzqwCXZ-3Lu-3tXYN0Y/getUpdates "HTTP/1.1 200 OK"
2026-06-05 02:43:18,142 - httpx - INFO - HTTP Request: POST https://api.telegram.org/bot8838756490:AAE1CAsIDfhrFN31LzqwCXZ-3Lu-3tXYN0Y/getUpdates "HTTP/1.1 200 OK"
2026-06-05 02:43:28,312 - httpx - INFO - HTTP Request: POST https://api.telegram.org/bot8838756490:AAE1CAsIDfhrFN31LzqwCXZ-3Lu-3tXYN0Y/getUpdates "HTTP/1.1 200 OK"
2026-06-05 02:43:38,479 - httpx - INFO - HTTP Request: POST https://api.telegram.org/bot8838756490:AAE1CAsIDfhrFN31LzqwCXZ-3Lu-3tXYN0Y/getUpdates "HTTP/1.1 200 OK"
2026-06-05 02:43:48,649 - httpx - INFO - HTTP Request: POST https://api.telegram.org/bot8838756490:AAE1CAsIDfhrFN31LzqwCXZ-3Lu-3tXYN0Y/getUpdates "HTTP/1.1 200 OK"
2026-06-05 02:43:58,819 - httpx - INFO - HTTP Request: POST https://api.telegram.org/bot8838756490:AAE1CAsIDfhrFN31LzqwCXZ-3Lu-3tXYN0Y/getUpdates "HTTP/1.1 200 OK"
2026-06-05 02:44:09,007 - httpx - INFO - HTTP Request: POST https://api.telegram.org/bot8838756490:AAE1CAsIDfhrFN31LzqwCXZ-3Lu-3tXYN0Y/getUpdates "HTTP/1.1 200 OK"
2026-06-05 02:44:19,182 - httpx - INFO - HTTP Request: POST https://api.telegram.org/bot8838756490:AAE1CAsIDfhrFN31LzqwCXZ-3Lu-3tXYN0Y/getUpdates "HTTP/1.1 200 OK"
2026-06-05 02:44:29,350 - httpx - INFO - HTTP Request: POST https://api.telegram.org/bot8838756490:AAE1CAsIDfhrFN31LzqwCXZ-3Lu-3tXYN0Y/getUpdates "HTTP/1.1 200 OK"
2026-06-05 02:44:39,522 - httpx - INFO - HTTP Request: POST https://api.telegram.org/bot8838756490:AAE1CAsIDfhrFN31LzqwCXZ-3Lu-3tXYN0Y/getUpdates "HTTP/1.1 200 OK"
2026-06-05 02:44:49,693 - httpx - INFO - HTTP Request: POST https://api.telegram.org/bot8838756490:AAE1CAsIDfhrFN31LzqwCXZ-3Lu-3tXYN0Y/getUpdates "HTTP/1.1 200 OK"
2026-06-05 02:44:59,869 - httpx - INFO - HTTP Request: POST https://api.telegram.org/bot8838756490:AAE1CAsIDfhrFN31LzqwCXZ-3Lu-3tXYN0Y/getUpdates "HTTP/1.1 200 OK"
2026-06-05 02:45:10,039 - httpx - INFO - HTTP Request: POST https://api.telegram.org/bot8838756490:AAE1CAsIDfhrFN31LzqwCXZ-3Lu-3tXYN0Y/getUpdates "HTTP/1.1 200 OK"
2026-06-05 02:45:20,214 - httpx - INFO - HTTP Request: POST https://api.telegram.org/bot8838756490:AAE1CAsIDfhrFN31LzqwCXZ-3Lu-3tXYN0Y/getUpdates "HTTP/1.1 200 OK"
2026-06-05 02:45:30,386 - httpx - INFO - HTTP Request: POST https://api.telegram.org/bot8838756490:AAE1CAsIDfhrFN31LzqwCXZ-3Lu-3tXYN0Y/getUpdates "HTTP/1.1 200 OK"
2026-06-05 02:45:40,562 - httpx - INFO - HTTP Request: POST https://api.telegram.org/bot8838756490:AAE1CAsIDfhrFN31LzqwCXZ-3Lu-3tXYN0Y/getUpdates "HTTP/1.1 200 OK"
2026-06-05 02:45:50,733 - httpx - INFO - HTTP Request: POST https://api.telegram.org/bot8838756490:AAE1CAsIDfhrFN31LzqwCXZ-3Lu-3tXYN0Y/getUpdates "HTTP/1.1 200 OK"
2026-06-05 02:46:00,912 - httpx - INFO - HTTP Request: POST https://api.telegram.org/bot8838756490:AAE1CAsIDfhrFN31LzqwCXZ-3Lu-3tXYN0Y/getUpdates "HTTP/1.1 200 OK"
2026-06-05 02:46:11,084 - httpx - INFO - HTTP Request: POST https://api.telegram.org/bot8838756490:AAE1CAsIDfhrFN31LzqwCXZ-3Lu-3tXYN0Y/getUpdates "HTTP/1.1 200 OK"
2026-06-05 02:46:21,260 - httpx - INFO - HTTP Request: POST https://api.telegram.org/bot8838756490:AAE1CAsIDfhrFN31LzqwCXZ-3Lu-3tXYN0Y/getUpdates "HTTP/1.1 200 OK"
2026-06-05 02:46:31,435 - httpx - INFO - HTTP Request: POST https://api.telegram.org/bot8838756490:AAE1CAsIDfhrFN31LzqwCXZ-3Lu-3tXYN0Y/getUpdates "HTTP/1.1 200 OK"
2026-06-05 02:46:41,612 - httpx - INFO - HTTP Request: POST https://api.telegram.org/bot8838756490:AAE1CAsIDfhrFN31LzqwCXZ-3Lu-3tXYN0Y/getUpdates "HTTP/1.1 200 OK"
2026-06-05 02:46:51,781 - httpx - INFO - HTTP Request: POST https://api.telegram.org/bot8838756490:AAE1CAsIDfhrFN31LzqwCXZ-3Lu-3tXYN0Y/getUpdates "HTTP/1.1 200 OK"
2026-06-05 02:47:01,945 - httpx - INFO - HTTP Request: POST https://api.telegram.org/bot8838756490:AAE1CAsIDfhrFN31LzqwCXZ-3Lu-3tXYN0Y/getUpdates "HTTP/1.1 200 OK"
2026-06-05 02:47:12,119 - httpx - INFO - HTTP Request: POST https://api.telegram.org/bot8838756490:AAE1CAsIDfhrFN31LzqwCXZ-3Lu-3tXYN0Y/getUpdates "HTTP/1.1 200 OK"
2026-06-05 02:47:22,288 - httpx - INFO - HTTP Request: POST https://api.telegram.org/bot8838756490:AAE1CAsIDfhrFN31LzqwCXZ-3Lu-3tXYN0Y/getUpdates "HTTP/1.1 200 OK"
2026-06-05 02:47:32,464 - httpx - INFO - HTTP Request: POST https://api.telegram.org/bot8838756490:AAE1CAsIDfhrFN31LzqwCXZ-3Lu-3tXYN0Y/getUpdates "HTTP/1.1 200 OK"
2026-06-05 02:47:42,627 - httpx - INFO - HTTP Request: POST https://api.telegram.org/bot8838756490:AAE1CAsIDfhrFN31LzqwCXZ-3Lu-3tXYN0Y/getUpdates "HTTP/1.1 200 OK"
2026-06-05 02:47:52,796 - httpx - INFO - HTTP Request: POST https://api.telegram.org/bot8838756490:AAE1CAsIDfhrFN31LzqwCXZ-3Lu-3tXYN0Y/getUpdates "HTTP/1.1 200 OK"
2026-06-05 02:48:02,964 - httpx - INFO - HTTP Request: POST https://api.telegram.org/bot8838756490:AAE1CAsIDfhrFN31LzqwCXZ-3Lu-3tXYN0Y/getUpdates "HTTP/1.1 200 OK"
2026-06-05 02:48:13,136 - httpx - INFO - HTTP Request: POST https://api.telegram.org/bot8838756490:AAE1CAsIDfhrFN31LzqwCXZ-3Lu-3tXYN0Y/getUpdates "HTTP/1.1 200 OK"
2026-06-05 02:48:23,311 - httpx - INFO - HTTP Request: POST https://api.telegram.org/bot8838756490:AAE1CAsIDfhrFN31LzqwCXZ-3Lu-3tXYN0Y/getUpdates "HTTP/1.1 200 OK"
2026-06-05 02:48:33,491 - httpx - INFO - HTTP Request: POST https://api.telegram.org/bot8838756490:AAE1CAsIDfhrFN31LzqwCXZ-3Lu-3tXYN0Y/getUpdates "HTTP/1.1 200 OK"
2026-06-05 02:48:43,665 - httpx - INFO - HTTP Request: POST https://api.telegram.org/bot8838756490:AAE1CAsIDfhrFN31LzqwCXZ-3Lu-3tXYN0Y/getUpdates "HTTP/1.1 200 OK"
2026-06-05 02:48:53,834 - httpx - INFO - HTTP Request: POST https://api.telegram.org/bot8838756490:AAE1CAsIDfhrFN31LzqwCXZ-3Lu-3tXYN0Y/getUpdates "HTTP/1.1 200 OK"
2026-06-05 02:49:04,003 - httpx - INFO - HTTP Request: POST https://api.telegram.org/bot8838756490:AAE1CAsIDfhrFN31LzqwCXZ-3Lu-3tXYN0Y/getUpdates "HTTP/1.1 200 OK"
2026-06-05 02:49:14,170 - httpx - INFO - HTTP Request: POST https://api.telegram.org/bot8838756490:AAE1CAsIDfhrFN31LzqwCXZ-3Lu-3tXYN0Y/getUpdates "HTTP/1.1 200 OK"
2026-06-05 02:49:24,348 - httpx - INFO - HTTP Request: POST https://api.telegram.org/bot8838756490:AAE1CAsIDfhrFN31LzqwCXZ-3Lu-3tXYN0Y/getUpdates "HTTP/1.1 200 OK"
2026-06-05 02:49:34,524 - httpx - INFO - HTTP Request: POST https://api.telegram.org/bot8838756490:AAE1CAsIDfhrFN31LzqwCXZ-3Lu-3tXYN0Y/getUpdates "HTTP/1.1 200 OK"
2026-06-05 02:49:44,698 - httpx - INFO - HTTP Request: POST https://api.telegram.org/bot8838756490:AAE1CAsIDfhrFN31LzqwCXZ-3Lu-3tXYN0Y/getUpdates "HTTP/1.1 200 OK"
2026-06-05 02:49:54,871 - httpx - INFO - HTTP Request: POST https://api.telegram.org/bot8838756490:AAE1CAsIDfhrFN31LzqwCXZ-3Lu-3tXYN0Y/getUpdates "HTTP/1.1 200 OK"
2026-06-05 02:50:05,039 - httpx - INFO - HTTP Request: POST https://api.telegram.org/bot8838756490:AAE1CAsIDfhrFN31LzqwCXZ-3Lu-3tXYN0Y/getUpdates "HTTP/1.1 200 OK"
2026-06-05 02:50:15,209 - httpx - INFO - HTTP Request: POST https://api.telegram.org/bot8838756490:AAE1CAsIDfhrFN31LzqwCXZ-3Lu-3tXYN0Y/getUpdates "HTTP/1.1 200 OK"
2026-06-05 02:50:25,384 - httpx - INFO - HTTP Request: POST https://api.telegram.org/bot8838756490:AAE1CAsIDfhrFN31LzqwCXZ-3Lu-3tXYN0Y/getUpdates "HTTP/1.1 200 OK"
2026-06-05 02:50:35,557 - httpx - INFO - HTTP Request: POST https://api.telegram.org/bot8838756490:AAE1CAsIDfhrFN31LzqwCXZ-3Lu-3tXYN0Y/getUpdates "HTTP/1.1 200 OK"
2026-06-05 02:50:45,722 - httpx - INFO - HTTP Request: POST https://api.telegram.org/bot8838756490:AAE1CAsIDfhrFN31LzqwCXZ-3Lu-3tXYN0Y/getUpdates "HTTP/1.1 200 OK"
2026-06-05 02:50:55,888 - httpx - INFO - HTTP Request: POST https://api.telegram.org/bot8838756490:AAE1CAsIDfhrFN31LzqwCXZ-3Lu-3tXYN0Y/getUpdates "HTTP/1.1 200 OK"
2026-06-05 02:51:06,064 - httpx - INFO - HTTP Request: POST https://api.telegram.org/bot8838756490:AAE1CAsIDfhrFN31LzqwCXZ-3Lu-3tXYN0Y/getUpdates "HTTP/1.1 200 OK"
2026-06-05 02:51:16,236 - httpx - INFO - HTTP Request: POST https://api.telegram.org/bot8838756490:AAE1CAsIDfhrFN31LzqwCXZ-3Lu-3tXYN0Y/getUpdates "HTTP/1.1 200 OK"
2026-06-05 02:51:26,408 - httpx - INFO - HTTP Request: POST https://api.telegram.org/bot8838756490:AAE1CAsIDfhrFN31LzqwCXZ-3Lu-3tXYN0Y/getUpdates "HTTP/1.1 200 OK"
2026-06-05 02:51:36,578 - httpx - INFO - HTTP Request: POST https://api.telegram.org/bot8838756490:AAE1CAsIDfhrFN31LzqwCXZ-3Lu-3tXYN0Y/getUpdates "HTTP/1.1 200 OK"
2026-06-05 02:51:46,751 - httpx - INFO - HTTP Request: POST https://api.telegram.org/bot8838756490:AAE1CAsIDfhrFN31LzqwCXZ-3Lu-3tXYN0Y/getUpdates "HTTP/1.1 200 OK"
2026-06-05 02:51:56,928 - httpx - INFO - HTTP Request: POST https://api.telegram.org/bot8838756490:AAE1CAsIDfhrFN31LzqwCXZ-3Lu-3tXYN0Y/getUpdates "HTTP/1.1 200 OK"
2026-06-05 02:52:07,100 - httpx - INFO - HTTP Request: POST https://api.telegram.org/bot8838756490:AAE1CAsIDfhrFN31LzqwCXZ-3Lu-3tXYN0Y/getUpdates "HTTP/1.1 200 OK"
2026-06-05 02:52:17,270 - httpx - INFO - HTTP Request: POST https://api.telegram.org/bot8838756490:AAE1CAsIDfhrFN31LzqwCXZ-3Lu-3tXYN0Y/getUpdates "HTTP/1.1 200 OK"
2026-06-05 02:52:27,441 - httpx - INFO - HTTP Request: POST https://api.telegram.org/bot8838756490:AAE1CAsIDfhrFN31LzqwCXZ-3Lu-3tXYN0Y/getUpdates "HTTP/1.1 200 OK"
2026-06-05 02:52:37,613 - httpx - INFO - HTTP Request: POST https://api.telegram.org/bot8838756490:AAE1CAsIDfhrFN31LzqwCXZ-3Lu-3tXYN0Y/getUpdates "HTTP/1.1 200 OK"
2026-06-05 02:52:47,787 - httpx - INFO - HTTP Request: POST https://api.telegram.org/bot8838756490:AAE1CAsIDfhrFN31LzqwCXZ-3Lu-3tXYN0Y/getUpdates "HTTP/1.1 200 OK"
2026-06-05 02:52:57,959 - httpx - INFO - HTTP Request: POST https://api.telegram.org/bot8838756490:AAE1CAsIDfhrFN31LzqwCXZ-3Lu-3tXYN0Y/getUpdates "HTTP/1.1 200 OK"
2026-06-05 02:53:08,126 - httpx - INFO - HTTP Request: POST https://api.telegram.org/bot8838756490:AAE1CAsIDfhrFN31LzqwCXZ-3Lu-3tXYN0Y/getUpdates "HTTP/1.1 200 OK"
2026-06-05 02:53:18,293 - httpx - INFO - HTTP Request: POST https://api.telegram.org/bot8838756490:AAE1CAsIDfhrFN31LzqwCXZ-3Lu-3tXYN0Y/getUpdates "HTTP/1.1 200 OK"
2026-06-05 02:53:28,463 - httpx - INFO - HTTP Request: POST https://api.telegram.org/bot8838756490:AAE1CAsIDfhrFN31LzqwCXZ-3Lu-3tXYN0Y/getUpdates "HTTP/1.1 200 OK"
2026-06-05 02:53:38,633 - httpx - INFO - HTTP Request: POST https://api.telegram.org/bot8838756490:AAE1CAsIDfhrFN31LzqwCXZ-3Lu-3tXYN0Y/getUpdates "HTTP/1.1 200 OK"
2026-06-05 02:53:48,807 - httpx - INFO - HTTP Request: POST https://api.telegram.org/bot8838756490:AAE1CAsIDfhrFN31LzqwCXZ-3Lu-3tXYN0Y/getUpdates "HTTP/1.1 200 OK"
2026-06-05 02:53:58,976 - httpx - INFO - HTTP Request: POST https://api.telegram.org/bot8838756490:AAE1CAsIDfhrFN31LzqwCXZ-3Lu-3tXYN0Y/getUpdates "HTTP/1.1 200 OK"
2026-06-05 02:54:09,152 - httpx - INFO - HTTP Request: POST https://api.telegram.org/bot8838756490:AAE1CAsIDfhrFN31LzqwCXZ-3Lu-3tXYN0Y/getUpdates "HTTP/1.1 200 OK"
2026-06-05 02:54:19,319 - httpx - INFO - HTTP Request: POST https://api.telegram.org/bot8838756490:AAE1CAsIDfhrFN31LzqwCXZ-3Lu-3tXYN0Y/getUpdates "HTTP/1.1 200 OK"
2026-06-05 02:54:29,485 - httpx - INFO - HTTP Request: POST https://api.telegram.org/bot8838756490:AAE1CAsIDfhrFN31LzqwCXZ-3Lu-3tXYN0Y/getUpdates "HTTP/1.1 200 OK"
2026-06-05 02:54:39,657 - httpx - INFO - HTTP Request: POST https://api.telegram.org/bot8838756490:AAE1CAsIDfhrFN31LzqwCXZ-3Lu-3tXYN0Y/getUpdates "HTTP/1.1 200 OK"
2026-06-05 02:54:49,834 - httpx - INFO - HTTP Request: POST https://api.telegram.org/bot8838756490:AAE1CAsIDfhrFN31LzqwCXZ-3Lu-3tXYN0Y/getUpdates "HTTP/1.1 200 OK"
2026-06-05 02:55:00,008 - httpx - INFO - HTTP Request: POST https://api.telegram.org/bot8838756490:AAE1CAsIDfhrFN31LzqwCXZ-3Lu-3tXYN0Y/getUpdates "HTTP/1.1 200 OK"
2026-06-05 02:55:10,181 - httpx - INFO - HTTP Request: POST https://api.telegram.org/bot8838756490:AAE1CAsIDfhrFN31LzqwCXZ-3Lu-3tXYN0Y/getUpdates "HTTP/1.1 200 OK"
2026-06-05 02:55:20,359 - httpx - INFO - HTTP Request: POST https://api.telegram.org/bot8838756490:AAE1CAsIDfhrFN31LzqwCXZ-3Lu-3tXYN0Y/getUpdates "HTTP/1.1 200 OK"
2026-06-05 02:55:30,530 - httpx - INFO - HTTP Request: POST https://api.telegram.org/bot8838756490:AAE1CAsIDfhrFN31LzqwCXZ-3Lu-3tXYN0Y/getUpdates "HTTP/1.1 200 OK"
2026-06-05 02:55:40,700 - httpx - INFO - HTTP Request: POST https://api.telegram.org/bot8838756490:AAE1CAsIDfhrFN31LzqwCXZ-3Lu-3tXYN0Y/getUpdates "HTTP/1.1 200 OK"
2026-06-05 02:55:50,899 - httpx - INFO - HTTP Request: POST https://api.telegram.org/bot8838756490:AAE1CAsIDfhrFN31LzqwCXZ-3Lu-3tXYN0Y/getUpdates "HTTP/1.1 200 OK"
2026-06-05 02:56:01,073 - httpx - INFO - HTTP Request: POST https://api.telegram.org/bot8838756490:AAE1CAsIDfhrFN31LzqwCXZ-3Lu-3tXYN0Y/getUpdates "HTTP/1.1 200 OK"
2026-06-05 02:56:11,245 - httpx - INFO - HTTP Request: POST https://api.telegram.org/bot8838756490:AAE1CAsIDfhrFN31LzqwCXZ-3Lu-3tXYN0Y/getUpdates "HTTP/1.1 200 OK"
2026-06-05 02:56:21,423 - httpx - INFO - HTTP Request: POST https://api.telegram.org/bot8838756490:AAE1CAsIDfhrFN31LzqwCXZ-3Lu-3tXYN0Y/getUpdates "HTTP/1.1 200 OK"
2026-06-05 02:56:31,596 - httpx - INFO - HTTP Request: POST https://api.telegram.org/bot8838756490:AAE1CAsIDfhrFN31LzqwCXZ-3Lu-3tXYN0Y/getUpdates "HTTP/1.1 200 OK"
2026-06-05 02:56:41,776 - httpx - INFO - HTTP Request: POST https://api.telegram.org/bot8838756490:AAE1CAsIDfhrFN31LzqwCXZ-3Lu-3tXYN0Y/getUpdates "HTTP/1.1 200 OK"
2026-06-05 02:56:51,953 - httpx - INFO - HTTP Request: POST https://api.telegram.org/bot8838756490:AAE1CAsIDfhrFN31LzqwCXZ-3Lu-3tXYN0Y/getUpdates "HTTP/1.1 200 OK"
2026-06-05 02:57:02,133 - httpx - INFO - HTTP Request: POST https://api.telegram.org/bot8838756490:AAE1CAsIDfhrFN31LzqwCXZ-3Lu-3tXYN0Y/getUpdates "HTTP/1.1 200 OK"
2026-06-05 02:57:12,310 - httpx - INFO - HTTP Request: POST https://api.telegram.org/bot8838756490:AAE1CAsIDfhrFN31LzqwCXZ-3Lu-3tXYN0Y/getUpdates "HTTP/1.1 200 OK"
2026-06-05 02:57:22,485 - httpx - INFO - HTTP Request: POST https://api.telegram.org/bot8838756490:AAE1CAsIDfhrFN31LzqwCXZ-3Lu-3tXYN0Y/getUpdates "HTTP/1.1 200 OK"
2026-06-05 02:57:32,653 - httpx - INFO - HTTP Request: POST https://api.telegram.org/bot8838756490:AAE1CAsIDfhrFN31LzqwCXZ-3Lu-3tXYN0Y/getUpdates "HTTP/1.1 200 OK"
2026-06-05 02:57:42,824 - httpx - INFO - HTTP Request: POST https://api.telegram.org/bot8838756490:AAE1CAsIDfhrFN31LzqwCXZ-3Lu-3tXYN0Y/getUpdates "HTTP/1.1 200 OK"
2026-06-05 02:57:52,993 - httpx - INFO - HTTP Request: POST https://api.telegram.org/bot8838756490:AAE1CAsIDfhrFN31LzqwCXZ-3Lu-3tXYN0Y/getUpdates "HTTP/1.1 200 OK"
2026-06-05 02:58:03,163 - httpx - INFO - HTTP Request: POST https://api.telegram.org/bot8838756490:AAE1CAsIDfhrFN31LzqwCXZ-3Lu-3tXYN0Y/getUpdates "HTTP/1.1 200 OK"
2026-06-05 02:58:13,331 - httpx - INFO - HTTP Request: POST https://api.telegram.org/bot8838756490:AAE1CAsIDfhrFN31LzqwCXZ-3Lu-3tXYN0Y/getUpdates "HTTP/1.1 200 OK"
2026-06-05 02:58:23,500 - httpx - INFO - HTTP Request: POST https://api.telegram.org/bot8838756490:AAE1CAsIDfhrFN31LzqwCXZ-3Lu-3tXYN0Y/getUpdates "HTTP/1.1 200 OK"
2026-06-05 02:58:33,669 - httpx - INFO - HTTP Request: POST https://api.telegram.org/bot8838756490:AAE1CAsIDfhrFN31LzqwCXZ-3Lu-3tXYN0Y/getUpdates "HTTP/1.1 200 OK"
2026-06-05 02:58:43,844 - httpx - INFO - HTTP Request: POST https://api.telegram.org/bot8838756490:AAE1CAsIDfhrFN31LzqwCXZ-3Lu-3tXYN0Y/getUpdates "HTTP/1.1 200 OK"
2026-06-05 02:58:54,020 - httpx - INFO - HTTP Request: POST https://api.telegram.org/bot8838756490:AAE1CAsIDfhrFN31LzqwCXZ-3Lu-3tXYN0Y/getUpdates "HTTP/1.1 200 OK"
2026-06-05 02:59:04,192 - httpx - INFO - HTTP Request: POST https://api.telegram.org/bot8838756490:AAE1CAsIDfhrFN31LzqwCXZ-3Lu-3tXYN0Y/getUpdates "HTTP/1.1 200 OK"
2026-06-05 02:59:14,361 - httpx - INFO - HTTP Request: POST https://api.telegram.org/bot8838756490:AAE1CAsIDfhrFN31LzqwCXZ-3Lu-3tXYN0Y/getUpdates "HTTP/1.1 200 OK"
2026-06-05 02:59:24,531 - httpx - INFO - HTTP Request: POST https://api.telegram.org/bot8838756490:AAE1CAsIDfhrFN31LzqwCXZ-3Lu-3tXYN0Y/getUpdates "HTTP/1.1 200 OK"
2026-06-05 02:59:34,701 - httpx - INFO - HTTP Request: POST https://api.telegram.org/bot8838756490:AAE1CAsIDfhrFN31LzqwCXZ-3Lu-3tXYN0Y/getUpdates "HTTP/1.1 200 OK"
2026-06-05 02:59:44,877 - httpx - INFO - HTTP Request: POST https://api.telegram.org/bot8838756490:AAE1CAsIDfhrFN31LzqwCXZ-3Lu-3tXYN0Y/getUpdates "HTTP/1.1 200 OK"
2026-06-05 02:59:55,052 - httpx - INFO - HTTP Request: POST https://api.telegram.org/bot8838756490:AAE1CAsIDfhrFN31LzqwCXZ-3Lu-3tXYN0Y/getUpdates "HTTP/1.1 200 OK"
2026-06-05 03:00:05,221 - httpx - INFO - HTTP Request: POST https://api.telegram.org/bot8838756490:AAE1CAsIDfhrFN31LzqwCXZ-3Lu-3tXYN0Y/getUpdates "HTTP/1.1 200 OK"
2026-06-05 03:00:15,393 - httpx - INFO - HTTP Request: POST https://api.telegram.org/bot8838756490:AAE1CAsIDfhrFN31LzqwCXZ-3Lu-3tXYN0Y/getUpdates "HTTP/1.1 200 OK"
2026-06-05 03:00:25,565 - httpx - INFO - HTTP Request: POST https://api.telegram.org/bot8838756490:AAE1CAsIDfhrFN31LzqwCXZ-3Lu-3tXYN0Y/getUpdates "HTTP/1.1 200 OK"
2026-06-05 03:00:35,735 - httpx - INFO - HTTP Request: POST https://api.telegram.org/bot8838756490:AAE1CAsIDfhrFN31LzqwCXZ-3Lu-3tXYN0Y/getUpdates "HTTP/1.1 200 OK"
2026-06-05 03:00:45,928 - httpx - INFO - HTTP Request: POST https://api.telegram.org/bot8838756490:AAE1CAsIDfhrFN31LzqwCXZ-3Lu-3tXYN0Y/getUpdates "HTTP/1.1 200 OK"
2026-06-05 03:00:56,095 - httpx - INFO - HTTP Request: POST https://api.telegram.org/bot8838756490:AAE1CAsIDfhrFN31LzqwCXZ-3Lu-3tXYN0Y/getUpdates "HTTP/1.1 200 OK"
2026-06-05 03:01:06,264 - httpx - INFO - HTTP Request: POST https://api.telegram.org/bot8838756490:AAE1CAsIDfhrFN31LzqwCXZ-3Lu-3tXYN0Y/getUpdates "HTTP/1.1 200 OK"
2026-06-05 03:01:16,434 - httpx - INFO - HTTP Request: POST https://api.telegram.org/bot8838756490:AAE1CAsIDfhrFN31LzqwCXZ-3Lu-3tXYN0Y/getUpdates "HTTP/1.1 200 OK"
2026-06-05 03:01:26,605 - httpx - INFO - HTTP Request: POST https://api.telegram.org/bot8838756490:AAE1CAsIDfhrFN31LzqwCXZ-3Lu-3tXYN0Y/getUpdates "HTTP/1.1 200 OK"
2026-06-05 03:01:36,779 - httpx - INFO - HTTP Request: POST https://api.telegram.org/bot8838756490:AAE1CAsIDfhrFN31LzqwCXZ-3Lu-3tXYN0Y/getUpdates "HTTP/1.1 200 OK"
2026-06-05 03:01:46,953 - httpx - INFO - HTTP Request: POST https://api.telegram.org/bot8838756490:AAE1CAsIDfhrFN31LzqwCXZ-3Lu-3tXYN0Y/getUpdates "HTTP/1.1 200 OK"
2026-06-05 03:01:57,125 - httpx - INFO - HTTP Request: POST https://api.telegram.org/bot8838756490:AAE1CAsIDfhrFN31LzqwCXZ-3Lu-3tXYN0Y/getUpdates "HTTP/1.1 200 OK"
2026-06-05 03:02:07,295 - httpx - INFO - HTTP Request: POST https://api.telegram.org/bot8838756490:AAE1CAsIDfhrFN31LzqwCXZ-3Lu-3tXYN0Y/getUpdates "HTTP/1.1 200 OK"
2026-06-05 03:02:17,570 - httpx - INFO - HTTP Request: POST https://api.telegram.org/bot8838756490:AAE1CAsIDfhrFN31LzqwCXZ-3Lu-3tXYN0Y/getUpdates "HTTP/1.1 200 OK"
2026-06-05 03:02:27,739 - httpx - INFO - HTTP Request: POST https://api.telegram.org/bot8838756490:AAE1CAsIDfhrFN31LzqwCXZ-3Lu-3tXYN0Y/getUpdates "HTTP/1.1 200 OK"
2026-06-05 03:02:37,906 - httpx - INFO - HTTP Request: POST https://api.telegram.org/bot8838756490:AAE1CAsIDfhrFN31LzqwCXZ-3Lu-3tXYN0Y/getUpdates "HTTP/1.1 200 OK"
2026-06-05 03:02:48,074 - httpx - INFO - HTTP Request: POST https://api.telegram.org/bot8838756490:AAE1CAsIDfhrFN31LzqwCXZ-3Lu-3tXYN0Y/getUpdates "HTTP/1.1 200 OK"
2026-06-05 03:02:58,244 - httpx - INFO - HTTP Request: POST https://api.telegram.org/bot8838756490:AAE1CAsIDfhrFN31LzqwCXZ-3Lu-3tXYN0Y/getUpdates "HTTP/1.1 200 OK"
2026-06-05 03:03:08,413 - httpx - INFO - HTTP Request: POST https://api.telegram.org/bot8838756490:AAE1CAsIDfhrFN31LzqwCXZ-3Lu-3tXYN0Y/getUpdates "HTTP/1.1 200 OK"
2026-06-05 03:03:18,582 - httpx - INFO - HTTP Request: POST https://api.telegram.org/bot8838756490:AAE1CAsIDfhrFN31LzqwCXZ-3Lu-3tXYN0Y/getUpdates "HTTP/1.1 200 OK"
2026-06-05 03:03:29,028 - httpx - INFO - HTTP Request: POST https://api.telegram.org/bot8838756490:AAE1CAsIDfhrFN31LzqwCXZ-3Lu-3tXYN0Y/getUpdates "HTTP/1.1 200 OK"
2026-06-05 03:03:39,206 - httpx - INFO - HTTP Request: POST https://api.telegram.org/bot8838756490:AAE1CAsIDfhrFN31LzqwCXZ-3Lu-3tXYN0Y/getUpdates "HTTP/1.1 200 OK"
2026-06-05 03:03:49,379 - httpx - INFO - HTTP Request: POST https://api.telegram.org/bot8838756490:AAE1CAsIDfhrFN31LzqwCXZ-3Lu-3tXYN0Y/getUpdates "HTTP/1.1 200 OK"
2026-06-05 03:03:59,549 - httpx - INFO - HTTP Request: POST https://api.telegram.org/bot8838756490:AAE1CAsIDfhrFN31LzqwCXZ-3Lu-3tXYN0Y/getUpdates "HTTP/1.1 200 OK"
2026-06-05 03:04:09,726 - httpx - INFO - HTTP Request: POST https://api.telegram.org/bot8838756490:AAE1CAsIDfhrFN31LzqwCXZ-3Lu-3tXYN0Y/getUpdates "HTTP/1.1 200 OK"
2026-06-05 03:04:19,895 - httpx - INFO - HTTP Request: POST https://api.telegram.org/bot8838756490:AAE1CAsIDfhrFN31LzqwCXZ-3Lu-3tXYN0Y/getUpdates "HTTP/1.1 200 OK"
2026-06-05 03:04:30,065 - httpx - INFO - HTTP Request: POST https://api.telegram.org/bot8838756490:AAE1CAsIDfhrFN31LzqwCXZ-3Lu-3tXYN0Y/getUpdates "HTTP/1.1 200 OK"
2026-06-05 03:04:40,238 - httpx - INFO - HTTP Request: POST https://api.telegram.org/bot8838756490:AAE1CAsIDfhrFN31LzqwCXZ-3Lu-3tXYN0Y/getUpdates "HTTP/1.1 200 OK"
2026-06-05 03:04:50,408 - httpx - INFO - HTTP Request: POST https://api.telegram.org/bot8838756490:AAE1CAsIDfhrFN31LzqwCXZ-3Lu-3tXYN0Y/getUpdates "HTTP/1.1 200 OK"
2026-06-05 03:05:00,587 - httpx - INFO - HTTP Request: POST https://api.telegram.org/bot8838756490:AAE1CAsIDfhrFN31LzqwCXZ-3Lu-3tXYN0Y/getUpdates "HTTP/1.1 200 OK"
2026-06-05 03:05:10,765 - httpx - INFO - HTTP Request: POST https://api.telegram.org/bot8838756490:AAE1CAsIDfhrFN31LzqwCXZ-3Lu-3tXYN0Y/getUpdates "HTTP/1.1 200 OK"
2026-06-05 03:05:20,935 - httpx - INFO - HTTP Request: POST https://api.telegram.org/bot8838756490:AAE1CAsIDfhrFN31LzqwCXZ-3Lu-3tXYN0Y/getUpdates "HTTP/1.1 200 OK"
2026-06-05 03:05:31,107 - httpx - INFO - HTTP Request: POST https://api.telegram.org/bot8838756490:AAE1CAsIDfhrFN31LzqwCXZ-3Lu-3tXYN0Y/getUpdates "HTTP/1.1 200 OK"
2026-06-05 03:05:41,276 - httpx - INFO - HTTP Request: POST https://api.telegram.org/bot8838756490:AAE1CAsIDfhrFN31LzqwCXZ-3Lu-3tXYN0Y/getUpdates "HTTP/1.1 200 OK"
2026-06-05 03:05:51,445 - httpx - INFO - HTTP Request: POST https://api.telegram.org/bot8838756490:AAE1CAsIDfhrFN31LzqwCXZ-3Lu-3tXYN0Y/getUpdates "HTTP/1.1 200 OK"
2026-06-05 03:06:01,625 - httpx - INFO - HTTP Request: POST https://api.telegram.org/bot8838756490:AAE1CAsIDfhrFN31LzqwCXZ-3Lu-3tXYN0Y/getUpdates "HTTP/1.1 200 OK"
2026-06-05 03:06:11,805 - httpx - INFO - HTTP Request: POST https://api.telegram.org/bot8838756490:AAE1CAsIDfhrFN31LzqwCXZ-3Lu-3tXYN0Y/getUpdates "HTTP/1.1 200 OK"
2026-06-05 03:06:21,978 - httpx - INFO - HTTP Request: POST https://api.telegram.org/bot8838756490:AAE1CAsIDfhrFN31LzqwCXZ-3Lu-3tXYN0Y/getUpdates "HTTP/1.1 200 OK"
2026-06-05 03:06:32,145 - httpx - INFO - HTTP Request: POST https://api.telegram.org/bot8838756490:AAE1CAsIDfhrFN31LzqwCXZ-3Lu-3tXYN0Y/getUpdates "HTTP/1.1 200 OK"
2026-06-05 03:06:42,317 - httpx - INFO - HTTP Request: POST https://api.telegram.org/bot8838756490:AAE1CAsIDfhrFN31LzqwCXZ-3Lu-3tXYN0Y/getUpdates "HTTP/1.1 200 OK"
2026-06-05 03:06:52,485 - httpx - INFO - HTTP Request: POST https://api.telegram.org/bot8838756490:AAE1CAsIDfhrFN31LzqwCXZ-3Lu-3tXYN0Y/getUpdates "HTTP/1.1 200 OK"
2026-06-05 03:07:02,652 - httpx - INFO - HTTP Request: POST https://api.telegram.org/bot8838756490:AAE1CAsIDfhrFN31LzqwCXZ-3Lu-3tXYN0Y/getUpdates "HTTP/1.1 200 OK"
2026-06-05 03:07:12,819 - httpx - INFO - HTTP Request: POST https://api.telegram.org/bot8838756490:AAE1CAsIDfhrFN31LzqwCXZ-3Lu-3tXYN0Y/getUpdates "HTTP/1.1 200 OK"
2026-06-05 03:07:23,182 - httpx - INFO - HTTP Request: POST https://api.telegram.org/bot8838756490:AAE1CAsIDfhrFN31LzqwCXZ-3Lu-3tXYN0Y/getUpdates "HTTP/1.1 200 OK"
2026-06-05 03:07:33,349 - httpx - INFO - HTTP Request: POST https://api.telegram.org/bot8838756490:AAE1CAsIDfhrFN31LzqwCXZ-3Lu-3tXYN0Y/getUpdates "HTTP/1.1 200 OK"
2026-06-05 03:07:43,523 - httpx - INFO - HTTP Request: POST https://api.telegram.org/bot8838756490:AAE1CAsIDfhrFN31LzqwCXZ-3Lu-3tXYN0Y/getUpdates "HTTP/1.1 200 OK"
2026-06-05 03:07:53,704 - httpx - INFO - HTTP Request: POST https://api.telegram.org/bot8838756490:AAE1CAsIDfhrFN31LzqwCXZ-3Lu-3tXYN0Y/getUpdates "HTTP/1.1 200 OK"
2026-06-05 03:08:03,874 - httpx - INFO - HTTP Request: POST https://api.telegram.org/bot8838756490:AAE1CAsIDfhrFN31LzqwCXZ-3Lu-3tXYN0Y/getUpdates "HTTP/1.1 200 OK"
2026-06-05 03:08:14,042 - httpx - INFO - HTTP Request: POST https://api.telegram.org/bot8838756490:AAE1CAsIDfhrFN31LzqwCXZ-3Lu-3tXYN0Y/getUpdates "HTTP/1.1 200 OK"
2026-06-05 03:08:24,215 - httpx - INFO - HTTP Request: POST https://api.telegram.org/bot8838756490:AAE1CAsIDfhrFN31LzqwCXZ-3Lu-3tXYN0Y/getUpdates "HTTP/1.1 200 OK"
2026-06-05 03:08:34,388 - httpx - INFO - HTTP Request: POST https://api.telegram.org/bot8838756490:AAE1CAsIDfhrFN31LzqwCXZ-3Lu-3tXYN0Y/getUpdates "HTTP/1.1 200 OK"
2026-06-05 03:08:44,557 - httpx - INFO - HTTP Request: POST https://api.telegram.org/bot8838756490:AAE1CAsIDfhrFN31LzqwCXZ-3Lu-3tXYN0Y/getUpdates "HTTP/1.1 200 OK"
2026-06-05 03:08:54,729 - httpx - INFO - HTTP Request: POST https://api.telegram.org/bot8838756490:AAE1CAsIDfhrFN31LzqwCXZ-3Lu-3tXYN0Y/getUpdates "HTTP/1.1 200 OK"
2026-06-05 03:09:04,901 - httpx - INFO - HTTP Request: POST https://api.telegram.org/bot8838756490:AAE1CAsIDfhrFN31LzqwCXZ-3Lu-3tXYN0Y/getUpdates "HTTP/1.1 200 OK"
2026-06-05 03:09:15,081 - httpx - INFO - HTTP Request: POST https://api.telegram.org/bot8838756490:AAE1CAsIDfhrFN31LzqwCXZ-3Lu-3tXYN0Y/getUpdates "HTTP/1.1 200 OK"
2026-06-05 03:09:25,248 - httpx - INFO - HTTP Request: POST https://api.telegram.org/bot8838756490:AAE1CAsIDfhrFN31LzqwCXZ-3Lu-3tXYN0Y/getUpdates "HTTP/1.1 200 OK"
2026-06-05 03:09:35,419 - httpx - INFO - HTTP Request: POST https://api.telegram.org/bot8838756490:AAE1CAsIDfhrFN31LzqwCXZ-3Lu-3tXYN0Y/getUpdates "HTTP/1.1 200 OK"
2026-06-05 03:09:45,585 - httpx - INFO - HTTP Request: POST https://api.telegram.org/bot8838756490:AAE1CAsIDfhrFN31LzqwCXZ-3Lu-3tXYN0Y/getUpdates "HTTP/1.1 200 OK"
2026-06-05 03:09:55,755 - httpx - INFO - HTTP Request: POST https://api.telegram.org/bot8838756490:AAE1CAsIDfhrFN31LzqwCXZ-3Lu-3tXYN0Y/getUpdates "HTTP/1.1 200 OK"
2026-06-05 03:10:05,922 - httpx - INFO - HTTP Request: POST https://api.telegram.org/bot8838756490:AAE1CAsIDfhrFN31LzqwCXZ-3Lu-3tXYN0Y/getUpdates "HTTP/1.1 200 OK"
2026-06-05 03:10:16,099 - httpx - INFO - HTTP Request: POST https://api.telegram.org/bot8838756490:AAE1CAsIDfhrFN31LzqwCXZ-3Lu-3tXYN0Y/getUpdates "HTTP/1.1 200 OK"
2026-06-05 03:10:26,271 - httpx - INFO - HTTP Request: POST https://api.telegram.org/bot8838756490:AAE1CAsIDfhrFN31LzqwCXZ-3Lu-3tXYN0Y/getUpdates "HTTP/1.1 200 OK"
2026-06-05 03:10:36,451 - httpx - INFO - HTTP Request: POST https://api.telegram.org/bot8838756490:AAE1CAsIDfhrFN31LzqwCXZ-3Lu-3tXYN0Y/getUpdates "HTTP/1.1 200 OK"
2026-06-05 03:10:46,623 - httpx - INFO - HTTP Request: POST https://api.telegram.org/bot8838756490:AAE1CAsIDfhrFN31LzqwCXZ-3Lu-3tXYN0Y/getUpdates "HTTP/1.1 200 OK"
2026-06-05 03:10:56,800 - httpx - INFO - HTTP Request: POST https://api.telegram.org/bot8838756490:AAE1CAsIDfhrFN31LzqwCXZ-3Lu-3tXYN0Y/getUpdates "HTTP/1.1 200 OK"
2026-06-05 03:11:06,973 - httpx - INFO - HTTP Request: POST https://api.telegram.org/bot8838756490:AAE1CAsIDfhrFN31LzqwCXZ-3Lu-3tXYN0Y/getUpdates "HTTP/1.1 200 OK"
2026-06-05 03:11:17,139 - httpx - INFO - HTTP Request: POST https://api.telegram.org/bot8838756490:AAE1CAsIDfhrFN31LzqwCXZ-3Lu-3tXYN0Y/getUpdates "HTTP/1.1 200 OK"
2026-06-05 03:11:27,308 - httpx - INFO - HTTP Request: POST https://api.telegram.org/bot8838756490:AAE1CAsIDfhrFN31LzqwCXZ-3Lu-3tXYN0Y/getUpdates "HTTP/1.1 200 OK"
2026-06-05 03:11:37,477 - httpx - INFO - HTTP Request: POST https://api.telegram.org/bot8838756490:AAE1CAsIDfhrFN31LzqwCXZ-3Lu-3tXYN0Y/getUpdates "HTTP/1.1 200 OK"
2026-06-05 03:11:47,647 - httpx - INFO - HTTP Request: POST https://api.telegram.org/bot8838756490:AAE1CAsIDfhrFN31LzqwCXZ-3Lu-3tXYN0Y/getUpdates "HTTP/1.1 200 OK"
2026-06-05 03:11:57,819 - httpx - INFO - HTTP Request: POST https://api.telegram.org/bot8838756490:AAE1CAsIDfhrFN31LzqwCXZ-3Lu-3tXYN0Y/getUpdates "HTTP/1.1 200 OK"
2026-06-05 03:12:07,989 - httpx - INFO - HTTP Request: POST https://api.telegram.org/bot8838756490:AAE1CAsIDfhrFN31LzqwCXZ-3Lu-3tXYN0Y/getUpdates "HTTP/1.1 200 OK"
2026-06-05 03:12:18,162 - httpx - INFO - HTTP Request: POST https://api.telegram.org/bot8838756490:AAE1CAsIDfhrFN31LzqwCXZ-3Lu-3tXYN0Y/getUpdates "HTTP/1.1 200 OK"
2026-06-05 03:12:28,337 - httpx - INFO - HTTP Request: POST https://api.telegram.org/bot8838756490:AAE1CAsIDfhrFN31LzqwCXZ-3Lu-3tXYN0Y/getUpdates "HTTP/1.1 200 OK"
2026-06-05 03:12:38,506 - httpx - INFO - HTTP Request: POST https://api.telegram.org/bot8838756490:AAE1CAsIDfhrFN31LzqwCXZ-3Lu-3tXYN0Y/getUpdates "HTTP/1.1 200 OK"
2026-06-05 03:12:48,672 - httpx - INFO - HTTP Request: POST https://api.telegram.org/bot8838756490:AAE1CAsIDfhrFN31LzqwCXZ-3Lu-3tXYN0Y/getUpdates "HTTP/1.1 200 OK"
2026-06-05 03:12:58,842 - httpx - INFO - HTTP Request: POST https://api.telegram.org/bot8838756490:AAE1CAsIDfhrFN31LzqwCXZ-3Lu-3tXYN0Y/getUpdates "HTTP/1.1 200 OK"
2026-06-05 03:13:09,010 - httpx - INFO - HTTP Request: POST https://api.telegram.org/bot8838756490:AAE1CAsIDfhrFN31LzqwCXZ-3Lu-3tXYN0Y/getUpdates "HTTP/1.1 200 OK"
2026-06-05 03:13:19,181 - httpx - INFO - HTTP Request: POST https://api.telegram.org/bot8838756490:AAE1CAsIDfhrFN31LzqwCXZ-3Lu-3tXYN0Y/getUpdates "HTTP/1.1 200 OK"
2026-06-05 03:13:29,362 - httpx - INFO - HTTP Request: POST https://api.telegram.org/bot8838756490:AAE1CAsIDfhrFN31LzqwCXZ-3Lu-3tXYN0Y/getUpdates "HTTP/1.1 200 OK"
2026-06-05 03:13:39,535 - httpx - INFO - HTTP Request: POST https://api.telegram.org/bot8838756490:AAE1CAsIDfhrFN31LzqwCXZ-3Lu-3tXYN0Y/getUpdates "HTTP/1.1 200 OK"
2026-06-05 03:13:49,711 - httpx - INFO - HTTP Request: POST https://api.telegram.org/bot8838756490:AAE1CAsIDfhrFN31LzqwCXZ-3Lu-3tXYN0Y/getUpdates "HTTP/1.1 200 OK"
2026-06-05 03:13:59,884 - httpx - INFO - HTTP Request: POST https://api.telegram.org/bot8838756490:AAE1CAsIDfhrFN31LzqwCXZ-3Lu-3tXYN0Y/getUpdates "HTTP/1.1 200 OK"
2026-06-05 03:14:10,055 - httpx - INFO - HTTP Request: POST https://api.telegram.org/bot8838756490:AAE1CAsIDfhrFN31LzqwCXZ-3Lu-3tXYN0Y/getUpdates "HTTP/1.1 200 OK"
2026-06-05 03:14:20,230 - httpx - INFO - HTTP Request: POST https://api.telegram.org/bot8838756490:AAE1CAsIDfhrFN31LzqwCXZ-3Lu-3tXYN0Y/getUpdates "HTTP/1.1 200 OK"
2026-06-05 03:14:30,404 - httpx - INFO - HTTP Request: POST https://api.telegram.org/bot8838756490:AAE1CAsIDfhrFN31LzqwCXZ-3Lu-3tXYN0Y/getUpdates "HTTP/1.1 200 OK"
2026-06-05 03:14:40,574 - httpx - INFO - HTTP Request: POST https://api.telegram.org/bot8838756490:AAE1CAsIDfhrFN31LzqwCXZ-3Lu-3tXYN0Y/getUpdates "HTTP/1.1 200 OK"
2026-06-05 03:14:50,745 - httpx - INFO - HTTP Request: POST https://api.telegram.org/bot8838756490:AAE1CAsIDfhrFN31LzqwCXZ-3Lu-3tXYN0Y/getUpdates "HTTP/1.1 200 OK"
2026-06-05 03:15:00,914 - httpx - INFO - HTTP Request: POST https://api.telegram.org/bot8838756490:AAE1CAsIDfhrFN31LzqwCXZ-3Lu-3tXYN0Y/getUpdates "HTTP/1.1 200 OK"
2026-06-05 03:15:11,084 - httpx - INFO - HTTP Request: POST https://api.telegram.org/bot8838756490:AAE1CAsIDfhrFN31LzqwCXZ-3Lu-3tXYN0Y/getUpdates "HTTP/1.1 200 OK"
2026-06-05 03:15:21,257 - httpx - INFO - HTTP Request: POST https://api.telegram.org/bot8838756490:AAE1CAsIDfhrFN31LzqwCXZ-3Lu-3tXYN0Y/getUpdates "HTTP/1.1 200 OK"
2026-06-05 03:15:31,429 - httpx - INFO - HTTP Request: POST https://api.telegram.org/bot8838756490:AAE1CAsIDfhrFN31LzqwCXZ-3Lu-3tXYN0Y/getUpdates "HTTP/1.1 200 OK"
2026-06-05 03:15:41,598 - httpx - INFO - HTTP Request: POST https://api.telegram.org/bot8838756490:AAE1CAsIDfhrFN31LzqwCXZ-3Lu-3tXYN0Y/getUpdates "HTTP/1.1 200 OK"
2026-06-05 03:15:51,770 - httpx - INFO - HTTP Request: POST https://api.telegram.org/bot8838756490:AAE1CAsIDfhrFN31LzqwCXZ-3Lu-3tXYN0Y/getUpdates "HTTP/1.1 200 OK"
2026-06-05 03:16:01,940 - httpx - INFO - HTTP Request: POST https://api.telegram.org/bot8838756490:AAE1CAsIDfhrFN31LzqwCXZ-3Lu-3tXYN0Y/getUpdates "HTTP/1.1 200 OK"
2026-06-05 03:16:12,107 - httpx - INFO - HTTP Request: POST https://api.telegram.org/bot8838756490:AAE1CAsIDfhrFN31LzqwCXZ-3Lu-3tXYN0Y/getUpdates "HTTP/1.1 200 OK"
2026-06-05 03:16:22,280 - httpx - INFO - HTTP Request: POST https://api.telegram.org/bot8838756490:AAE1CAsIDfhrFN31LzqwCXZ-3Lu-3tXYN0Y/getUpdates "HTTP/1.1 200 OK"
2026-06-05 03:16:32,446 - httpx - INFO - HTTP Request: POST https://api.telegram.org/bot8838756490:AAE1CAsIDfhrFN31LzqwCXZ-3Lu-3tXYN0Y/getUpdates "HTTP/1.1 200 OK"
2026-06-05 03:16:42,616 - httpx - INFO - HTTP Request: POST https://api.telegram.org/bot8838756490:AAE1CAsIDfhrFN31LzqwCXZ-3Lu-3tXYN0Y/getUpdates "HTTP/1.1 200 OK"
2026-06-05 03:16:52,787 - httpx - INFO - HTTP Request: POST https://api.telegram.org/bot8838756490:AAE1CAsIDfhrFN31LzqwCXZ-3Lu-3tXYN0Y/getUpdates "HTTP/1.1 200 OK"
2026-06-05 03:17:02,963 - httpx - INFO - HTTP Request: POST https://api.telegram.org/bot8838756490:AAE1CAsIDfhrFN31LzqwCXZ-3Lu-3tXYN0Y/getUpdates "HTTP/1.1 200 OK"
2026-06-05 03:17:13,136 - httpx - INFO - HTTP Request: POST https://api.telegram.org/bot8838756490:AAE1CAsIDfhrFN31LzqwCXZ-3Lu-3tXYN0Y/getUpdates "HTTP/1.1 200 OK"
2026-06-05 03:17:23,304 - httpx - INFO - HTTP Request: POST https://api.telegram.org/bot8838756490:AAE1CAsIDfhrFN31LzqwCXZ-3Lu-3tXYN0Y/getUpdates "HTTP/1.1 200 OK"
2026-06-05 03:17:33,479 - httpx - INFO - HTTP Request: POST https://api.telegram.org/bot8838756490:AAE1CAsIDfhrFN31LzqwCXZ-3Lu-3tXYN0Y/getUpdates "HTTP/1.1 200 OK"
2026-06-05 03:17:43,653 - httpx - INFO - HTTP Request: POST https://api.telegram.org/bot8838756490:AAE1CAsIDfhrFN31LzqwCXZ-3Lu-3tXYN0Y/getUpdates "HTTP/1.1 200 OK"
2026-06-05 03:17:53,821 - httpx - INFO - HTTP Request: POST https://api.telegram.org/bot8838756490:AAE1CAsIDfhrFN31LzqwCXZ-3Lu-3tXYN0Y/getUpdates "HTTP/1.1 200 OK"
2026-06-05 03:18:03,998 - httpx - INFO - HTTP Request: POST https://api.telegram.org/bot8838756490:AAE1CAsIDfhrFN31LzqwCXZ-3Lu-3tXYN0Y/getUpdates "HTTP/1.1 200 OK"
2026-06-05 03:18:14,170 - httpx - INFO - HTTP Request: POST https://api.telegram.org/bot8838756490:AAE1CAsIDfhrFN31LzqwCXZ-3Lu-3tXYN0Y/getUpdates "HTTP/1.1 200 OK"
2026-06-05 03:18:24,349 - httpx - INFO - HTTP Request: POST https://api.telegram.org/bot8838756490:AAE1CAsIDfhrFN31LzqwCXZ-3Lu-3tXYN0Y/getUpdates "HTTP/1.1 200 OK"
2026-06-05 03:18:34,521 - httpx - INFO - HTTP Request: POST https://api.telegram.org/bot8838756490:AAE1CAsIDfhrFN31LzqwCXZ-3Lu-3tXYN0Y/getUpdates "HTTP/1.1 200 OK"
2026-06-05 03:18:44,704 - httpx - INFO - HTTP Request: POST https://api.telegram.org/bot8838756490:AAE1CAsIDfhrFN31LzqwCXZ-3Lu-3tXYN0Y/getUpdates "HTTP/1.1 200 OK"
2026-06-05 03:18:54,875 - httpx - INFO - HTTP Request: POST https://api.telegram.org/bot8838756490:AAE1CAsIDfhrFN31LzqwCXZ-3Lu-3tXYN0Y/getUpdates "HTTP/1.1 200 OK"
2026-06-05 03:19:05,061 - httpx - INFO - HTTP Request: POST https://api.telegram.org/bot8838756490:AAE1CAsIDfhrFN31LzqwCXZ-3Lu-3tXYN0Y/getUpdates "HTTP/1.1 200 OK"
2026-06-05 03:19:15,236 - httpx - INFO - HTTP Request: POST https://api.telegram.org/bot8838756490:AAE1CAsIDfhrFN31LzqwCXZ-3Lu-3tXYN0Y/getUpdates "HTTP/1.1 200 OK"
2026-06-05 03:19:25,410 - httpx - INFO - HTTP Request: POST https://api.telegram.org/bot8838756490:AAE1CAsIDfhrFN31LzqwCXZ-3Lu-3tXYN0Y/getUpdates "HTTP/1.1 200 OK"
2026-06-05 03:19:35,592 - httpx - INFO - HTTP Request: POST https://api.telegram.org/bot8838756490:AAE1CAsIDfhrFN31LzqwCXZ-3Lu-3tXYN0Y/getUpdates "HTTP/1.1 200 OK"
2026-06-05 03:19:45,764 - httpx - INFO - HTTP Request: POST https://api.telegram.org/bot8838756490:AAE1CAsIDfhrFN31LzqwCXZ-3Lu-3tXYN0Y/getUpdates "HTTP/1.1 200 OK"
2026-06-05 03:19:55,934 - httpx - INFO - HTTP Request: POST https://api.telegram.org/bot8838756490:AAE1CAsIDfhrFN31LzqwCXZ-3Lu-3tXYN0Y/getUpdates "HTTP/1.1 200 OK"
2026-06-05 03:20:06,105 - httpx - INFO - HTTP Request: POST https://api.telegram.org/bot8838756490:AAE1CAsIDfhrFN31LzqwCXZ-3Lu-3tXYN0Y/getUpdates "HTTP/1.1 200 OK"
2026-06-05 03:20:16,281 - httpx - INFO - HTTP Request: POST https://api.telegram.org/bot8838756490:AAE1CAsIDfhrFN31LzqwCXZ-3Lu-3tXYN0Y/getUpdates "HTTP/1.1 200 OK"
2026-06-05 03:20:26,449 - httpx - INFO - HTTP Request: POST https://api.telegram.org/bot8838756490:AAE1CAsIDfhrFN31LzqwCXZ-3Lu-3tXYN0Y/getUpdates "HTTP/1.1 200 OK"
2026-06-05 03:20:37,036 - httpx - INFO - HTTP Request: POST https://api.telegram.org/bot8838756490:AAE1CAsIDfhrFN31LzqwCXZ-3Lu-3tXYN0Y/getUpdates "HTTP/1.1 200 OK"
2026-06-05 03:20:47,222 - httpx - INFO - HTTP Request: POST https://api.telegram.org/bot8838756490:AAE1CAsIDfhrFN31LzqwCXZ-3Lu-3tXYN0Y/getUpdates "HTTP/1.1 200 OK"
2026-06-05 03:20:57,412 - httpx - INFO - HTTP Request: POST https://api.telegram.org/bot8838756490:AAE1CAsIDfhrFN31LzqwCXZ-3Lu-3tXYN0Y/getUpdates "HTTP/1.1 200 OK"
2026-06-05 03:21:07,599 - httpx - INFO - HTTP Request: POST https://api.telegram.org/bot8838756490:AAE1CAsIDfhrFN31LzqwCXZ-3Lu-3tXYN0Y/getUpdates "HTTP/1.1 200 OK"
2026-06-05 03:21:17,787 - httpx - INFO - HTTP Request: POST https://api.telegram.org/bot8838756490:AAE1CAsIDfhrFN31LzqwCXZ-3Lu-3tXYN0Y/getUpdates "HTTP/1.1 200 OK"
2026-06-05 03:21:27,975 - httpx - INFO - HTTP Request: POST https://api.telegram.org/bot8838756490:AAE1CAsIDfhrFN31LzqwCXZ-3Lu-3tXYN0Y/getUpdates "HTTP/1.1 200 OK"
2026-06-05 03:21:38,163 - httpx - INFO - HTTP Request: POST https://api.telegram.org/bot8838756490:AAE1CAsIDfhrFN31LzqwCXZ-3Lu-3tXYN0Y/getUpdates "HTTP/1.1 200 OK"
2026-06-05 03:21:48,362 - httpx - INFO - HTTP Request: POST https://api.telegram.org/bot8838756490:AAE1CAsIDfhrFN31LzqwCXZ-3Lu-3tXYN0Y/getUpdates "HTTP/1.1 200 OK"
2026-06-05 03:21:58,553 - httpx - INFO - HTTP Request: POST https://api.telegram.org/bot8838756490:AAE1CAsIDfhrFN31LzqwCXZ-3Lu-3tXYN0Y/getUpdates "HTTP/1.1 200 OK"
2026-06-05 03:22:08,738 - httpx - INFO - HTTP Request: POST https://api.telegram.org/bot8838756490:AAE1CAsIDfhrFN31LzqwCXZ-3Lu-3tXYN0Y/getUpdates "HTTP/1.1 200 OK"
2026-06-05 03:22:18,928 - httpx - INFO - HTTP Request: POST https://api.telegram.org/bot8838756490:AAE1CAsIDfhrFN31LzqwCXZ-3Lu-3tXYN0Y/getUpdates "HTTP/1.1 200 OK"
2026-06-05 03:22:29,115 - httpx - INFO - HTTP Request: POST https://api.telegram.org/bot8838756490:AAE1CAsIDfhrFN31LzqwCXZ-3Lu-3tXYN0Y/getUpdates "HTTP/1.1 200 OK"
2026-06-05 03:22:39,300 - httpx - INFO - HTTP Request: POST https://api.telegram.org/bot8838756490:AAE1CAsIDfhrFN31LzqwCXZ-3Lu-3tXYN0Y/getUpdates "HTTP/1.1 200 OK"
2026-06-05 03:22:49,484 - httpx - INFO - HTTP Request: POST https://api.telegram.org/bot8838756490:AAE1CAsIDfhrFN31LzqwCXZ-3Lu-3tXYN0Y/getUpdates "HTTP/1.1 200 OK"
2026-06-05 03:22:59,677 - httpx - INFO - HTTP Request: POST https://api.telegram.org/bot8838756490:AAE1CAsIDfhrFN31LzqwCXZ-3Lu-3tXYN0Y/getUpdates "HTTP/1.1 200 OK"
2026-06-05 03:23:09,656 - httpx - INFO - HTTP Request: POST https://api.telegram.org/bot8838756490:AAE1CAsIDfhrFN31LzqwCXZ-3Lu-3tXYN0Y/getUpdates "HTTP/1.1 200 OK"
2026-06-05 03:23:10,377 - httpx - INFO - HTTP Request: POST https://api.telegram.org/bot8838756490:AAE1CAsIDfhrFN31LzqwCXZ-3Lu-3tXYN0Y/sendMessage "HTTP/1.1 200 OK"
2026-06-05 03:23:19,908 - httpx - INFO - HTTP Request: POST https://api.telegram.org/bot8838756490:AAE1CAsIDfhrFN31LzqwCXZ-3Lu-3tXYN0Y/getUpdates "HTTP/1.1 200 OK"
2026-06-05 03:23:30,096 - httpx - INFO - HTTP Request: POST https://api.telegram.org/bot8838756490:AAE1CAsIDfhrFN31LzqwCXZ-3Lu-3tXYN0Y/getUpdates "HTTP/1.1 200 OK"
2026-06-05 03:23:40,278 - httpx - INFO - HTTP Request: POST https://api.telegram.org/bot8838756490:AAE1CAsIDfhrFN31LzqwCXZ-3Lu-3tXYN0Y/getUpdates "HTTP/1.1 200 OK"
2026-06-05 03:23:50,470 - httpx - INFO - HTTP Request: POST https://api.telegram.org/bot8838756490:AAE1CAsIDfhrFN31LzqwCXZ-3Lu-3tXYN0Y/getUpdates "HTTP/1.1 200 OK"
2026-06-05 03:24:00,658 - httpx - INFO - HTTP Request: POST https://api.telegram.org/bot8838756490:AAE1CAsIDfhrFN31LzqwCXZ-3Lu-3tXYN0Y/getUpdates "HTTP/1.1 200 OK"
2026-06-05 03:24:10,852 - httpx - INFO - HTTP Request: POST https://api.telegram.org/bot8838756490:AAE1CAsIDfhrFN31LzqwCXZ-3Lu-3tXYN0Y/getUpdates "HTTP/1.1 200 OK"
2026-06-05 03:24:21,037 - httpx - INFO - HTTP Request: POST https://api.telegram.org/bot8838756490:AAE1CAsIDfhrFN31LzqwCXZ-3Lu-3tXYN0Y/getUpdates "HTTP/1.1 200 OK"
2026-06-05 03:24:31,223 - httpx - INFO - HTTP Request: POST https://api.telegram.org/bot8838756490:AAE1CAsIDfhrFN31LzqwCXZ-3Lu-3tXYN0Y/getUpdates "HTTP/1.1 200 OK"
2026-06-05 03:24:41,407 - httpx - INFO - HTTP Request: POST https://api.telegram.org/bot8838756490:AAE1CAsIDfhrFN31LzqwCXZ-3Lu-3tXYN0Y/getUpdates "HTTP/1.1 200 OK"
2026-06-05 03:24:51,591 - httpx - INFO - HTTP Request: POST https://api.telegram.org/bot8838756490:AAE1CAsIDfhrFN31LzqwCXZ-3Lu-3tXYN0Y/getUpdates "HTTP/1.1 200 OK"
2026-06-05 03:25:01,781 - httpx - INFO - HTTP Request: POST https://api.telegram.org/bot8838756490:AAE1CAsIDfhrFN31LzqwCXZ-3Lu-3tXYN0Y/getUpdates "HTTP/1.1 200 OK"
2026-06-05 03:25:11,966 - httpx - INFO - HTTP Request: POST https://api.telegram.org/bot8838756490:AAE1CAsIDfhrFN31LzqwCXZ-3Lu-3tXYN0Y/getUpdates "HTTP/1.1 200 OK"
2026-06-05 03:25:22,150 - httpx - INFO - HTTP Request: POST https://api.telegram.org/bot8838756490:AAE1CAsIDfhrFN31LzqwCXZ-3Lu-3tXYN0Y/getUpdates "HTTP/1.1 200 OK"
2026-06-05 03:25:32,335 - httpx - INFO - HTTP Request: POST https://api.telegram.org/bot8838756490:AAE1CAsIDfhrFN31LzqwCXZ-3Lu-3tXYN0Y/getUpdates "HTTP/1.1 200 OK"
2026-06-05 03:25:42,527 - httpx - INFO - HTTP Request: POST https://api.telegram.org/bot8838756490:AAE1CAsIDfhrFN31LzqwCXZ-3Lu-3tXYN0Y/getUpdates "HTTP/1.1 200 OK"
2026-06-05 03:25:52,707 - httpx - INFO - HTTP Request: POST https://api.telegram.org/bot8838756490:AAE1CAsIDfhrFN31LzqwCXZ-3Lu-3tXYN0Y/getUpdates "HTTP/1.1 200 OK"
2026-06-05 03:26:02,894 - httpx - INFO - HTTP Request: POST https://api.telegram.org/bot8838756490:AAE1CAsIDfhrFN31LzqwCXZ-3Lu-3tXYN0Y/getUpdates "HTTP/1.1 200 OK"
2026-06-05 03:26:13,077 - httpx - INFO - HTTP Request: POST https://api.telegram.org/bot8838756490:AAE1CAsIDfhrFN31LzqwCXZ-3Lu-3tXYN0Y/getUpdates "HTTP/1.1 200 OK"
2026-06-05 03:26:23,265 - httpx - INFO - HTTP Request: POST https://api.telegram.org/bot8838756490:AAE1CAsIDfhrFN31LzqwCXZ-3Lu-3tXYN0Y/getUpdates "HTTP/1.1 200 OK"
2026-06-05 03:26:33,460 - httpx - INFO - HTTP Request: POST https://api.telegram.org/bot8838756490:AAE1CAsIDfhrFN31LzqwCXZ-3Lu-3tXYN0Y/getUpdates "HTTP/1.1 200 OK"
2026-06-05 03:26:43,648 - httpx - INFO - HTTP Request: POST https://api.telegram.org/bot8838756490:AAE1CAsIDfhrFN31LzqwCXZ-3Lu-3tXYN0Y/getUpdates "HTTP/1.1 200 OK"
2026-06-05 03:26:53,841 - httpx - INFO - HTTP Request: POST https://api.telegram.org/bot8838756490:AAE1CAsIDfhrFN31LzqwCXZ-3Lu-3tXYN0Y/getUpdates "HTTP/1.1 200 OK"
2026-06-05 03:27:04,028 - httpx - INFO - HTTP Request: POST https://api.telegram.org/bot8838756490:AAE1CAsIDfhrFN31LzqwCXZ-3Lu-3tXYN0Y/getUpdates "HTTP/1.1 200 OK"
2026-06-05 03:27:14,220 - httpx - INFO - HTTP Request: POST https://api.telegram.org/bot8838756490:AAE1CAsIDfhrFN31LzqwCXZ-3Lu-3tXYN0Y/getUpdates "HTTP/1.1 200 OK"
2026-06-05 03:27:24,405 - httpx - INFO - HTTP Request: POST https://api.telegram.org/bot8838756490:AAE1CAsIDfhrFN31LzqwCXZ-3Lu-3tXYN0Y/getUpdates "HTTP/1.1 200 OK"
2026-06-05 03:27:34,595 - httpx - INFO - HTTP Request: POST https://api.telegram.org/bot8838756490:AAE1CAsIDfhrFN31LzqwCXZ-3Lu-3tXYN0Y/getUpdates "HTTP/1.1 200 OK"
2026-06-05 03:27:44,782 - httpx - INFO - HTTP Request: POST https://api.telegram.org/bot8838756490:AAE1CAsIDfhrFN31LzqwCXZ-3Lu-3tXYN0Y/getUpdates "HTTP/1.1 200 OK"
2026-06-05 03:27:54,971 - httpx - INFO - HTTP Request: POST https://api.telegram.org/bot8838756490:AAE1CAsIDfhrFN31LzqwCXZ-3Lu-3tXYN0Y/getUpdates "HTTP/1.1 200 OK"
2026-06-05 03:28:05,167 - httpx - INFO - HTTP Request: POST https://api.telegram.org/bot8838756490:AAE1CAsIDfhrFN31LzqwCXZ-3Lu-3tXYN0Y/getUpdates "HTTP/1.1 200 OK"
2026-06-05 03:28:15,360 - httpx - INFO - HTTP Request: POST https://api.telegram.org/bot8838756490:AAE1CAsIDfhrFN31LzqwCXZ-3Lu-3tXYN0Y/getUpdates "HTTP/1.1 200 OK"
2026-06-05 03:28:25,543 - httpx - INFO - HTTP Request: POST https://api.telegram.org/bot8838756490:AAE1CAsIDfhrFN31LzqwCXZ-3Lu-3tXYN0Y/getUpdates "HTTP/1.1 200 OK"
2026-06-05 03:28:35,725 - httpx - INFO - HTTP Request: POST https://api.telegram.org/bot8838756490:AAE1CAsIDfhrFN31LzqwCXZ-3Lu-3tXYN0Y/getUpdates "HTTP/1.1 200 OK"
2026-06-05 03:28:45,914 - httpx - INFO - HTTP Request: POST https://api.telegram.org/bot8838756490:AAE1CAsIDfhrFN31LzqwCXZ-3Lu-3tXYN0Y/getUpdates "HTTP/1.1 200 OK"
2026-06-05 03:28:56,106 - httpx - INFO - HTTP Request: POST https://api.telegram.org/bot8838756490:AAE1CAsIDfhrFN31LzqwCXZ-3Lu-3tXYN0Y/getUpdates "HTTP/1.1 200 OK"
2026-06-05 03:29:06,298 - httpx - INFO - HTTP Request: POST https://api.telegram.org/bot8838756490:AAE1CAsIDfhrFN31LzqwCXZ-3Lu-3tXYN0Y/getUpdates "HTTP/1.1 200 OK"
2026-06-05 03:29:16,486 - httpx - INFO - HTTP Request: POST https://api.telegram.org/bot8838756490:AAE1CAsIDfhrFN31LzqwCXZ-3Lu-3tXYN0Y/getUpdates "HTTP/1.1 200 OK"
2026-06-05 03:29:26,674 - httpx - INFO - HTTP Request: POST https://api.telegram.org/bot8838756490:AAE1CAsIDfhrFN31LzqwCXZ-3Lu-3tXYN0Y/getUpdates "HTTP/1.1 200 OK"
2026-06-05 03:29:36,855 - httpx - INFO - HTTP Request: POST https://api.telegram.org/bot8838756490:AAE1CAsIDfhrFN31LzqwCXZ-3Lu-3tXYN0Y/getUpdates "HTTP/1.1 200 OK"
2026-06-05 03:29:47,047 - httpx - INFO - HTTP Request: POST https://api.telegram.org/bot8838756490:AAE1CAsIDfhrFN31LzqwCXZ-3Lu-3tXYN0Y/getUpdates "HTTP/1.1 200 OK"
2026-06-05 03:29:57,246 - httpx - INFO - HTTP Request: POST https://api.telegram.org/bot8838756490:AAE1CAsIDfhrFN31LzqwCXZ-3Lu-3tXYN0Y/getUpdates "HTTP/1.1 200 OK"
2026-06-05 03:30:07,428 - httpx - INFO - HTTP Request: POST https://api.telegram.org/bot8838756490:AAE1CAsIDfhrFN31LzqwCXZ-3Lu-3tXYN0Y/getUpdates "HTTP/1.1 200 OK"
2026-06-05 03:30:17,613 - httpx - INFO - HTTP Request: POST https://api.telegram.org/bot8838756490:AAE1CAsIDfhrFN31LzqwCXZ-3Lu-3tXYN0Y/getUpdates "HTTP/1.1 200 OK"
2026-06-05 03:30:27,808 - httpx - INFO - HTTP Request: POST https://api.telegram.org/bot8838756490:AAE1CAsIDfhrFN31LzqwCXZ-3Lu-3tXYN0Y/getUpdates "HTTP/1.1 200 OK"
2026-06-05 03:30:37,989 - httpx - INFO - HTTP Request: POST https://api.telegram.org/bot8838756490:AAE1CAsIDfhrFN31LzqwCXZ-3Lu-3tXYN0Y/getUpdates "HTTP/1.1 200 OK"
2026-06-05 03:30:48,182 - httpx - INFO - HTTP Request: POST https://api.telegram.org/bot8838756490:AAE1CAsIDfhrFN31LzqwCXZ-3Lu-3tXYN0Y/getUpdates "HTTP/1.1 200 OK"
2026-06-05 03:30:58,368 - httpx - INFO - HTTP Request: POST https://api.telegram.org/bot8838756490:AAE1CAsIDfhrFN31LzqwCXZ-3Lu-3tXYN0Y/getUpdates "HTTP/1.1 200 OK"
2026-06-05 03:31:08,565 - httpx - INFO - HTTP Request: POST https://api.telegram.org/bot8838756490:AAE1CAsIDfhrFN31LzqwCXZ-3Lu-3tXYN0Y/getUpdates "HTTP/1.1 200 OK"
2026-06-05 03:31:18,758 - httpx - INFO - HTTP Request: POST https://api.telegram.org/bot8838756490:AAE1CAsIDfhrFN31LzqwCXZ-3Lu-3tXYN0Y/getUpdates "HTTP/1.1 200 OK"
2026-06-05 03:31:28,946 - httpx - INFO - HTTP Request: POST https://api.telegram.org/bot8838756490:AAE1CAsIDfhrFN31LzqwCXZ-3Lu-3tXYN0Y/getUpdates "HTTP/1.1 200 OK"
2026-06-05 03:31:39,402 - httpx - INFO - HTTP Request: POST https://api.telegram.org/bot8838756490:AAE1CAsIDfhrFN31LzqwCXZ-3Lu-3tXYN0Y/getUpdates "HTTP/1.1 200 OK"
2026-06-05 03:31:49,599 - httpx - INFO - HTTP Request: POST https://api.telegram.org/bot8838756490:AAE1CAsIDfhrFN31LzqwCXZ-3Lu-3tXYN0Y/getUpdates "HTTP/1.1 200 OK"
2026-06-05 03:31:59,787 - httpx - INFO - HTTP Request: POST https://api.telegram.org/bot8838756490:AAE1CAsIDfhrFN31LzqwCXZ-3Lu-3tXYN0Y/getUpdates "HTTP/1.1 200 OK"
2026-06-05 03:32:09,973 - httpx - INFO - HTTP Request: POST https://api.telegram.org/bot8838756490:AAE1CAsIDfhrFN31LzqwCXZ-3Lu-3tXYN0Y/getUpdates "HTTP/1.1 200 OK"
2026-06-05 03:32:20,155 - httpx - INFO - HTTP Request: POST https://api.telegram.org/bot8838756490:AAE1CAsIDfhrFN31LzqwCXZ-3Lu-3tXYN0Y/getUpdates "HTTP/1.1 200 OK"
2026-06-05 03:32:30,344 - httpx - INFO - HTTP Request: POST https://api.telegram.org/bot8838756490:AAE1CAsIDfhrFN31LzqwCXZ-3Lu-3tXYN0Y/getUpdates "HTTP/1.1 200 OK"
2026-06-05 03:32:40,534 - httpx - INFO - HTTP Request: POST https://api.telegram.org/bot8838756490:AAE1CAsIDfhrFN31LzqwCXZ-3Lu-3tXYN0Y/getUpdates "HTTP/1.1 200 OK"
2026-06-05 03:32:50,753 - httpx - INFO - HTTP Request: POST https://api.telegram.org/bot8838756490:AAE1CAsIDfhrFN31LzqwCXZ-3Lu-3tXYN0Y/getUpdates "HTTP/1.1 200 OK"
2026-06-05 03:33:00,938 - httpx - INFO - HTTP Request: POST https://api.telegram.org/bot8838756490:AAE1CAsIDfhrFN31LzqwCXZ-3Lu-3tXYN0Y/getUpdates "HTTP/1.1 200 OK"
2026-06-05 03:33:11,125 - httpx - INFO - HTTP Request: POST https://api.telegram.org/bot8838756490:AAE1CAsIDfhrFN31LzqwCXZ-3Lu-3tXYN0Y/getUpdates "HTTP/1.1 200 OK"
2026-06-05 03:33:21,319 - httpx - INFO - HTTP Request: POST https://api.telegram.org/bot8838756490:AAE1CAsIDfhrFN31LzqwCXZ-3Lu-3tXYN0Y/getUpdates "HTTP/1.1 200 OK"
2026-06-05 03:33:31,503 - httpx - INFO - HTTP Request: POST https://api.telegram.org/bot8838756490:AAE1CAsIDfhrFN31LzqwCXZ-3Lu-3tXYN0Y/getUpdates "HTTP/1.1 200 OK"
2026-06-05 03:33:41,696 - httpx - INFO - HTTP Request: POST https://api.telegram.org/bot8838756490:AAE1CAsIDfhrFN31LzqwCXZ-3Lu-3tXYN0Y/getUpdates "HTTP/1.1 200 OK"
2026-06-05 03:33:51,881 - httpx - INFO - HTTP Request: POST https://api.telegram.org/bot8838756490:AAE1CAsIDfhrFN31LzqwCXZ-3Lu-3tXYN0Y/getUpdates "HTTP/1.1 200 OK"
2026-06-05 03:34:02,066 - httpx - INFO - HTTP Request: POST https://api.telegram.org/bot8838756490:AAE1CAsIDfhrFN31LzqwCXZ-3Lu-3tXYN0Y/getUpdates "HTTP/1.1 200 OK"
2026-06-05 03:34:12,262 - httpx - INFO - HTTP Request: POST https://api.telegram.org/bot8838756490:AAE1CAsIDfhrFN31LzqwCXZ-3Lu-3tXYN0Y/getUpdates "HTTP/1.1 200 OK"
2026-06-05 03:34:22,453 - httpx - INFO - HTTP Request: POST https://api.telegram.org/bot8838756490:AAE1CAsIDfhrFN31LzqwCXZ-3Lu-3tXYN0Y/getUpdates "HTTP/1.1 200 OK"
2026-06-05 03:34:32,637 - httpx - INFO - HTTP Request: POST https://api.telegram.org/bot8838756490:AAE1CAsIDfhrFN31LzqwCXZ-3Lu-3tXYN0Y/getUpdates "HTTP/1.1 200 OK"
2026-06-05 03:34:42,826 - httpx - INFO - HTTP Request: POST https://api.telegram.org/bot8838756490:AAE1CAsIDfhrFN31LzqwCXZ-3Lu-3tXYN0Y/getUpdates "HTTP/1.1 200 OK"
2026-06-05 03:34:53,011 - httpx - INFO - HTTP Request: POST https://api.telegram.org/bot8838756490:AAE1CAsIDfhrFN31LzqwCXZ-3Lu-3tXYN0Y/getUpdates "HTTP/1.1 200 OK"
2026-06-05 03:35:03,200 - httpx - INFO - HTTP Request: POST https://api.telegram.org/bot8838756490:AAE1CAsIDfhrFN31LzqwCXZ-3Lu-3tXYN0Y/getUpdates "HTTP/1.1 200 OK"
2026-06-05 03:35:13,385 - httpx - INFO - HTTP Request: POST https://api.telegram.org/bot8838756490:AAE1CAsIDfhrFN31LzqwCXZ-3Lu-3tXYN0Y/getUpdates "HTTP/1.1 200 OK"
2026-06-05 03:35:23,567 - httpx - INFO - HTTP Request: POST https://api.telegram.org/bot8838756490:AAE1CAsIDfhrFN31LzqwCXZ-3Lu-3tXYN0Y/getUpdates "HTTP/1.1 200 OK"
2026-06-05 03:35:33,753 - httpx - INFO - HTTP Request: POST https://api.telegram.org/bot8838756490:AAE1CAsIDfhrFN31LzqwCXZ-3Lu-3tXYN0Y/getUpdates "HTTP/1.1 200 OK"
2026-06-05 03:35:43,943 - httpx - INFO - HTTP Request: POST https://api.telegram.org/bot8838756490:AAE1CAsIDfhrFN31LzqwCXZ-3Lu-3tXYN0Y/getUpdates "HTTP/1.1 200 OK"
2026-06-05 03:35:54,133 - httpx - INFO - HTTP Request: POST https://api.telegram.org/bot8838756490:AAE1CAsIDfhrFN31LzqwCXZ-3Lu-3tXYN0Y/getUpdates "HTTP/1.1 200 OK"
2026-06-05 03:36:04,315 - httpx - INFO - HTTP Request: POST https://api.telegram.org/bot8838756490:AAE1CAsIDfhrFN31LzqwCXZ-3Lu-3tXYN0Y/getUpdates "HTTP/1.1 200 OK"
2026-06-05 03:36:14,495 - httpx - INFO - HTTP Request: POST https://api.telegram.org/bot8838756490:AAE1CAsIDfhrFN31LzqwCXZ-3Lu-3tXYN0Y/getUpdates "HTTP/1.1 200 OK"
2026-06-05 03:36:24,679 - httpx - INFO - HTTP Request: POST https://api.telegram.org/bot8838756490:AAE1CAsIDfhrFN31LzqwCXZ-3Lu-3tXYN0Y/getUpdates "HTTP/1.1 200 OK"
2026-06-05 03:36:34,871 - httpx - INFO - HTTP Request: POST https://api.telegram.org/bot8838756490:AAE1CAsIDfhrFN31LzqwCXZ-3Lu-3tXYN0Y/getUpdates "HTTP/1.1 200 OK"
2026-06-05 03:36:45,058 - httpx - INFO - HTTP Request: POST https://api.telegram.org/bot8838756490:AAE1CAsIDfhrFN31LzqwCXZ-3Lu-3tXYN0Y/getUpdates "HTTP/1.1 200 OK"
2026-06-05 03:36:55,240 - httpx - INFO - HTTP Request: POST https://api.telegram.org/bot8838756490:AAE1CAsIDfhrFN31LzqwCXZ-3Lu-3tXYN0Y/getUpdates "HTTP/1.1 200 OK"
2026-06-05 03:37:05,427 - httpx - INFO - HTTP Request: POST https://api.telegram.org/bot8838756490:AAE1CAsIDfhrFN31LzqwCXZ-3Lu-3tXYN0Y/getUpdates "HTTP/1.1 200 OK"
2026-06-05 03:37:15,611 - httpx - INFO - HTTP Request: POST https://api.telegram.org/bot8838756490:AAE1CAsIDfhrFN31LzqwCXZ-3Lu-3tXYN0Y/getUpdates "HTTP/1.1 200 OK"
2026-06-05 03:37:25,796 - httpx - INFO - HTTP Request: POST https://api.telegram.org/bot8838756490:AAE1CAsIDfhrFN31LzqwCXZ-3Lu-3tXYN0Y/getUpdates "HTTP/1.1 200 OK"
2026-06-05 03:37:35,982 - httpx - INFO - HTTP Request: POST https://api.telegram.org/bot8838756490:AAE1CAsIDfhrFN31LzqwCXZ-3Lu-3tXYN0Y/getUpdates "HTTP/1.1 200 OK"
2026-06-05 03:37:46,164 - httpx - INFO - HTTP Request: POST https://api.telegram.org/bot8838756490:AAE1CAsIDfhrFN31LzqwCXZ-3Lu-3tXYN0Y/getUpdates "HTTP/1.1 200 OK"
2026-06-05 03:37:56,351 - httpx - INFO - HTTP Request: POST https://api.telegram.org/bot8838756490:AAE1CAsIDfhrFN31LzqwCXZ-3Lu-3tXYN0Y/getUpdates "HTTP/1.1 200 OK"
2026-06-05 03:38:06,540 - httpx - INFO - HTTP Request: POST https://api.telegram.org/bot8838756490:AAE1CAsIDfhrFN31LzqwCXZ-3Lu-3tXYN0Y/getUpdates "HTTP/1.1 200 OK"
2026-06-05 03:38:16,727 - httpx - INFO - HTTP Request: POST https://api.telegram.org/bot8838756490:AAE1CAsIDfhrFN31LzqwCXZ-3Lu-3tXYN0Y/getUpdates "HTTP/1.1 200 OK"
2026-06-05 03:38:26,913 - httpx - INFO - HTTP Request: POST https://api.telegram.org/bot8838756490:AAE1CAsIDfhrFN31LzqwCXZ-3Lu-3tXYN0Y/getUpdates "HTTP/1.1 200 OK"
2026-06-05 03:38:37,102 - httpx - INFO - HTTP Request: POST https://api.telegram.org/bot8838756490:AAE1CAsIDfhrFN31LzqwCXZ-3Lu-3tXYN0Y/getUpdates "HTTP/1.1 200 OK"
2026-06-05 03:38:47,297 - httpx - INFO - HTTP Request: POST https://api.telegram.org/bot8838756490:AAE1CAsIDfhrFN31LzqwCXZ-3Lu-3tXYN0Y/getUpdates "HTTP/1.1 200 OK"
2026-06-05 03:38:57,484 - httpx - INFO - HTTP Request: POST https://api.telegram.org/bot8838756490:AAE1CAsIDfhrFN31LzqwCXZ-3Lu-3tXYN0Y/getUpdates "HTTP/1.1 200 OK"
2026-06-05 03:39:07,671 - httpx - INFO - HTTP Request: POST https://api.telegram.org/bot8838756490:AAE1CAsIDfhrFN31LzqwCXZ-3Lu-3tXYN0Y/getUpdates "HTTP/1.1 200 OK"
2026-06-05 03:39:17,858 - httpx - INFO - HTTP Request: POST https://api.telegram.org/bot8838756490:AAE1CAsIDfhrFN31LzqwCXZ-3Lu-3tXYN0Y/getUpdates "HTTP/1.1 200 OK"
2026-06-05 03:39:28,052 - httpx - INFO - HTTP Request: POST https://api.telegram.org/bot8838756490:AAE1CAsIDfhrFN31LzqwCXZ-3Lu-3tXYN0Y/getUpdates "HTTP/1.1 200 OK"
2026-06-05 03:39:38,244 - httpx - INFO - HTTP Request: POST https://api.telegram.org/bot8838756490:AAE1CAsIDfhrFN31LzqwCXZ-3Lu-3tXYN0Y/getUpdates "HTTP/1.1 200 OK"
2026-06-05 03:39:48,433 - httpx - INFO - HTTP Request: POST https://api.telegram.org/bot8838756490:AAE1CAsIDfhrFN31LzqwCXZ-3Lu-3tXYN0Y/getUpdates "HTTP/1.1 200 OK"
2026-06-05 03:39:58,619 - httpx - INFO - HTTP Request: POST https://api.telegram.org/bot8838756490:AAE1CAsIDfhrFN31LzqwCXZ-3Lu-3tXYN0Y/getUpdates "HTTP/1.1 200 OK"
2026-06-05 03:40:08,816 - httpx - INFO - HTTP Request: POST https://api.telegram.org/bot8838756490:AAE1CAsIDfhrFN31LzqwCXZ-3Lu-3tXYN0Y/getUpdates "HTTP/1.1 200 OK"
2026-06-05 03:40:18,999 - httpx - INFO - HTTP Request: POST https://api.telegram.org/bot8838756490:AAE1CAsIDfhrFN31LzqwCXZ-3Lu-3tXYN0Y/getUpdates "HTTP/1.1 200 OK"
2026-06-05 03:40:29,189 - httpx - INFO - HTTP Request: POST https://api.telegram.org/bot8838756490:AAE1CAsIDfhrFN31LzqwCXZ-3Lu-3tXYN0Y/getUpdates "HTTP/1.1 200 OK"
2026-06-05 03:40:39,376 - httpx - INFO - HTTP Request: POST https://api.telegram.org/bot8838756490:AAE1CAsIDfhrFN31LzqwCXZ-3Lu-3tXYN0Y/getUpdates "HTTP/1.1 200 OK"
2026-06-05 03:40:49,561 - httpx - INFO - HTTP Request: POST https://api.telegram.org/bot8838756490:AAE1CAsIDfhrFN31LzqwCXZ-3Lu-3tXYN0Y/getUpdates "HTTP/1.1 200 OK"
2026-06-05 03:40:59,771 - httpx - INFO - HTTP Request: POST https://api.telegram.org/bot8838756490:AAE1CAsIDfhrFN31LzqwCXZ-3Lu-3tXYN0Y/getUpdates "HTTP/1.1 200 OK"
2026-06-05 03:41:09,957 - httpx - INFO - HTTP Request: POST https://api.telegram.org/bot8838756490:AAE1CAsIDfhrFN31LzqwCXZ-3Lu-3tXYN0Y/getUpdates "HTTP/1.1 200 OK"
2026-06-05 03:41:20,145 - httpx - INFO - HTTP Request: POST https://api.telegram.org/bot8838756490:AAE1CAsIDfhrFN31LzqwCXZ-3Lu-3tXYN0Y/getUpdates "HTTP/1.1 200 OK"
2026-06-05 03:41:30,333 - httpx - INFO - HTTP Request: POST https://api.telegram.org/bot8838756490:AAE1CAsIDfhrFN31LzqwCXZ-3Lu-3tXYN0Y/getUpdates "HTTP/1.1 200 OK"
2026-06-05 03:41:40,522 - httpx - INFO - HTTP Request: POST https://api.telegram.org/bot8838756490:AAE1CAsIDfhrFN31LzqwCXZ-3Lu-3tXYN0Y/getUpdates "HTTP/1.1 200 OK"
2026-06-05 03:41:50,704 - httpx - INFO - HTTP Request: POST https://api.telegram.org/bot8838756490:AAE1CAsIDfhrFN31LzqwCXZ-3Lu-3tXYN0Y/getUpdates "HTTP/1.1 200 OK"
2026-06-05 03:42:00,888 - httpx - INFO - HTTP Request: POST https://api.telegram.org/bot8838756490:AAE1CAsIDfhrFN31LzqwCXZ-3Lu-3tXYN0Y/getUpdates "HTTP/1.1 200 OK"
2026-06-05 03:42:11,071 - httpx - INFO - HTTP Request: POST https://api.telegram.org/bot8838756490:AAE1CAsIDfhrFN31LzqwCXZ-3Lu-3tXYN0Y/getUpdates "HTTP/1.1 200 OK"
2026-06-05 03:42:21,254 - httpx - INFO - HTTP Request: POST https://api.telegram.org/bot8838756490:AAE1CAsIDfhrFN31LzqwCXZ-3Lu-3tXYN0Y/getUpdates "HTTP/1.1 200 OK"
2026-06-05 03:42:31,437 - httpx - INFO - HTTP Request: POST https://api.telegram.org/bot8838756490:AAE1CAsIDfhrFN31LzqwCXZ-3Lu-3tXYN0Y/getUpdates "HTTP/1.1 200 OK"
2026-06-05 03:42:41,620 - httpx - INFO - HTTP Request: POST https://api.telegram.org/bot8838756490:AAE1CAsIDfhrFN31LzqwCXZ-3Lu-3tXYN0Y/getUpdates "HTTP/1.1 200 OK"
2026-06-05 03:42:51,804 - httpx - INFO - HTTP Request: POST https://api.telegram.org/bot8838756490:AAE1CAsIDfhrFN31LzqwCXZ-3Lu-3tXYN0Y/getUpdates "HTTP/1.1 200 OK"
2026-06-05 03:43:01,994 - httpx - INFO - HTTP Request: POST https://api.telegram.org/bot8838756490:AAE1CAsIDfhrFN31LzqwCXZ-3Lu-3tXYN0Y/getUpdates "HTTP/1.1 200 OK"
2026-06-05 03:43:12,184 - httpx - INFO - HTTP Request: POST https://api.telegram.org/bot8838756490:AAE1CAsIDfhrFN31LzqwCXZ-3Lu-3tXYN0Y/getUpdates "HTTP/1.1 200 OK"
2026-06-05 03:43:22,373 - httpx - INFO - HTTP Request: POST https://api.telegram.org/bot8838756490:AAE1CAsIDfhrFN31LzqwCXZ-3Lu-3tXYN0Y/getUpdates "HTTP/1.1 200 OK"
2026-06-05 03:43:32,561 - httpx - INFO - HTTP Request: POST https://api.telegram.org/bot8838756490:AAE1CAsIDfhrFN31LzqwCXZ-3Lu-3tXYN0Y/getUpdates "HTTP/1.1 200 OK"
2026-06-05 03:43:42,747 - httpx - INFO - HTTP Request: POST https://api.telegram.org/bot8838756490:AAE1CAsIDfhrFN31LzqwCXZ-3Lu-3tXYN0Y/getUpdates "HTTP/1.1 200 OK"
2026-06-05 03:43:52,936 - httpx - INFO - HTTP Request: POST https://api.telegram.org/bot8838756490:AAE1CAsIDfhrFN31LzqwCXZ-3Lu-3tXYN0Y/getUpdates "HTTP/1.1 200 OK"
2026-06-05 03:44:03,126 - httpx - INFO - HTTP Request: POST https://api.telegram.org/bot8838756490:AAE1CAsIDfhrFN31LzqwCXZ-3Lu-3tXYN0Y/getUpdates "HTTP/1.1 200 OK"
2026-06-05 03:44:13,307 - httpx - INFO - HTTP Request: POST https://api.telegram.org/bot8838756490:AAE1CAsIDfhrFN31LzqwCXZ-3Lu-3tXYN0Y/getUpdates "HTTP/1.1 200 OK"
2026-06-05 03:44:23,505 - httpx - INFO - HTTP Request: POST https://api.telegram.org/bot8838756490:AAE1CAsIDfhrFN31LzqwCXZ-3Lu-3tXYN0Y/getUpdates "HTTP/1.1 200 OK"
2026-06-05 03:44:33,685 - httpx - INFO - HTTP Request: POST https://api.telegram.org/bot8838756490:AAE1CAsIDfhrFN31LzqwCXZ-3Lu-3tXYN0Y/getUpdates "HTTP/1.1 200 OK"
2026-06-05 03:44:43,868 - httpx - INFO - HTTP Request: POST https://api.telegram.org/bot8838756490:AAE1CAsIDfhrFN31LzqwCXZ-3Lu-3tXYN0Y/getUpdates "HTTP/1.1 200 OK"
2026-06-05 03:44:54,051 - httpx - INFO - HTTP Request: POST https://api.telegram.org/bot8838756490:AAE1CAsIDfhrFN31LzqwCXZ-3Lu-3tXYN0Y/getUpdates "HTTP/1.1 200 OK"
2026-06-05 03:45:04,233 - httpx - INFO - HTTP Request: POST https://api.telegram.org/bot8838756490:AAE1CAsIDfhrFN31LzqwCXZ-3Lu-3tXYN0Y/getUpdates "HTTP/1.1 200 OK"
2026-06-05 03:45:14,423 - httpx - INFO - HTTP Request: POST https://api.telegram.org/bot8838756490:AAE1CAsIDfhrFN31LzqwCXZ-3Lu-3tXYN0Y/getUpdates "HTTP/1.1 200 OK"
2026-06-05 03:45:24,610 - httpx - INFO - HTTP Request: POST https://api.telegram.org/bot8838756490:AAE1CAsIDfhrFN31LzqwCXZ-3Lu-3tXYN0Y/getUpdates "HTTP/1.1 200 OK"
2026-06-05 03:45:34,790 - httpx - INFO - HTTP Request: POST https://api.telegram.org/bot8838756490:AAE1CAsIDfhrFN31LzqwCXZ-3Lu-3tXYN0Y/getUpdates "HTTP/1.1 200 OK"
2026-06-05 03:45:44,970 - httpx - INFO - HTTP Request: POST https://api.telegram.org/bot8838756490:AAE1CAsIDfhrFN31LzqwCXZ-3Lu-3tXYN0Y/getUpdates "HTTP/1.1 200 OK"
2026-06-05 03:45:55,155 - httpx - INFO - HTTP Request: POST https://api.telegram.org/bot8838756490:AAE1CAsIDfhrFN31LzqwCXZ-3Lu-3tXYN0Y/getUpdates "HTTP/1.1 200 OK"
2026-06-05 03:46:05,338 - httpx - INFO - HTTP Request: POST https://api.telegram.org/bot8838756490:AAE1CAsIDfhrFN31LzqwCXZ-3Lu-3tXYN0Y/getUpdates "HTTP/1.1 200 OK"
2026-06-05 03:46:15,545 - httpx - INFO - HTTP Request: POST https://api.telegram.org/bot8838756490:AAE1CAsIDfhrFN31LzqwCXZ-3Lu-3tXYN0Y/getUpdates "HTTP/1.1 200 OK"
2026-06-05 03:46:26,052 - httpx - INFO - HTTP Request: POST https://api.telegram.org/bot8838756490:AAE1CAsIDfhrFN31LzqwCXZ-3Lu-3tXYN0Y/getUpdates "HTTP/1.1 200 OK"
2026-06-05 03:46:36,237 - httpx - INFO - HTTP Request: POST https://api.telegram.org/bot8838756490:AAE1CAsIDfhrFN31LzqwCXZ-3Lu-3tXYN0Y/getUpdates "HTTP/1.1 200 OK"
2026-06-05 03:46:46,423 - httpx - INFO - HTTP Request: POST https://api.telegram.org/bot8838756490:AAE1CAsIDfhrFN31LzqwCXZ-3Lu-3tXYN0Y/getUpdates "HTTP/1.1 200 OK"
2026-06-05 03:46:56,603 - httpx - INFO - HTTP Request: POST https://api.telegram.org/bot8838756490:AAE1CAsIDfhrFN31LzqwCXZ-3Lu-3tXYN0Y/getUpdates "HTTP/1.1 200 OK"
2026-06-05 03:47:06,786 - httpx - INFO - HTTP Request: POST https://api.telegram.org/bot8838756490:AAE1CAsIDfhrFN31LzqwCXZ-3Lu-3tXYN0Y/getUpdates "HTTP/1.1 200 OK"
2026-06-05 03:47:16,966 - httpx - INFO - HTTP Request: POST https://api.telegram.org/bot8838756490:AAE1CAsIDfhrFN31LzqwCXZ-3Lu-3tXYN0Y/getUpdates "HTTP/1.1 200 OK"
2026-06-05 03:47:27,143 - httpx - INFO - HTTP Request: POST https://api.telegram.org/bot8838756490:AAE1CAsIDfhrFN31LzqwCXZ-3Lu-3tXYN0Y/getUpdates "HTTP/1.1 200 OK"
2026-06-05 03:47:37,325 - httpx - INFO - HTTP Request: POST https://api.telegram.org/bot8838756490:AAE1CAsIDfhrFN31LzqwCXZ-3Lu-3tXYN0Y/getUpdates "HTTP/1.1 200 OK"
2026-06-05 03:47:47,512 - httpx - INFO - HTTP Request: POST https://api.telegram.org/bot8838756490:AAE1CAsIDfhrFN31LzqwCXZ-3Lu-3tXYN0Y/getUpdates "HTTP/1.1 200 OK"
2026-06-05 03:47:57,710 - httpx - INFO - HTTP Request: POST https://api.telegram.org/bot8838756490:AAE1CAsIDfhrFN31LzqwCXZ-3Lu-3tXYN0Y/getUpdates "HTTP/1.1 200 OK"
2026-06-05 03:48:07,896 - httpx - INFO - HTTP Request: POST https://api.telegram.org/bot8838756490:AAE1CAsIDfhrFN31LzqwCXZ-3Lu-3tXYN0Y/getUpdates "HTTP/1.1 200 OK"
2026-06-05 03:48:18,075 - httpx - INFO - HTTP Request: POST https://api.telegram.org/bot8838756490:AAE1CAsIDfhrFN31LzqwCXZ-3Lu-3tXYN0Y/getUpdates "HTTP/1.1 200 OK"
2026-06-05 03:48:28,256 - httpx - INFO - HTTP Request: POST https://api.telegram.org/bot8838756490:AAE1CAsIDfhrFN31LzqwCXZ-3Lu-3tXYN0Y/getUpdates "HTTP/1.1 200 OK"
2026-06-05 03:48:38,442 - httpx - INFO - HTTP Request: POST https://api.telegram.org/bot8838756490:AAE1CAsIDfhrFN31LzqwCXZ-3Lu-3tXYN0Y/getUpdates "HTTP/1.1 200 OK"
2026-06-05 03:48:48,632 - httpx - INFO - HTTP Request: POST https://api.telegram.org/bot8838756490:AAE1CAsIDfhrFN31LzqwCXZ-3Lu-3tXYN0Y/getUpdates "HTTP/1.1 200 OK"
2026-06-05 03:48:58,927 - httpx - INFO - HTTP Request: POST https://api.telegram.org/bot8838756490:AAE1CAsIDfhrFN31LzqwCXZ-3Lu-3tXYN0Y/getUpdates "HTTP/1.1 200 OK"
2026-06-05 03:49:09,108 - httpx - INFO - HTTP Request: POST https://api.telegram.org/bot8838756490:AAE1CAsIDfhrFN31LzqwCXZ-3Lu-3tXYN0Y/getUpdates "HTTP/1.1 200 OK"
2026-06-05 03:49:19,295 - httpx - INFO - HTTP Request: POST https://api.telegram.org/bot8838756490:AAE1CAsIDfhrFN31LzqwCXZ-3Lu-3tXYN0Y/getUpdates "HTTP/1.1 200 OK"
2026-06-05 03:49:29,485 - httpx - INFO - HTTP Request: POST https://api.telegram.org/bot8838756490:AAE1CAsIDfhrFN31LzqwCXZ-3Lu-3tXYN0Y/getUpdates "HTTP/1.1 200 OK"
2026-06-05 03:49:39,672 - httpx - INFO - HTTP Request: POST https://api.telegram.org/bot8838756490:AAE1CAsIDfhrFN31LzqwCXZ-3Lu-3tXYN0Y/getUpdates "HTTP/1.1 200 OK"
2026-06-05 03:49:49,864 - httpx - INFO - HTTP Request: POST https://api.telegram.org/bot8838756490:AAE1CAsIDfhrFN31LzqwCXZ-3Lu-3tXYN0Y/getUpdates "HTTP/1.1 200 OK"
2026-06-05 03:50:00,046 - httpx - INFO - HTTP Request: POST https://api.telegram.org/bot8838756490:AAE1CAsIDfhrFN31LzqwCXZ-3Lu-3tXYN0Y/getUpdates "HTTP/1.1 200 OK"
2026-06-05 03:50:10,230 - httpx - INFO - HTTP Request: POST https://api.telegram.org/bot8838756490:AAE1CAsIDfhrFN31LzqwCXZ-3Lu-3tXYN0Y/getUpdates "HTTP/1.1 200 OK"
2026-06-05 03:50:20,420 - httpx - INFO - HTTP Request: POST https://api.telegram.org/bot8838756490:AAE1CAsIDfhrFN31LzqwCXZ-3Lu-3tXYN0Y/getUpdates "HTTP/1.1 200 OK"
2026-06-05 03:50:30,605 - httpx - INFO - HTTP Request: POST https://api.telegram.org/bot8838756490:AAE1CAsIDfhrFN31LzqwCXZ-3Lu-3tXYN0Y/getUpdates "HTTP/1.1 200 OK"
2026-06-05 03:50:40,791 - httpx - INFO - HTTP Request: POST https://api.telegram.org/bot8838756490:AAE1CAsIDfhrFN31LzqwCXZ-3Lu-3tXYN0Y/getUpdates "HTTP/1.1 200 OK"
2026-06-05 03:50:50,975 - httpx - INFO - HTTP Request: POST https://api.telegram.org/bot8838756490:AAE1CAsIDfhrFN31LzqwCXZ-3Lu-3tXYN0Y/getUpdates "HTTP/1.1 200 OK"
2026-06-05 03:51:01,166 - httpx - INFO - HTTP Request: POST https://api.telegram.org/bot8838756490:AAE1CAsIDfhrFN31LzqwCXZ-3Lu-3tXYN0Y/getUpdates "HTTP/1.1 200 OK"
2026-06-05 03:51:11,351 - httpx - INFO - HTTP Request: POST https://api.telegram.org/bot8838756490:AAE1CAsIDfhrFN31LzqwCXZ-3Lu-3tXYN0Y/getUpdates "HTTP/1.1 200 OK"
2026-06-05 03:51:21,534 - httpx - INFO - HTTP Request: POST https://api.telegram.org/bot8838756490:AAE1CAsIDfhrFN31LzqwCXZ-3Lu-3tXYN0Y/getUpdates "HTTP/1.1 200 OK"
2026-06-05 03:51:31,717 - httpx - INFO - HTTP Request: POST https://api.telegram.org/bot8838756490:AAE1CAsIDfhrFN31LzqwCXZ-3Lu-3tXYN0Y/getUpdates "HTTP/1.1 200 OK"
2026-06-05 03:51:41,903 - httpx - INFO - HTTP Request: POST https://api.telegram.org/bot8838756490:AAE1CAsIDfhrFN31LzqwCXZ-3Lu-3tXYN0Y/getUpdates "HTTP/1.1 200 OK"
2026-06-05 03:51:52,095 - httpx - INFO - HTTP Request: POST https://api.telegram.org/bot8838756490:AAE1CAsIDfhrFN31LzqwCXZ-3Lu-3tXYN0Y/getUpdates "HTTP/1.1 200 OK"
2026-06-05 03:52:02,281 - httpx - INFO - HTTP Request: POST https://api.telegram.org/bot8838756490:AAE1CAsIDfhrFN31LzqwCXZ-3Lu-3tXYN0Y/getUpdates "HTTP/1.1 200 OK"
2026-06-05 03:52:12,468 - httpx - INFO - HTTP Request: POST https://api.telegram.org/bot8838756490:AAE1CAsIDfhrFN31LzqwCXZ-3Lu-3tXYN0Y/getUpdates "HTTP/1.1 200 OK"
2026-06-05 03:52:22,658 - httpx - INFO - HTTP Request: POST https://api.telegram.org/bot8838756490:AAE1CAsIDfhrFN31LzqwCXZ-3Lu-3tXYN0Y/getUpdates "HTTP/1.1 200 OK"
2026-06-05 03:52:32,847 - httpx - INFO - HTTP Request: POST https://api.telegram.org/bot8838756490:AAE1CAsIDfhrFN31LzqwCXZ-3Lu-3tXYN0Y/getUpdates "HTTP/1.1 200 OK"
2026-06-05 03:52:43,038 - httpx - INFO - HTTP Request: POST https://api.telegram.org/bot8838756490:AAE1CAsIDfhrFN31LzqwCXZ-3Lu-3tXYN0Y/getUpdates "HTTP/1.1 200 OK"
2026-06-05 03:52:53,225 - httpx - INFO - HTTP Request: POST https://api.telegram.org/bot8838756490:AAE1CAsIDfhrFN31LzqwCXZ-3Lu-3tXYN0Y/getUpdates "HTTP/1.1 200 OK"
2026-06-05 03:53:03,421 - httpx - INFO - HTTP Request: POST https://api.telegram.org/bot8838756490:AAE1CAsIDfhrFN31LzqwCXZ-3Lu-3tXYN0Y/getUpdates "HTTP/1.1 200 OK"
2026-06-05 03:53:13,606 - httpx - INFO - HTTP Request: POST https://api.telegram.org/bot8838756490:AAE1CAsIDfhrFN31LzqwCXZ-3Lu-3tXYN0Y/getUpdates "HTTP/1.1 200 OK"
2026-06-05 03:53:23,790 - httpx - INFO - HTTP Request: POST https://api.telegram.org/bot8838756490:AAE1CAsIDfhrFN31LzqwCXZ-3Lu-3tXYN0Y/getUpdates "HTTP/1.1 200 OK"
2026-06-05 03:53:33,975 - httpx - INFO - HTTP Request: POST https://api.telegram.org/bot8838756490:AAE1CAsIDfhrFN31LzqwCXZ-3Lu-3tXYN0Y/getUpdates "HTTP/1.1 200 OK"
2026-06-05 03:53:44,157 - httpx - INFO - HTTP Request: POST https://api.telegram.org/bot8838756490:AAE1CAsIDfhrFN31LzqwCXZ-3Lu-3tXYN0Y/getUpdates "HTTP/1.1 200 OK"
2026-06-05 03:53:54,342 - httpx - INFO - HTTP Request: POST https://api.telegram.org/bot8838756490:AAE1CAsIDfhrFN31LzqwCXZ-3Lu-3tXYN0Y/getUpdates "HTTP/1.1 200 OK"
2026-06-05 03:54:04,546 - httpx - INFO - HTTP Request: POST https://api.telegram.org/bot8838756490:AAE1CAsIDfhrFN31LzqwCXZ-3Lu-3tXYN0Y/getUpdates "HTTP/1.1 200 OK"
2026-06-05 03:54:14,737 - httpx - INFO - HTTP Request: POST https://api.telegram.org/bot8838756490:AAE1CAsIDfhrFN31LzqwCXZ-3Lu-3tXYN0Y/getUpdates "HTTP/1.1 200 OK"
2026-06-05 03:54:24,941 - httpx - INFO - HTTP Request: POST https://api.telegram.org/bot8838756490:AAE1CAsIDfhrFN31LzqwCXZ-3Lu-3tXYN0Y/getUpdates "HTTP/1.1 200 OK"
2026-06-05 03:54:35,129 - httpx - INFO - HTTP Request: POST https://api.telegram.org/bot8838756490:AAE1CAsIDfhrFN31LzqwCXZ-3Lu-3tXYN0Y/getUpdates "HTTP/1.1 200 OK"
2026-06-05 03:54:45,316 - httpx - INFO - HTTP Request: POST https://api.telegram.org/bot8838756490:AAE1CAsIDfhrFN31LzqwCXZ-3Lu-3tXYN0Y/getUpdates "HTTP/1.1 200 OK"
2026-06-05 03:54:55,498 - httpx - INFO - HTTP Request: POST https://api.telegram.org/bot8838756490:AAE1CAsIDfhrFN31LzqwCXZ-3Lu-3tXYN0Y/getUpdates "HTTP/1.1 200 OK"
2026-06-05 03:55:05,678 - httpx - INFO - HTTP Request: POST https://api.telegram.org/bot8838756490:AAE1CAsIDfhrFN31LzqwCXZ-3Lu-3tXYN0Y/getUpdates "HTTP/1.1 200 OK"
2026-06-05 03:55:15,860 - httpx - INFO - HTTP Request: POST https://api.telegram.org/bot8838756490:AAE1CAsIDfhrFN31LzqwCXZ-3Lu-3tXYN0Y/getUpdates "HTTP/1.1 200 OK"
2026-06-05 03:55:26,047 - httpx - INFO - HTTP Request: POST https://api.telegram.org/bot8838756490:AAE1CAsIDfhrFN31LzqwCXZ-3Lu-3tXYN0Y/getUpdates "HTTP/1.1 200 OK"
2026-06-05 03:55:36,230 - httpx - INFO - HTTP Request: POST https://api.telegram.org/bot8838756490:AAE1CAsIDfhrFN31LzqwCXZ-3Lu-3tXYN0Y/getUpdates "HTTP/1.1 200 OK"
2026-06-05 03:55:46,427 - httpx - INFO - HTTP Request: POST https://api.telegram.org/bot8838756490:AAE1CAsIDfhrFN31LzqwCXZ-3Lu-3tXYN0Y/getUpdates "HTTP/1.1 200 OK"
2026-06-05 03:55:56,620 - httpx - INFO - HTTP Request: POST https://api.telegram.org/bot8838756490:AAE1CAsIDfhrFN31LzqwCXZ-3Lu-3tXYN0Y/getUpdates "HTTP/1.1 200 OK"
2026-06-05 03:56:06,815 - httpx - INFO - HTTP Request: POST https://api.telegram.org/bot8838756490:AAE1CAsIDfhrFN31LzqwCXZ-3Lu-3tXYN0Y/getUpdates "HTTP/1.1 200 OK"
2026-06-05 03:56:17,003 - httpx - INFO - HTTP Request: POST https://api.telegram.org/bot8838756490:AAE1CAsIDfhrFN31LzqwCXZ-3Lu-3tXYN0Y/getUpdates "HTTP/1.1 200 OK"
2026-06-05 03:56:28,007 - httpx - INFO - HTTP Request: POST https://api.telegram.org/bot8838756490:AAE1CAsIDfhrFN31LzqwCXZ-3Lu-3tXYN0Y/getUpdates "HTTP/1.1 200 OK"
2026-06-05 03:56:38,192 - httpx - INFO - HTTP Request: POST https://api.telegram.org/bot8838756490:AAE1CAsIDfhrFN31LzqwCXZ-3Lu-3tXYN0Y/getUpdates "HTTP/1.1 200 OK"
2026-06-05 03:56:48,388 - httpx - INFO - HTTP Request: POST https://api.telegram.org/bot8838756490:AAE1CAsIDfhrFN31LzqwCXZ-3Lu-3tXYN0Y/getUpdates "HTTP/1.1 200 OK"
2026-06-05 03:56:58,977 - httpx - INFO - HTTP Request: POST https://api.telegram.org/bot8838756490:AAE1CAsIDfhrFN31LzqwCXZ-3Lu-3tXYN0Y/getUpdates "HTTP/1.1 200 OK"
2026-06-05 03:57:09,181 - httpx - INFO - HTTP Request: POST https://api.telegram.org/bot8838756490:AAE1CAsIDfhrFN31LzqwCXZ-3Lu-3tXYN0Y/getUpdates "HTTP/1.1 200 OK"
2026-06-05 03:57:19,367 - httpx - INFO - HTTP Request: POST https://api.telegram.org/bot8838756490:AAE1CAsIDfhrFN31LzqwCXZ-3Lu-3tXYN0Y/getUpdates "HTTP/1.1 200 OK"
2026-06-05 03:57:29,552 - httpx - INFO - HTTP Request: POST https://api.telegram.org/bot8838756490:AAE1CAsIDfhrFN31LzqwCXZ-3Lu-3tXYN0Y/getUpdates "HTTP/1.1 200 OK"
2026-06-05 03:57:39,748 - httpx - INFO - HTTP Request: POST https://api.telegram.org/bot8838756490:AAE1CAsIDfhrFN31LzqwCXZ-3Lu-3tXYN0Y/getUpdates "HTTP/1.1 200 OK"
2026-06-05 03:57:49,934 - httpx - INFO - HTTP Request: POST https://api.telegram.org/bot8838756490:AAE1CAsIDfhrFN31LzqwCXZ-3Lu-3tXYN0Y/getUpdates "HTTP/1.1 200 OK"
2026-06-05 03:58:00,129 - httpx - INFO - HTTP Request: POST https://api.telegram.org/bot8838756490:AAE1CAsIDfhrFN31LzqwCXZ-3Lu-3tXYN0Y/getUpdates "HTTP/1.1 200 OK"
2026-06-05 03:58:10,313 - httpx - INFO - HTTP Request: POST https://api.telegram.org/bot8838756490:AAE1CAsIDfhrFN31LzqwCXZ-3Lu-3tXYN0Y/getUpdates "HTTP/1.1 200 OK"
2026-06-05 03:58:20,503 - httpx - INFO - HTTP Request: POST https://api.telegram.org/bot8838756490:AAE1CAsIDfhrFN31LzqwCXZ-3Lu-3tXYN0Y/getUpdates "HTTP/1.1 200 OK"
2026-06-05 03:58:30,691 - httpx - INFO - HTTP Request: POST https://api.telegram.org/bot8838756490:AAE1CAsIDfhrFN31LzqwCXZ-3Lu-3tXYN0Y/getUpdates "HTTP/1.1 200 OK"
2026-06-05 03:58:40,883 - httpx - INFO - HTTP Request: POST https://api.telegram.org/bot8838756490:AAE1CAsIDfhrFN31LzqwCXZ-3Lu-3tXYN0Y/getUpdates "HTTP/1.1 200 OK"
2026-06-05 03:58:51,066 - httpx - INFO - HTTP Request: POST https://api.telegram.org/bot8838756490:AAE1CAsIDfhrFN31LzqwCXZ-3Lu-3tXYN0Y/getUpdates "HTTP/1.1 200 OK"
2026-06-05 03:59:01,250 - httpx - INFO - HTTP Request: POST https://api.telegram.org/bot8838756490:AAE1CAsIDfhrFN31LzqwCXZ-3Lu-3tXYN0Y/getUpdates "HTTP/1.1 200 OK"
2026-06-05 03:59:11,440 - httpx - INFO - HTTP Request: POST https://api.telegram.org/bot8838756490:AAE1CAsIDfhrFN31LzqwCXZ-3Lu-3tXYN0Y/getUpdates "HTTP/1.1 200 OK"
2026-06-05 03:59:21,630 - httpx - INFO - HTTP Request: POST https://api.telegram.org/bot8838756490:AAE1CAsIDfhrFN31LzqwCXZ-3Lu-3tXYN0Y/getUpdates "HTTP/1.1 200 OK"
2026-06-05 03:59:31,819 - httpx - INFO - HTTP Request: POST https://api.telegram.org/bot8838756490:AAE1CAsIDfhrFN31LzqwCXZ-3Lu-3tXYN0Y/getUpdates "HTTP/1.1 200 OK"
2026-06-05 03:59:42,020 - httpx - INFO - HTTP Request: POST https://api.telegram.org/bot8838756490:AAE1CAsIDfhrFN31LzqwCXZ-3Lu-3tXYN0Y/getUpdates "HTTP/1.1 200 OK"
2026-06-05 03:59:52,225 - httpx - INFO - HTTP Request: POST https://api.telegram.org/bot8838756490:AAE1CAsIDfhrFN31LzqwCXZ-3Lu-3tXYN0Y/getUpdates "HTTP/1.1 200 OK"
2026-06-05 04:00:02,413 - httpx - INFO - HTTP Request: POST https://api.telegram.org/bot8838756490:AAE1CAsIDfhrFN31LzqwCXZ-3Lu-3tXYN0Y/getUpdates "HTTP/1.1 200 OK"
2026-06-05 04:00:12,595 - httpx - INFO - HTTP Request: POST https://api.telegram.org/bot8838756490:AAE1CAsIDfhrFN31LzqwCXZ-3Lu-3tXYN0Y/getUpdates "HTTP/1.1 200 OK"
2026-06-05 04:00:22,786 - httpx - INFO - HTTP Request: POST https://api.telegram.org/bot8838756490:AAE1CAsIDfhrFN31LzqwCXZ-3Lu-3tXYN0Y/getUpdates "HTTP/1.1 200 OK"
2026-06-05 04:00:32,972 - httpx - INFO - HTTP Request: POST https://api.telegram.org/bot8838756490:AAE1CAsIDfhrFN31LzqwCXZ-3Lu-3tXYN0Y/getUpdates "HTTP/1.1 200 OK"
2026-06-05 04:00:43,156 - httpx - INFO - HTTP Request: POST https://api.telegram.org/bot8838756490:AAE1CAsIDfhrFN31LzqwCXZ-3Lu-3tXYN0Y/getUpdates "HTTP/1.1 200 OK"
2026-06-05 04:00:53,341 - httpx - INFO - HTTP Request: POST https://api.telegram.org/bot8838756490:AAE1CAsIDfhrFN31LzqwCXZ-3Lu-3tXYN0Y/getUpdates "HTTP/1.1 200 OK"
2026-06-05 04:01:03,524 - httpx - INFO - HTTP Request: POST https://api.telegram.org/bot8838756490:AAE1CAsIDfhrFN31LzqwCXZ-3Lu-3tXYN0Y/getUpdates "HTTP/1.1 200 OK"
2026-06-05 04:01:13,725 - httpx - INFO - HTTP Request: POST https://api.telegram.org/bot8838756490:AAE1CAsIDfhrFN31LzqwCXZ-3Lu-3tXYN0Y/getUpdates "HTTP/1.1 200 OK"
2026-06-05 04:01:24,006 - httpx - INFO - HTTP Request: POST https://api.telegram.org/bot8838756490:AAE1CAsIDfhrFN31LzqwCXZ-3Lu-3tXYN0Y/getUpdates "HTTP/1.1 200 OK"
2026-06-05 04:01:34,198 - httpx - INFO - HTTP Request: POST https://api.telegram.org/bot8838756490:AAE1CAsIDfhrFN31LzqwCXZ-3Lu-3tXYN0Y/getUpdates "HTTP/1.1 200 OK"
2026-06-05 04:01:44,382 - httpx - INFO - HTTP Request: POST https://api.telegram.org/bot8838756490:AAE1CAsIDfhrFN31LzqwCXZ-3Lu-3tXYN0Y/getUpdates "HTTP/1.1 200 OK"
2026-06-05 04:01:54,565 - httpx - INFO - HTTP Request: POST https://api.telegram.org/bot8838756490:AAE1CAsIDfhrFN31LzqwCXZ-3Lu-3tXYN0Y/getUpdates "HTTP/1.1 200 OK"
2026-06-05 04:02:04,750 - httpx - INFO - HTTP Request: POST https://api.telegram.org/bot8838756490:AAE1CAsIDfhrFN31LzqwCXZ-3Lu-3tXYN0Y/getUpdates "HTTP/1.1 200 OK"
2026-06-05 04:02:15,353 - httpx - INFO - HTTP Request: POST https://api.telegram.org/bot8838756490:AAE1CAsIDfhrFN31LzqwCXZ-3Lu-3tXYN0Y/getUpdates "HTTP/1.1 200 OK"
2026-06-05 04:02:25,539 - httpx - INFO - HTTP Request: POST https://api.telegram.org/bot8838756490:AAE1CAsIDfhrFN31LzqwCXZ-3Lu-3tXYN0Y/getUpdates "HTTP/1.1 200 OK"
2026-06-05 04:02:35,738 - httpx - INFO - HTTP Request: POST https://api.telegram.org/bot8838756490:AAE1CAsIDfhrFN31LzqwCXZ-3Lu-3tXYN0Y/getUpdates "HTTP/1.1 200 OK"
2026-06-05 04:02:46,251 - httpx - INFO - HTTP Request: POST https://api.telegram.org/bot8838756490:AAE1CAsIDfhrFN31LzqwCXZ-3Lu-3tXYN0Y/getUpdates "HTTP/1.1 200 OK"
2026-06-05 04:02:56,447 - httpx - INFO - HTTP Request: POST https://api.telegram.org/bot8838756490:AAE1CAsIDfhrFN31LzqwCXZ-3Lu-3tXYN0Y/getUpdates "HTTP/1.1 200 OK"
2026-06-05 04:03:06,649 - httpx - INFO - HTTP Request: POST https://api.telegram.org/bot8838756490:AAE1CAsIDfhrFN31LzqwCXZ-3Lu-3tXYN0Y/getUpdates "HTTP/1.1 200 OK"
2026-06-05 04:03:16,841 - httpx - INFO - HTTP Request: POST https://api.telegram.org/bot8838756490:AAE1CAsIDfhrFN31LzqwCXZ-3Lu-3tXYN0Y/getUpdates "HTTP/1.1 200 OK"
2026-06-05 04:03:27,030 - httpx - INFO - HTTP Request: POST https://api.telegram.org/bot8838756490:AAE1CAsIDfhrFN31LzqwCXZ-3Lu-3tXYN0Y/getUpdates "HTTP/1.1 200 OK"
2026-06-05 04:03:37,219 - httpx - INFO - HTTP Request: POST https://api.telegram.org/bot8838756490:AAE1CAsIDfhrFN31LzqwCXZ-3Lu-3tXYN0Y/getUpdates "HTTP/1.1 200 OK"
2026-06-05 04:03:47,407 - httpx - INFO - HTTP Request: POST https://api.telegram.org/bot8838756490:AAE1CAsIDfhrFN31LzqwCXZ-3Lu-3tXYN0Y/getUpdates "HTTP/1.1 200 OK"
2026-06-05 04:03:57,596 - httpx - INFO - HTTP Request: POST https://api.telegram.org/bot8838756490:AAE1CAsIDfhrFN31LzqwCXZ-3Lu-3tXYN0Y/getUpdates "HTTP/1.1 200 OK"
2026-06-05 04:04:07,787 - httpx - INFO - HTTP Request: POST https://api.telegram.org/bot8838756490:AAE1CAsIDfhrFN31LzqwCXZ-3Lu-3tXYN0Y/getUpdates "HTTP/1.1 200 OK"
2026-06-05 04:04:20,227 - httpx - INFO - HTTP Request: POST https://api.telegram.org/bot8838756490:AAE1CAsIDfhrFN31LzqwCXZ-3Lu-3tXYN0Y/getUpdates "HTTP/1.1 200 OK"
2026-06-05 04:04:30,416 - httpx - INFO - HTTP Request: POST https://api.telegram.org/bot8838756490:AAE1CAsIDfhrFN31LzqwCXZ-3Lu-3tXYN0Y/getUpdates "HTTP/1.1 200 OK"
2026-06-05 04:04:41,045 - httpx - INFO - HTTP Request: POST https://api.telegram.org/bot8838756490:AAE1CAsIDfhrFN31LzqwCXZ-3Lu-3tXYN0Y/getUpdates "HTTP/1.1 200 OK"
2026-06-05 04:04:51,239 - httpx - INFO - HTTP Request: POST https://api.telegram.org/bot8838756490:AAE1CAsIDfhrFN31LzqwCXZ-3Lu-3tXYN0Y/getUpdates "HTTP/1.1 200 OK"
2026-06-05 04:05:01,432 - httpx - INFO - HTTP Request: POST https://api.telegram.org/bot8838756490:AAE1CAsIDfhrFN31LzqwCXZ-3Lu-3tXYN0Y/getUpdates "HTTP/1.1 200 OK"
2026-06-05 04:05:11,620 - httpx - INFO - HTTP Request: POST https://api.telegram.org/bot8838756490:AAE1CAsIDfhrFN31LzqwCXZ-3Lu-3tXYN0Y/getUpdates "HTTP/1.1 200 OK"
2026-06-05 04:05:21,808 - httpx - INFO - HTTP Request: POST https://api.telegram.org/bot8838756490:AAE1CAsIDfhrFN31LzqwCXZ-3Lu-3tXYN0Y/getUpdates "HTTP/1.1 200 OK"
2026-06-05 04:05:31,994 - httpx - INFO - HTTP Request: POST https://api.telegram.org/bot8838756490:AAE1CAsIDfhrFN31LzqwCXZ-3Lu-3tXYN0Y/getUpdates "HTTP/1.1 200 OK"
2026-06-05 04:05:42,183 - httpx - INFO - HTTP Request: POST https://api.telegram.org/bot8838756490:AAE1CAsIDfhrFN31LzqwCXZ-3Lu-3tXYN0Y/getUpdates "HTTP/1.1 200 OK"
2026-06-05 04:05:52,366 - httpx - INFO - HTTP Request: POST https://api.telegram.org/bot8838756490:AAE1CAsIDfhrFN31LzqwCXZ-3Lu-3tXYN0Y/getUpdates "HTTP/1.1 200 OK"
2026-06-05 04:06:02,555 - httpx - INFO - HTTP Request: POST https://api.telegram.org/bot8838756490:AAE1CAsIDfhrFN31LzqwCXZ-3Lu-3tXYN0Y/getUpdates "HTTP/1.1 200 OK"
2026-06-05 04:06:12,743 - httpx - INFO - HTTP Request: POST https://api.telegram.org/bot8838756490:AAE1CAsIDfhrFN31LzqwCXZ-3Lu-3tXYN0Y/getUpdates "HTTP/1.1 200 OK"
2026-06-05 04:06:22,928 - httpx - INFO - HTTP Request: POST https://api.telegram.org/bot8838756490:AAE1CAsIDfhrFN31LzqwCXZ-3Lu-3tXYN0Y/getUpdates "HTTP/1.1 200 OK"
2026-06-05 04:06:33,112 - httpx - INFO - HTTP Request: POST https://api.telegram.org/bot8838756490:AAE1CAsIDfhrFN31LzqwCXZ-3Lu-3tXYN0Y/getUpdates "HTTP/1.1 200 OK"
2026-06-05 04:06:43,308 - httpx - INFO - HTTP Request: POST https://api.telegram.org/bot8838756490:AAE1CAsIDfhrFN31LzqwCXZ-3Lu-3tXYN0Y/getUpdates "HTTP/1.1 200 OK"
2026-06-05 04:06:53,496 - httpx - INFO - HTTP Request: POST https://api.telegram.org/bot8838756490:AAE1CAsIDfhrFN31LzqwCXZ-3Lu-3tXYN0Y/getUpdates "HTTP/1.1 200 OK"
2026-06-05 04:07:03,692 - httpx - INFO - HTTP Request: POST https://api.telegram.org/bot8838756490:AAE1CAsIDfhrFN31LzqwCXZ-3Lu-3tXYN0Y/getUpdates "HTTP/1.1 200 OK"
2026-06-05 04:07:13,893 - httpx - INFO - HTTP Request: POST https://api.telegram.org/bot8838756490:AAE1CAsIDfhrFN31LzqwCXZ-3Lu-3tXYN0Y/getUpdates "HTTP/1.1 200 OK"
2026-06-05 04:07:24,084 - httpx - INFO - HTTP Request: POST https://api.telegram.org/bot8838756490:AAE1CAsIDfhrFN31LzqwCXZ-3Lu-3tXYN0Y/getUpdates "HTTP/1.1 200 OK"
2026-06-05 04:07:34,275 - httpx - INFO - HTTP Request: POST https://api.telegram.org/bot8838756490:AAE1CAsIDfhrFN31LzqwCXZ-3Lu-3tXYN0Y/getUpdates "HTTP/1.1 200 OK"
2026-06-05 04:07:44,464 - httpx - INFO - HTTP Request: POST https://api.telegram.org/bot8838756490:AAE1CAsIDfhrFN31LzqwCXZ-3Lu-3tXYN0Y/getUpdates "HTTP/1.1 200 OK"
2026-06-05 04:07:54,652 - httpx - INFO - HTTP Request: POST https://api.telegram.org/bot8838756490:AAE1CAsIDfhrFN31LzqwCXZ-3Lu-3tXYN0Y/getUpdates "HTTP/1.1 200 OK"
2026-06-05 04:08:04,835 - httpx - INFO - HTTP Request: POST https://api.telegram.org/bot8838756490:AAE1CAsIDfhrFN31LzqwCXZ-3Lu-3tXYN0Y/getUpdates "HTTP/1.1 200 OK"
2026-06-05 04:08:15,023 - httpx - INFO - HTTP Request: POST https://api.telegram.org/bot8838756490:AAE1CAsIDfhrFN31LzqwCXZ-3Lu-3tXYN0Y/getUpdates "HTTP/1.1 200 OK"
2026-06-05 04:08:25,204 - httpx - INFO - HTTP Request: POST https://api.telegram.org/bot8838756490:AAE1CAsIDfhrFN31LzqwCXZ-3Lu-3tXYN0Y/getUpdates "HTTP/1.1 200 OK"
2026-06-05 04:08:35,390 - httpx - INFO - HTTP Request: POST https://api.telegram.org/bot8838756490:AAE1CAsIDfhrFN31LzqwCXZ-3Lu-3tXYN0Y/getUpdates "HTTP/1.1 200 OK"
2026-06-05 04:08:45,583 - httpx - INFO - HTTP Request: POST https://api.telegram.org/bot8838756490:AAE1CAsIDfhrFN31LzqwCXZ-3Lu-3tXYN0Y/getUpdates "HTTP/1.1 200 OK"
2026-06-05 04:08:55,771 - httpx - INFO - HTTP Request: POST https://api.telegram.org/bot8838756490:AAE1CAsIDfhrFN31LzqwCXZ-3Lu-3tXYN0Y/getUpdates "HTTP/1.1 200 OK"
2026-06-05 04:09:05,958 - httpx - INFO - HTTP Request: POST https://api.telegram.org/bot8838756490:AAE1CAsIDfhrFN31LzqwCXZ-3Lu-3tXYN0Y/getUpdates "HTTP/1.1 200 OK"
2026-06-05 04:09:16,162 - httpx - INFO - HTTP Request: POST https://api.telegram.org/bot8838756490:AAE1CAsIDfhrFN31LzqwCXZ-3Lu-3tXYN0Y/getUpdates "HTTP/1.1 200 OK"
2026-06-05 04:09:26,345 - httpx - INFO - HTTP Request: POST https://api.telegram.org/bot8838756490:AAE1CAsIDfhrFN31LzqwCXZ-3Lu-3tXYN0Y/getUpdates "HTTP/1.1 200 OK"
2026-06-05 04:09:36,529 - httpx - INFO - HTTP Request: POST https://api.telegram.org/bot8838756490:AAE1CAsIDfhrFN31LzqwCXZ-3Lu-3tXYN0Y/getUpdates "HTTP/1.1 200 OK"
2026-06-05 04:09:46,717 - httpx - INFO - HTTP Request: POST https://api.telegram.org/bot8838756490:AAE1CAsIDfhrFN31LzqwCXZ-3Lu-3tXYN0Y/getUpdates "HTTP/1.1 200 OK"
2026-06-05 04:09:56,899 - httpx - INFO - HTTP Request: POST https://api.telegram.org/bot8838756490:AAE1CAsIDfhrFN31LzqwCXZ-3Lu-3tXYN0Y/getUpdates "HTTP/1.1 200 OK"
2026-06-05 04:10:07,081 - httpx - INFO - HTTP Request: POST https://api.telegram.org/bot8838756490:AAE1CAsIDfhrFN31LzqwCXZ-3Lu-3tXYN0Y/getUpdates "HTTP/1.1 200 OK"
2026-06-05 04:10:17,267 - httpx - INFO - HTTP Request: POST https://api.telegram.org/bot8838756490:AAE1CAsIDfhrFN31LzqwCXZ-3Lu-3tXYN0Y/getUpdates "HTTP/1.1 200 OK"
2026-06-05 04:10:27,450 - httpx - INFO - HTTP Request: POST https://api.telegram.org/bot8838756490:AAE1CAsIDfhrFN31LzqwCXZ-3Lu-3tXYN0Y/getUpdates "HTTP/1.1 200 OK"
2026-06-05 04:10:37,627 - httpx - INFO - HTTP Request: POST https://api.telegram.org/bot8838756490:AAE1CAsIDfhrFN31LzqwCXZ-3Lu-3tXYN0Y/getUpdates "HTTP/1.1 200 OK"
2026-06-05 04:10:47,820 - httpx - INFO - HTTP Request: POST https://api.telegram.org/bot8838756490:AAE1CAsIDfhrFN31LzqwCXZ-3Lu-3tXYN0Y/getUpdates "HTTP/1.1 200 OK"
2026-06-05 04:10:58,000 - httpx - INFO - HTTP Request: POST https://api.telegram.org/bot8838756490:AAE1CAsIDfhrFN31LzqwCXZ-3Lu-3tXYN0Y/getUpdates "HTTP/1.1 200 OK"
2026-06-05 04:11:08,189 - httpx - INFO - HTTP Request: POST https://api.telegram.org/bot8838756490:AAE1CAsIDfhrFN31LzqwCXZ-3Lu-3tXYN0Y/getUpdates "HTTP/1.1 200 OK"
2026-06-05 04:11:18,372 - httpx - INFO - HTTP Request: POST https://api.telegram.org/bot8838756490:AAE1CAsIDfhrFN31LzqwCXZ-3Lu-3tXYN0Y/getUpdates "HTTP/1.1 200 OK"
2026-06-05 04:11:28,553 - httpx - INFO - HTTP Request: POST https://api.telegram.org/bot8838756490:AAE1CAsIDfhrFN31LzqwCXZ-3Lu-3tXYN0Y/getUpdates "HTTP/1.1 200 OK"
2026-06-05 04:11:38,744 - httpx - INFO - HTTP Request: POST https://api.telegram.org/bot8838756490:AAE1CAsIDfhrFN31LzqwCXZ-3Lu-3tXYN0Y/getUpdates "HTTP/1.1 200 OK"
2026-06-05 04:11:48,941 - httpx - INFO - HTTP Request: POST https://api.telegram.org/bot8838756490:AAE1CAsIDfhrFN31LzqwCXZ-3Lu-3tXYN0Y/getUpdates "HTTP/1.1 200 OK"
2026-06-05 04:11:59,129 - httpx - INFO - HTTP Request: POST https://api.telegram.org/bot8838756490:AAE1CAsIDfhrFN31LzqwCXZ-3Lu-3tXYN0Y/getUpdates "HTTP/1.1 200 OK"
2026-06-05 04:12:09,317 - httpx - INFO - HTTP Request: POST https://api.telegram.org/bot8838756490:AAE1CAsIDfhrFN31LzqwCXZ-3Lu-3tXYN0Y/getUpdates "HTTP/1.1 200 OK"
2026-06-05 04:12:19,504 - httpx - INFO - HTTP Request: POST https://api.telegram.org/bot8838756490:AAE1CAsIDfhrFN31LzqwCXZ-3Lu-3tXYN0Y/getUpdates "HTTP/1.1 200 OK"
2026-06-05 04:12:30,097 - httpx - INFO - HTTP Request: POST https://api.telegram.org/bot8838756490:AAE1CAsIDfhrFN31LzqwCXZ-3Lu-3tXYN0Y/getUpdates "HTTP/1.1 200 OK"
2026-06-05 04:12:40,276 - httpx - INFO - HTTP Request: POST https://api.telegram.org/bot8838756490:AAE1CAsIDfhrFN31LzqwCXZ-3Lu-3tXYN0Y/getUpdates "HTTP/1.1 200 OK"
2026-06-05 04:12:50,464 - httpx - INFO - HTTP Request: POST https://api.telegram.org/bot8838756490:AAE1CAsIDfhrFN31LzqwCXZ-3Lu-3tXYN0Y/getUpdates "HTTP/1.1 200 OK"
2026-06-05 04:13:00,658 - httpx - INFO - HTTP Request: POST https://api.telegram.org/bot8838756490:AAE1CAsIDfhrFN31LzqwCXZ-3Lu-3tXYN0Y/getUpdates "HTTP/1.1 200 OK"
2026-06-05 04:13:11,253 - httpx - INFO - HTTP Request: POST https://api.telegram.org/bot8838756490:AAE1CAsIDfhrFN31LzqwCXZ-3Lu-3tXYN0Y/getUpdates "HTTP/1.1 200 OK"
2026-06-05 04:13:21,459 - httpx - INFO - HTTP Request: POST https://api.telegram.org/bot8838756490:AAE1CAsIDfhrFN31LzqwCXZ-3Lu-3tXYN0Y/getUpdates "HTTP/1.1 200 OK"
2026-06-05 04:13:31,650 - httpx - INFO - HTTP Request: POST https://api.telegram.org/bot8838756490:AAE1CAsIDfhrFN31LzqwCXZ-3Lu-3tXYN0Y/getUpdates "HTTP/1.1 200 OK"
2026-06-05 04:13:41,839 - httpx - INFO - HTTP Request: POST https://api.telegram.org/bot8838756490:AAE1CAsIDfhrFN31LzqwCXZ-3Lu-3tXYN0Y/getUpdates "HTTP/1.1 200 OK"
2026-06-05 04:13:52,024 - httpx - INFO - HTTP Request: POST https://api.telegram.org/bot8838756490:AAE1CAsIDfhrFN31LzqwCXZ-3Lu-3tXYN0Y/getUpdates "HTTP/1.1 200 OK"
2026-06-05 04:14:02,210 - httpx - INFO - HTTP Request: POST https://api.telegram.org/bot8838756490:AAE1CAsIDfhrFN31LzqwCXZ-3Lu-3tXYN0Y/getUpdates "HTTP/1.1 200 OK"
2026-06-05 04:14:12,402 - httpx - INFO - HTTP Request: POST https://api.telegram.org/bot8838756490:AAE1CAsIDfhrFN31LzqwCXZ-3Lu-3tXYN0Y/getUpdates "HTTP/1.1 200 OK"
2026-06-05 04:14:22,592 - httpx - INFO - HTTP Request: POST https://api.telegram.org/bot8838756490:AAE1CAsIDfhrFN31LzqwCXZ-3Lu-3tXYN0Y/getUpdates "HTTP/1.1 200 OK"
2026-06-05 04:14:32,785 - httpx - INFO - HTTP Request: POST https://api.telegram.org/bot8838756490:AAE1CAsIDfhrFN31LzqwCXZ-3Lu-3tXYN0Y/getUpdates "HTTP/1.1 200 OK"
2026-06-05 04:14:42,976 - httpx - INFO - HTTP Request: POST https://api.telegram.org/bot8838756490:AAE1CAsIDfhrFN31LzqwCXZ-3Lu-3tXYN0Y/getUpdates "HTTP/1.1 200 OK"
2026-06-05 04:14:53,171 - httpx - INFO - HTTP Request: POST https://api.telegram.org/bot8838756490:AAE1CAsIDfhrFN31LzqwCXZ-3Lu-3tXYN0Y/getUpdates "HTTP/1.1 200 OK"
2026-06-05 04:15:03,364 - httpx - INFO - HTTP Request: POST https://api.telegram.org/bot8838756490:AAE1CAsIDfhrFN31LzqwCXZ-3Lu-3tXYN0Y/getUpdates "HTTP/1.1 200 OK"
2026-06-05 04:15:13,555 - httpx - INFO - HTTP Request: POST https://api.telegram.org/bot8838756490:AAE1CAsIDfhrFN31LzqwCXZ-3Lu-3tXYN0Y/getUpdates "HTTP/1.1 200 OK"
2026-06-05 04:15:23,743 - httpx - INFO - HTTP Request: POST https://api.telegram.org/bot8838756490:AAE1CAsIDfhrFN31LzqwCXZ-3Lu-3tXYN0Y/getUpdates "HTTP/1.1 200 OK"
2026-06-05 04:15:33,932 - httpx - INFO - HTTP Request: POST https://api.telegram.org/bot8838756490:AAE1CAsIDfhrFN31LzqwCXZ-3Lu-3tXYN0Y/getUpdates "HTTP/1.1 200 OK"
2026-06-05 04:15:44,112 - httpx - INFO - HTTP Request: POST https://api.telegram.org/bot8838756490:AAE1CAsIDfhrFN31LzqwCXZ-3Lu-3tXYN0Y/getUpdates "HTTP/1.1 200 OK"
2026-06-05 04:15:54,297 - httpx - INFO - HTTP Request: POST https://api.telegram.org/bot8838756490:AAE1CAsIDfhrFN31LzqwCXZ-3Lu-3tXYN0Y/getUpdates "HTTP/1.1 200 OK"
2026-06-05 04:16:04,483 - httpx - INFO - HTTP Request: POST https://api.telegram.org/bot8838756490:AAE1CAsIDfhrFN31LzqwCXZ-3Lu-3tXYN0Y/getUpdates "HTTP/1.1 200 OK"
2026-06-05 04:16:14,666 - httpx - INFO - HTTP Request: POST https://api.telegram.org/bot8838756490:AAE1CAsIDfhrFN31LzqwCXZ-3Lu-3tXYN0Y/getUpdates "HTTP/1.1 200 OK"
2026-06-05 04:16:24,856 - httpx - INFO - HTTP Request: POST https://api.telegram.org/bot8838756490:AAE1CAsIDfhrFN31LzqwCXZ-3Lu-3tXYN0Y/getUpdates "HTTP/1.1 200 OK"
2026-06-05 04:16:35,042 - httpx - INFO - HTTP Request: POST https://api.telegram.org/bot8838756490:AAE1CAsIDfhrFN31LzqwCXZ-3Lu-3tXYN0Y/getUpdates "HTTP/1.1 200 OK"
2026-06-05 04:16:45,227 - httpx - INFO - HTTP Request: POST https://api.telegram.org/bot8838756490:AAE1CAsIDfhrFN31LzqwCXZ-3Lu-3tXYN0Y/getUpdates "HTTP/1.1 200 OK"
2026-06-05 04:16:55,414 - httpx - INFO - HTTP Request: POST https://api.telegram.org/bot8838756490:AAE1CAsIDfhrFN31LzqwCXZ-3Lu-3tXYN0Y/getUpdates "HTTP/1.1 200 OK"
2026-06-05 04:17:05,595 - httpx - INFO - HTTP Request: POST https://api.telegram.org/bot8838756490:AAE1CAsIDfhrFN31LzqwCXZ-3Lu-3tXYN0Y/getUpdates "HTTP/1.1 200 OK"
2026-06-05 04:17:15,780 - httpx - INFO - HTTP Request: POST https://api.telegram.org/bot8838756490:AAE1CAsIDfhrFN31LzqwCXZ-3Lu-3tXYN0Y/getUpdates "HTTP/1.1 200 OK"
2026-06-05 04:17:25,963 - httpx - INFO - HTTP Request: POST https://api.telegram.org/bot8838756490:AAE1CAsIDfhrFN31LzqwCXZ-3Lu-3tXYN0Y/getUpdates "HTTP/1.1 200 OK"
2026-06-05 04:17:36,147 - httpx - INFO - HTTP Request: POST https://api.telegram.org/bot8838756490:AAE1CAsIDfhrFN31LzqwCXZ-3Lu-3tXYN0Y/getUpdates "HTTP/1.1 200 OK"
2026-06-05 04:17:46,337 - httpx - INFO - HTTP Request: POST https://api.telegram.org/bot8838756490:AAE1CAsIDfhrFN31LzqwCXZ-3Lu-3tXYN0Y/getUpdates "HTTP/1.1 200 OK"
2026-06-05 04:17:56,526 - httpx - INFO - HTTP Request: POST https://api.telegram.org/bot8838756490:AAE1CAsIDfhrFN31LzqwCXZ-3Lu-3tXYN0Y/getUpdates "HTTP/1.1 200 OK"
2026-06-05 04:18:06,723 - httpx - INFO - HTTP Request: POST https://api.telegram.org/bot8838756490:AAE1CAsIDfhrFN31LzqwCXZ-3Lu-3tXYN0Y/getUpdates "HTTP/1.1 200 OK"
2026-06-05 04:18:16,918 - httpx - INFO - HTTP Request: POST https://api.telegram.org/bot8838756490:AAE1CAsIDfhrFN31LzqwCXZ-3Lu-3tXYN0Y/getUpdates "HTTP/1.1 200 OK"
2026-06-05 04:18:27,138 - httpx - INFO - HTTP Request: POST https://api.telegram.org/bot8838756490:AAE1CAsIDfhrFN31LzqwCXZ-3Lu-3tXYN0Y/getUpdates "HTTP/1.1 200 OK"
2026-06-05 04:18:37,327 - httpx - INFO - HTTP Request: POST https://api.telegram.org/bot8838756490:AAE1CAsIDfhrFN31LzqwCXZ-3Lu-3tXYN0Y/getUpdates "HTTP/1.1 200 OK"
2026-06-05 04:18:47,515 - httpx - INFO - HTTP Request: POST https://api.telegram.org/bot8838756490:AAE1CAsIDfhrFN31LzqwCXZ-3Lu-3tXYN0Y/getUpdates "HTTP/1.1 200 OK"
2026-06-05 04:18:57,711 - httpx - INFO - HTTP Request: POST https://api.telegram.org/bot8838756490:AAE1CAsIDfhrFN31LzqwCXZ-3Lu-3tXYN0Y/getUpdates "HTTP/1.1 200 OK"
2026-06-05 04:19:07,897 - httpx - INFO - HTTP Request: POST https://api.telegram.org/bot8838756490:AAE1CAsIDfhrFN31LzqwCXZ-3Lu-3tXYN0Y/getUpdates "HTTP/1.1 200 OK"
2026-06-05 04:19:18,093 - httpx - INFO - HTTP Request: POST https://api.telegram.org/bot8838756490:AAE1CAsIDfhrFN31LzqwCXZ-3Lu-3tXYN0Y/getUpdates "HTTP/1.1 200 OK"
2026-06-05 04:19:28,283 - httpx - INFO - HTTP Request: POST https://api.telegram.org/bot8838756490:AAE1CAsIDfhrFN31LzqwCXZ-3Lu-3tXYN0Y/getUpdates "HTTP/1.1 200 OK"
2026-06-05 04:19:38,472 - httpx - INFO - HTTP Request: POST https://api.telegram.org/bot8838756490:AAE1CAsIDfhrFN31LzqwCXZ-3Lu-3tXYN0Y/getUpdates "HTTP/1.1 200 OK"
2026-06-05 04:19:48,663 - httpx - INFO - HTTP Request: POST https://api.telegram.org/bot8838756490:AAE1CAsIDfhrFN31LzqwCXZ-3Lu-3tXYN0Y/getUpdates "HTTP/1.1 200 OK"
2026-06-05 04:19:58,856 - httpx - INFO - HTTP Request: POST https://api.telegram.org/bot8838756490:AAE1CAsIDfhrFN31LzqwCXZ-3Lu-3tXYN0Y/getUpdates "HTTP/1.1 200 OK"
2026-06-05 04:20:09,044 - httpx - INFO - HTTP Request: POST https://api.telegram.org/bot8838756490:AAE1CAsIDfhrFN31LzqwCXZ-3Lu-3tXYN0Y/getUpdates "HTTP/1.1 200 OK"
2026-06-05 04:20:19,229 - httpx - INFO - HTTP Request: POST https://api.telegram.org/bot8838756490:AAE1CAsIDfhrFN31LzqwCXZ-3Lu-3tXYN0Y/getUpdates "HTTP/1.1 200 OK"
2026-06-05 04:20:29,414 - httpx - INFO - HTTP Request: POST https://api.telegram.org/bot8838756490:AAE1CAsIDfhrFN31LzqwCXZ-3Lu-3tXYN0Y/getUpdates "HTTP/1.1 200 OK"
2026-06-05 04:20:40,423 - httpx - INFO - HTTP Request: POST https://api.telegram.org/bot8838756490:AAE1CAsIDfhrFN31LzqwCXZ-3Lu-3tXYN0Y/getUpdates "HTTP/1.1 200 OK"
2026-06-05 04:20:51,025 - httpx - INFO - HTTP Request: POST https://api.telegram.org/bot8838756490:AAE1CAsIDfhrFN31LzqwCXZ-3Lu-3tXYN0Y/getUpdates "HTTP/1.1 200 OK"
2026-06-05 04:21:01,218 - httpx - INFO - HTTP Request: POST https://api.telegram.org/bot8838756490:AAE1CAsIDfhrFN31LzqwCXZ-3Lu-3tXYN0Y/getUpdates "HTTP/1.1 200 OK"
2026-06-05 04:21:11,400 - httpx - INFO - HTTP Request: POST https://api.telegram.org/bot8838756490:AAE1CAsIDfhrFN31LzqwCXZ-3Lu-3tXYN0Y/getUpdates "HTTP/1.1 200 OK"
2026-06-05 04:21:21,585 - httpx - INFO - HTTP Request: POST https://api.telegram.org/bot8838756490:AAE1CAsIDfhrFN31LzqwCXZ-3Lu-3tXYN0Y/getUpdates "HTTP/1.1 200 OK"
2026-06-05 04:21:31,783 - httpx - INFO - HTTP Request: POST https://api.telegram.org/bot8838756490:AAE1CAsIDfhrFN31LzqwCXZ-3Lu-3tXYN0Y/getUpdates "HTTP/1.1 200 OK"
2026-06-05 04:21:41,975 - httpx - INFO - HTTP Request: POST https://api.telegram.org/bot8838756490:AAE1CAsIDfhrFN31LzqwCXZ-3Lu-3tXYN0Y/getUpdates "HTTP/1.1 200 OK"
2026-06-05 04:21:52,603 - httpx - INFO - HTTP Request: POST https://api.telegram.org/bot8838756490:AAE1CAsIDfhrFN31LzqwCXZ-3Lu-3tXYN0Y/getUpdates "HTTP/1.1 200 OK"
2026-06-05 04:22:02,790 - httpx - INFO - HTTP Request: POST https://api.telegram.org/bot8838756490:AAE1CAsIDfhrFN31LzqwCXZ-3Lu-3tXYN0Y/getUpdates "HTTP/1.1 200 OK"
2026-06-05 04:22:12,979 - httpx - INFO - HTTP Request: POST https://api.telegram.org/bot8838756490:AAE1CAsIDfhrFN31LzqwCXZ-3Lu-3tXYN0Y/getUpdates "HTTP/1.1 200 OK"
2026-06-05 04:22:23,166 - httpx - INFO - HTTP Request: POST https://api.telegram.org/bot8838756490:AAE1CAsIDfhrFN31LzqwCXZ-3Lu-3tXYN0Y/getUpdates "HTTP/1.1 200 OK"
2026-06-05 04:22:33,358 - httpx - INFO - HTTP Request: POST https://api.telegram.org/bot8838756490:AAE1CAsIDfhrFN31LzqwCXZ-3Lu-3tXYN0Y/getUpdates "HTTP/1.1 200 OK"
2026-06-05 04:22:43,545 - httpx - INFO - HTTP Request: POST https://api.telegram.org/bot8838756490:AAE1CAsIDfhrFN31LzqwCXZ-3Lu-3tXYN0Y/getUpdates "HTTP/1.1 200 OK"
2026-06-05 04:22:53,734 - httpx - INFO - HTTP Request: POST https://api.telegram.org/bot8838756490:AAE1CAsIDfhrFN31LzqwCXZ-3Lu-3tXYN0Y/getUpdates "HTTP/1.1 200 OK"
2026-06-05 04:23:04,321 - httpx - INFO - HTTP Request: POST https://api.telegram.org/bot8838756490:AAE1CAsIDfhrFN31LzqwCXZ-3Lu-3tXYN0Y/getUpdates "HTTP/1.1 200 OK"
2026-06-05 04:23:14,506 - httpx - INFO - HTTP Request: POST https://api.telegram.org/bot8838756490:AAE1CAsIDfhrFN31LzqwCXZ-3Lu-3tXYN0Y/getUpdates "HTTP/1.1 200 OK"
2026-06-05 04:23:24,692 - httpx - INFO - HTTP Request: POST https://api.telegram.org/bot8838756490:AAE1CAsIDfhrFN31LzqwCXZ-3Lu-3tXYN0Y/getUpdates "HTTP/1.1 200 OK"
2026-06-05 04:23:34,873 - httpx - INFO - HTTP Request: POST https://api.telegram.org/bot8838756490:AAE1CAsIDfhrFN31LzqwCXZ-3Lu-3tXYN0Y/getUpdates "HTTP/1.1 200 OK"
2026-06-05 04:23:45,377 - httpx - INFO - HTTP Request: POST https://api.telegram.org/bot8838756490:AAE1CAsIDfhrFN31LzqwCXZ-3Lu-3tXYN0Y/getUpdates "HTTP/1.1 200 OK"
2026-06-05 04:23:55,564 - httpx - INFO - HTTP Request: POST https://api.telegram.org/bot8838756490:AAE1CAsIDfhrFN31LzqwCXZ-3Lu-3tXYN0Y/getUpdates "HTTP/1.1 200 OK"
2026-06-05 04:24:05,764 - httpx - INFO - HTTP Request: POST https://api.telegram.org/bot8838756490:AAE1CAsIDfhrFN31LzqwCXZ-3Lu-3tXYN0Y/getUpdates "HTTP/1.1 200 OK"
2026-06-05 04:24:18,198 - httpx - INFO - HTTP Request: POST https://api.telegram.org/bot8838756490:AAE1CAsIDfhrFN31LzqwCXZ-3Lu-3tXYN0Y/getUpdates "HTTP/1.1 200 OK"
2026-06-05 04:24:28,556 - httpx - INFO - HTTP Request: POST https://api.telegram.org/bot8838756490:AAE1CAsIDfhrFN31LzqwCXZ-3Lu-3tXYN0Y/getUpdates "HTTP/1.1 200 OK"
2026-06-05 04:24:38,739 - httpx - INFO - HTTP Request: POST https://api.telegram.org/bot8838756490:AAE1CAsIDfhrFN31LzqwCXZ-3Lu-3tXYN0Y/getUpdates "HTTP/1.1 200 OK"
2026-06-05 04:24:48,927 - httpx - INFO - HTTP Request: POST https://api.telegram.org/bot8838756490:AAE1CAsIDfhrFN31LzqwCXZ-3Lu-3tXYN0Y/getUpdates "HTTP/1.1 200 OK"
2026-06-05 04:24:59,119 - httpx - INFO - HTTP Request: POST https://api.telegram.org/bot8838756490:AAE1CAsIDfhrFN31LzqwCXZ-3Lu-3tXYN0Y/getUpdates "HTTP/1.1 200 OK"
2026-06-05 04:25:09,307 - httpx - INFO - HTTP Request: POST https://api.telegram.org/bot8838756490:AAE1CAsIDfhrFN31LzqwCXZ-3Lu-3tXYN0Y/getUpdates "HTTP/1.1 200 OK"
2026-06-05 04:25:19,493 - httpx - INFO - HTTP Request: POST https://api.telegram.org/bot8838756490:AAE1CAsIDfhrFN31LzqwCXZ-3Lu-3tXYN0Y/getUpdates "HTTP/1.1 200 OK"
2026-06-05 04:25:29,678 - httpx - INFO - HTTP Request: POST https://api.telegram.org/bot8838756490:AAE1CAsIDfhrFN31LzqwCXZ-3Lu-3tXYN0Y/getUpdates "HTTP/1.1 200 OK"
2026-06-05 04:25:39,864 - httpx - INFO - HTTP Request: POST https://api.telegram.org/bot8838756490:AAE1CAsIDfhrFN31LzqwCXZ-3Lu-3tXYN0Y/getUpdates "HTTP/1.1 200 OK"
2026-06-05 04:25:50,050 - httpx - INFO - HTTP Request: POST https://api.telegram.org/bot8838756490:AAE1CAsIDfhrFN31LzqwCXZ-3Lu-3tXYN0Y/getUpdates "HTTP/1.1 200 OK"
2026-06-05 04:26:00,248 - httpx - INFO - HTTP Request: POST https://api.telegram.org/bot8838756490:AAE1CAsIDfhrFN31LzqwCXZ-3Lu-3tXYN0Y/getUpdates "HTTP/1.1 200 OK"
2026-06-05 04:26:10,448 - httpx - INFO - HTTP Request: POST https://api.telegram.org/bot8838756490:AAE1CAsIDfhrFN31LzqwCXZ-3Lu-3tXYN0Y/getUpdates "HTTP/1.1 200 OK"
2026-06-05 04:26:20,638 - httpx - INFO - HTTP Request: POST https://api.telegram.org/bot8838756490:AAE1CAsIDfhrFN31LzqwCXZ-3Lu-3tXYN0Y/getUpdates "HTTP/1.1 200 OK"
2026-06-05 04:26:30,827 - httpx - INFO - HTTP Request: POST https://api.telegram.org/bot8838756490:AAE1CAsIDfhrFN31LzqwCXZ-3Lu-3tXYN0Y/getUpdates "HTTP/1.1 200 OK"
2026-06-05 04:26:41,024 - httpx - INFO - HTTP Request: POST https://api.telegram.org/bot8838756490:AAE1CAsIDfhrFN31LzqwCXZ-3Lu-3tXYN0Y/getUpdates "HTTP/1.1 200 OK"
2026-06-05 04:26:51,204 - httpx - INFO - HTTP Request: POST https://api.telegram.org/bot8838756490:AAE1CAsIDfhrFN31LzqwCXZ-3Lu-3tXYN0Y/getUpdates "HTTP/1.1 200 OK"
2026-06-05 04:27:01,402 - httpx - INFO - HTTP Request: POST https://api.telegram.org/bot8838756490:AAE1CAsIDfhrFN31LzqwCXZ-3Lu-3tXYN0Y/getUpdates "HTTP/1.1 200 OK"
2026-06-05 04:27:11,589 - httpx - INFO - HTTP Request: POST https://api.telegram.org/bot8838756490:AAE1CAsIDfhrFN31LzqwCXZ-3Lu-3tXYN0Y/getUpdates "HTTP/1.1 200 OK"
2026-06-05 04:27:21,780 - httpx - INFO - HTTP Request: POST https://api.telegram.org/bot8838756490:AAE1CAsIDfhrFN31LzqwCXZ-3Lu-3tXYN0Y/getUpdates "HTTP/1.1 200 OK"
2026-06-05 04:27:31,966 - httpx - INFO - HTTP Request: POST https://api.telegram.org/bot8838756490:AAE1CAsIDfhrFN31LzqwCXZ-3Lu-3tXYN0Y/getUpdates "HTTP/1.1 200 OK"
2026-06-05 04:27:42,153 - httpx - INFO - HTTP Request: POST https://api.telegram.org/bot8838756490:AAE1CAsIDfhrFN31LzqwCXZ-3Lu-3tXYN0Y/getUpdates "HTTP/1.1 200 OK"
2026-06-05 04:27:52,335 - httpx - INFO - HTTP Request: POST https://api.telegram.org/bot8838756490:AAE1CAsIDfhrFN31LzqwCXZ-3Lu-3tXYN0Y/getUpdates "HTTP/1.1 200 OK"
2026-06-05 04:28:02,518 - httpx - INFO - HTTP Request: POST https://api.telegram.org/bot8838756490:AAE1CAsIDfhrFN31LzqwCXZ-3Lu-3tXYN0Y/getUpdates "HTTP/1.1 200 OK"
2026-06-05 04:28:12,703 - httpx - INFO - HTTP Request: POST https://api.telegram.org/bot8838756490:AAE1CAsIDfhrFN31LzqwCXZ-3Lu-3tXYN0Y/getUpdates "HTTP/1.1 200 OK"
2026-06-05 04:28:22,892 - httpx - INFO - HTTP Request: POST https://api.telegram.org/bot8838756490:AAE1CAsIDfhrFN31LzqwCXZ-3Lu-3tXYN0Y/getUpdates "HTTP/1.1 200 OK"
2026-06-05 04:28:33,080 - httpx - INFO - HTTP Request: POST https://api.telegram.org/bot8838756490:AAE1CAsIDfhrFN31LzqwCXZ-3Lu-3tXYN0Y/getUpdates "HTTP/1.1 200 OK"
2026-06-05 04:28:43,264 - httpx - INFO - HTTP Request: POST https://api.telegram.org/bot8838756490:AAE1CAsIDfhrFN31LzqwCXZ-3Lu-3tXYN0Y/getUpdates "HTTP/1.1 200 OK"
2026-06-05 04:28:53,460 - httpx - INFO - HTTP Request: POST https://api.telegram.org/bot8838756490:AAE1CAsIDfhrFN31LzqwCXZ-3Lu-3tXYN0Y/getUpdates "HTTP/1.1 200 OK"
2026-06-05 04:29:03,648 - httpx - INFO - HTTP Request: POST https://api.telegram.org/bot8838756490:AAE1CAsIDfhrFN31LzqwCXZ-3Lu-3tXYN0Y/getUpdates "HTTP/1.1 200 OK"
2026-06-05 04:29:13,842 - httpx - INFO - HTTP Request: POST https://api.telegram.org/bot8838756490:AAE1CAsIDfhrFN31LzqwCXZ-3Lu-3tXYN0Y/getUpdates "HTTP/1.1 200 OK"
2026-06-05 04:29:24,027 - httpx - INFO - HTTP Request: POST https://api.telegram.org/bot8838756490:AAE1CAsIDfhrFN31LzqwCXZ-3Lu-3tXYN0Y/getUpdates "HTTP/1.1 200 OK"
2026-06-05 04:29:34,213 - httpx - INFO - HTTP Request: POST https://api.telegram.org/bot8838756490:AAE1CAsIDfhrFN31LzqwCXZ-3Lu-3tXYN0Y/getUpdates "HTTP/1.1 200 OK"
2026-06-05 04:29:44,400 - httpx - INFO - HTTP Request: POST https://api.telegram.org/bot8838756490:AAE1CAsIDfhrFN31LzqwCXZ-3Lu-3tXYN0Y/getUpdates "HTTP/1.1 200 OK"
2026-06-05 04:29:54,595 - httpx - INFO - HTTP Request: POST https://api.telegram.org/bot8838756490:AAE1CAsIDfhrFN31LzqwCXZ-3Lu-3tXYN0Y/getUpdates "HTTP/1.1 200 OK"
2026-06-05 04:30:04,784 - httpx - INFO - HTTP Request: POST https://api.telegram.org/bot8838756490:AAE1CAsIDfhrFN31LzqwCXZ-3Lu-3tXYN0Y/getUpdates "HTTP/1.1 200 OK"
2026-06-05 04:30:14,974 - httpx - INFO - HTTP Request: POST https://api.telegram.org/bot8838756490:AAE1CAsIDfhrFN31LzqwCXZ-3Lu-3tXYN0Y/getUpdates "HTTP/1.1 200 OK"
2026-06-05 04:30:25,170 - httpx - INFO - HTTP Request: POST https://api.telegram.org/bot8838756490:AAE1CAsIDfhrFN31LzqwCXZ-3Lu-3tXYN0Y/getUpdates "HTTP/1.1 200 OK"
2026-06-05 04:30:35,366 - httpx - INFO - HTTP Request: POST https://api.telegram.org/bot8838756490:AAE1CAsIDfhrFN31LzqwCXZ-3Lu-3tXYN0Y/getUpdates "HTTP/1.1 200 OK"
2026-06-05 04:30:45,555 - httpx - INFO - HTTP Request: POST https://api.telegram.org/bot8838756490:AAE1CAsIDfhrFN31LzqwCXZ-3Lu-3tXYN0Y/getUpdates "HTTP/1.1 200 OK"
2026-06-05 04:30:55,743 - httpx - INFO - HTTP Request: POST https://api.telegram.org/bot8838756490:AAE1CAsIDfhrFN31LzqwCXZ-3Lu-3tXYN0Y/getUpdates "HTTP/1.1 200 OK"
2026-06-05 04:31:05,933 - httpx - INFO - HTTP Request: POST https://api.telegram.org/bot8838756490:AAE1CAsIDfhrFN31LzqwCXZ-3Lu-3tXYN0Y/getUpdates "HTTP/1.1 200 OK"
2026-06-05 04:31:16,114 - httpx - INFO - HTTP Request: POST https://api.telegram.org/bot8838756490:AAE1CAsIDfhrFN31LzqwCXZ-3Lu-3tXYN0Y/getUpdates "HTTP/1.1 200 OK"
2026-06-05 04:31:26,297 - httpx - INFO - HTTP Request: POST https://api.telegram.org/bot8838756490:AAE1CAsIDfhrFN31LzqwCXZ-3Lu-3tXYN0Y/getUpdates "HTTP/1.1 200 OK"
2026-06-05 04:31:36,488 - httpx - INFO - HTTP Request: POST https://api.telegram.org/bot8838756490:AAE1CAsIDfhrFN31LzqwCXZ-3Lu-3tXYN0Y/getUpdates "HTTP/1.1 200 OK"
2026-06-05 04:31:46,681 - httpx - INFO - HTTP Request: POST https://api.telegram.org/bot8838756490:AAE1CAsIDfhrFN31LzqwCXZ-3Lu-3tXYN0Y/getUpdates "HTTP/1.1 200 OK"
2026-06-05 04:31:56,875 - httpx - INFO - HTTP Request: POST https://api.telegram.org/bot8838756490:AAE1CAsIDfhrFN31LzqwCXZ-3Lu-3tXYN0Y/getUpdates "HTTP/1.1 200 OK"
2026-06-05 04:32:07,067 - httpx - INFO - HTTP Request: POST https://api.telegram.org/bot8838756490:AAE1CAsIDfhrFN31LzqwCXZ-3Lu-3tXYN0Y/getUpdates "HTTP/1.1 200 OK"
2026-06-05 04:32:17,252 - httpx - INFO - HTTP Request: POST https://api.telegram.org/bot8838756490:AAE1CAsIDfhrFN31LzqwCXZ-3Lu-3tXYN0Y/getUpdates "HTTP/1.1 200 OK"
2026-06-05 04:32:27,443 - httpx - INFO - HTTP Request: POST https://api.telegram.org/bot8838756490:AAE1CAsIDfhrFN31LzqwCXZ-3Lu-3tXYN0Y/getUpdates "HTTP/1.1 200 OK"
2026-06-05 04:32:37,625 - httpx - INFO - HTTP Request: POST https://api.telegram.org/bot8838756490:AAE1CAsIDfhrFN31LzqwCXZ-3Lu-3tXYN0Y/getUpdates "HTTP/1.1 200 OK"
2026-06-05 04:32:47,817 - httpx - INFO - HTTP Request: POST https://api.telegram.org/bot8838756490:AAE1CAsIDfhrFN31LzqwCXZ-3Lu-3tXYN0Y/getUpdates "HTTP/1.1 200 OK"
2026-06-05 04:32:58,011 - httpx - INFO - HTTP Request: POST https://api.telegram.org/bot8838756490:AAE1CAsIDfhrFN31LzqwCXZ-3Lu-3tXYN0Y/getUpdates "HTTP/1.1 200 OK"
2026-06-05 04:33:08,201 - httpx - INFO - HTTP Request: POST https://api.telegram.org/bot8838756490:AAE1CAsIDfhrFN31LzqwCXZ-3Lu-3tXYN0Y/getUpdates "HTTP/1.1 200 OK"
2026-06-05 04:33:18,389 - httpx - INFO - HTTP Request: POST https://api.telegram.org/bot8838756490:AAE1CAsIDfhrFN31LzqwCXZ-3Lu-3tXYN0Y/getUpdates "HTTP/1.1 200 OK"
2026-06-05 04:33:28,574 - httpx - INFO - HTTP Request: POST https://api.telegram.org/bot8838756490:AAE1CAsIDfhrFN31LzqwCXZ-3Lu-3tXYN0Y/getUpdates "HTTP/1.1 200 OK"
2026-06-05 04:33:38,765 - httpx - INFO - HTTP Request: POST https://api.telegram.org/bot8838756490:AAE1CAsIDfhrFN31LzqwCXZ-3Lu-3tXYN0Y/getUpdates "HTTP/1.1 200 OK"
2026-06-05 04:33:48,951 - httpx - INFO - HTTP Request: POST https://api.telegram.org/bot8838756490:AAE1CAsIDfhrFN31LzqwCXZ-3Lu-3tXYN0Y/getUpdates "HTTP/1.1 200 OK"
2026-06-05 04:33:59,149 - httpx - INFO - HTTP Request: POST https://api.telegram.org/bot8838756490:AAE1CAsIDfhrFN31LzqwCXZ-3Lu-3tXYN0Y/getUpdates "HTTP/1.1 200 OK"
2026-06-05 04:34:09,347 - httpx - INFO - HTTP Request: POST https://api.telegram.org/bot8838756490:AAE1CAsIDfhrFN31LzqwCXZ-3Lu-3tXYN0Y/getUpdates "HTTP/1.1 200 OK"
2026-06-05 04:34:19,530 - httpx - INFO - HTTP Request: POST https://api.telegram.org/bot8838756490:AAE1CAsIDfhrFN31LzqwCXZ-3Lu-3tXYN0Y/getUpdates "HTTP/1.1 200 OK"
2026-06-05 04:34:29,719 - httpx - INFO - HTTP Request: POST https://api.telegram.org/bot8838756490:AAE1CAsIDfhrFN31LzqwCXZ-3Lu-3tXYN0Y/getUpdates "HTTP/1.1 200 OK"
2026-06-05 04:34:39,901 - httpx - INFO - HTTP Request: POST https://api.telegram.org/bot8838756490:AAE1CAsIDfhrFN31LzqwCXZ-3Lu-3tXYN0Y/getUpdates "HTTP/1.1 200 OK"
2026-06-05 04:34:50,081 - httpx - INFO - HTTP Request: POST https://api.telegram.org/bot8838756490:AAE1CAsIDfhrFN31LzqwCXZ-3Lu-3tXYN0Y/getUpdates "HTTP/1.1 200 OK"
2026-06-05 04:35:00,271 - httpx - INFO - HTTP Request: POST https://api.telegram.org/bot8838756490:AAE1CAsIDfhrFN31LzqwCXZ-3Lu-3tXYN0Y/getUpdates "HTTP/1.1 200 OK"
2026-06-05 04:35:10,458 - httpx - INFO - HTTP Request: POST https://api.telegram.org/bot8838756490:AAE1CAsIDfhrFN31LzqwCXZ-3Lu-3tXYN0Y/getUpdates "HTTP/1.1 200 OK"
2026-06-05 04:35:20,645 - httpx - INFO - HTTP Request: POST https://api.telegram.org/bot8838756490:AAE1CAsIDfhrFN31LzqwCXZ-3Lu-3tXYN0Y/getUpdates "HTTP/1.1 200 OK"
2026-06-05 04:35:30,830 - httpx - INFO - HTTP Request: POST https://api.telegram.org/bot8838756490:AAE1CAsIDfhrFN31LzqwCXZ-3Lu-3tXYN0Y/getUpdates "HTTP/1.1 200 OK"
2026-06-05 04:35:41,020 - httpx - INFO - HTTP Request: POST https://api.telegram.org/bot8838756490:AAE1CAsIDfhrFN31LzqwCXZ-3Lu-3tXYN0Y/getUpdates "HTTP/1.1 200 OK"
2026-06-05 04:35:51,222 - httpx - INFO - HTTP Request: POST https://api.telegram.org/bot8838756490:AAE1CAsIDfhrFN31LzqwCXZ-3Lu-3tXYN0Y/getUpdates "HTTP/1.1 200 OK"
2026-06-05 04:36:01,404 - httpx - INFO - HTTP Request: POST https://api.telegram.org/bot8838756490:AAE1CAsIDfhrFN31LzqwCXZ-3Lu-3tXYN0Y/getUpdates "HTTP/1.1 200 OK"
2026-06-05 04:36:11,604 - httpx - INFO - HTTP Request: POST https://api.telegram.org/bot8838756490:AAE1CAsIDfhrFN31LzqwCXZ-3Lu-3tXYN0Y/getUpdates "HTTP/1.1 200 OK"
2026-06-05 04:36:21,791 - httpx - INFO - HTTP Request: POST https://api.telegram.org/bot8838756490:AAE1CAsIDfhrFN31LzqwCXZ-3Lu-3tXYN0Y/getUpdates "HTTP/1.1 200 OK"
2026-06-05 04:36:31,979 - httpx - INFO - HTTP Request: POST https://api.telegram.org/bot8838756490:AAE1CAsIDfhrFN31LzqwCXZ-3Lu-3tXYN0Y/getUpdates "HTTP/1.1 200 OK"
2026-06-05 04:36:42,170 - httpx - INFO - HTTP Request: POST https://api.telegram.org/bot8838756490:AAE1CAsIDfhrFN31LzqwCXZ-3Lu-3tXYN0Y/getUpdates "HTTP/1.1 200 OK"
2026-06-05 04:36:52,363 - httpx - INFO - HTTP Request: POST https://api.telegram.org/bot8838756490:AAE1CAsIDfhrFN31LzqwCXZ-3Lu-3tXYN0Y/getUpdates "HTTP/1.1 200 OK"
2026-06-05 04:37:02,559 - httpx - INFO - HTTP Request: POST https://api.telegram.org/bot8838756490:AAE1CAsIDfhrFN31LzqwCXZ-3Lu-3tXYN0Y/getUpdates "HTTP/1.1 200 OK"
2026-06-05 04:37:12,747 - httpx - INFO - HTTP Request: POST https://api.telegram.org/bot8838756490:AAE1CAsIDfhrFN31LzqwCXZ-3Lu-3tXYN0Y/getUpdates "HTTP/1.1 200 OK"
2026-06-05 04:37:23,341 - httpx - INFO - HTTP Request: POST https://api.telegram.org/bot8838756490:AAE1CAsIDfhrFN31LzqwCXZ-3Lu-3tXYN0Y/getUpdates "HTTP/1.1 200 OK"
2026-06-05 04:37:33,530 - httpx - INFO - HTTP Request: POST https://api.telegram.org/bot8838756490:AAE1CAsIDfhrFN31LzqwCXZ-3Lu-3tXYN0Y/getUpdates "HTTP/1.1 200 OK"
2026-06-05 04:37:43,721 - httpx - INFO - HTTP Request: POST https://api.telegram.org/bot8838756490:AAE1CAsIDfhrFN31LzqwCXZ-3Lu-3tXYN0Y/getUpdates "HTTP/1.1 200 OK"
2026-06-05 04:37:53,914 - httpx - INFO - HTTP Request: POST https://api.telegram.org/bot8838756490:AAE1CAsIDfhrFN31LzqwCXZ-3Lu-3tXYN0Y/getUpdates "HTTP/1.1 200 OK"
2026-06-05 04:38:04,107 - httpx - INFO - HTTP Request: POST https://api.telegram.org/bot8838756490:AAE1CAsIDfhrFN31LzqwCXZ-3Lu-3tXYN0Y/getUpdates "HTTP/1.1 200 OK"
2026-06-05 04:38:14,297 - httpx - INFO - HTTP Request: POST https://api.telegram.org/bot8838756490:AAE1CAsIDfhrFN31LzqwCXZ-3Lu-3tXYN0Y/getUpdates "HTTP/1.1 200 OK"
2026-06-05 04:38:24,491 - httpx - INFO - HTTP Request: POST https://api.telegram.org/bot8838756490:AAE1CAsIDfhrFN31LzqwCXZ-3Lu-3tXYN0Y/getUpdates "HTTP/1.1 200 OK"
2026-06-05 04:38:34,686 - httpx - INFO - HTTP Request: POST https://api.telegram.org/bot8838756490:AAE1CAsIDfhrFN31LzqwCXZ-3Lu-3tXYN0Y/getUpdates "HTTP/1.1 200 OK"
2026-06-05 04:38:44,882 - httpx - INFO - HTTP Request: POST https://api.telegram.org/bot8838756490:AAE1CAsIDfhrFN31LzqwCXZ-3Lu-3tXYN0Y/getUpdates "HTTP/1.1 200 OK"
2026-06-05 04:38:55,069 - httpx - INFO - HTTP Request: POST https://api.telegram.org/bot8838756490:AAE1CAsIDfhrFN31LzqwCXZ-3Lu-3tXYN0Y/getUpdates "HTTP/1.1 200 OK"
2026-06-05 04:39:05,255 - httpx - INFO - HTTP Request: POST https://api.telegram.org/bot8838756490:AAE1CAsIDfhrFN31LzqwCXZ-3Lu-3tXYN0Y/getUpdates "HTTP/1.1 200 OK"
2026-06-05 04:39:15,436 - httpx - INFO - HTTP Request: POST https://api.telegram.org/bot8838756490:AAE1CAsIDfhrFN31LzqwCXZ-3Lu-3tXYN0Y/getUpdates "HTTP/1.1 200 OK"
2026-06-05 04:39:26,053 - httpx - INFO - HTTP Request: POST https://api.telegram.org/bot8838756490:AAE1CAsIDfhrFN31LzqwCXZ-3Lu-3tXYN0Y/getUpdates "HTTP/1.1 200 OK"
2026-06-05 04:39:36,246 - httpx - INFO - HTTP Request: POST https://api.telegram.org/bot8838756490:AAE1CAsIDfhrFN31LzqwCXZ-3Lu-3tXYN0Y/getUpdates "HTTP/1.1 200 OK"
2026-06-05 04:39:46,436 - httpx - INFO - HTTP Request: POST https://api.telegram.org/bot8838756490:AAE1CAsIDfhrFN31LzqwCXZ-3Lu-3tXYN0Y/getUpdates "HTTP/1.1 200 OK"
2026-06-05 04:39:56,626 - httpx - INFO - HTTP Request: POST https://api.telegram.org/bot8838756490:AAE1CAsIDfhrFN31LzqwCXZ-3Lu-3tXYN0Y/getUpdates "HTTP/1.1 200 OK"
2026-06-05 04:40:06,825 - httpx - INFO - HTTP Request: POST https://api.telegram.org/bot8838756490:AAE1CAsIDfhrFN31LzqwCXZ-3Lu-3tXYN0Y/getUpdates "HTTP/1.1 200 OK"
2026-06-05 04:40:17,019 - httpx - INFO - HTTP Request: POST https://api.telegram.org/bot8838756490:AAE1CAsIDfhrFN31LzqwCXZ-3Lu-3tXYN0Y/getUpdates "HTTP/1.1 200 OK"
2026-06-05 04:40:27,204 - httpx - INFO - HTTP Request: POST https://api.telegram.org/bot8838756490:AAE1CAsIDfhrFN31LzqwCXZ-3Lu-3tXYN0Y/getUpdates "HTTP/1.1 200 OK"
2026-06-05 04:40:37,392 - httpx - INFO - HTTP Request: POST https://api.telegram.org/bot8838756490:AAE1CAsIDfhrFN31LzqwCXZ-3Lu-3tXYN0Y/getUpdates "HTTP/1.1 200 OK"
2026-06-05 04:40:47,581 - httpx - INFO - HTTP Request: POST https://api.telegram.org/bot8838756490:AAE1CAsIDfhrFN31LzqwCXZ-3Lu-3tXYN0Y/getUpdates "HTTP/1.1 200 OK"
2026-06-05 04:40:57,777 - httpx - INFO - HTTP Request: POST https://api.telegram.org/bot8838756490:AAE1CAsIDfhrFN31LzqwCXZ-3Lu-3tXYN0Y/getUpdates "HTTP/1.1 200 OK"
2026-06-05 04:41:07,971 - httpx - INFO - HTTP Request: POST https://api.telegram.org/bot8838756490:AAE1CAsIDfhrFN31LzqwCXZ-3Lu-3tXYN0Y/getUpdates "HTTP/1.1 200 OK"
2026-06-05 04:41:18,164 - httpx - INFO - HTTP Request: POST https://api.telegram.org/bot8838756490:AAE1CAsIDfhrFN31LzqwCXZ-3Lu-3tXYN0Y/getUpdates "HTTP/1.1 200 OK"
2026-06-05 04:41:28,348 - httpx - INFO - HTTP Request: POST https://api.telegram.org/bot8838756490:AAE1CAsIDfhrFN31LzqwCXZ-3Lu-3tXYN0Y/getUpdates "HTTP/1.1 200 OK"
2026-06-05 04:41:38,545 - httpx - INFO - HTTP Request: POST https://api.telegram.org/bot8838756490:AAE1CAsIDfhrFN31LzqwCXZ-3Lu-3tXYN0Y/getUpdates "HTTP/1.1 200 OK"
2026-06-05 04:41:48,740 - httpx - INFO - HTTP Request: POST https://api.telegram.org/bot8838756490:AAE1CAsIDfhrFN31LzqwCXZ-3Lu-3tXYN0Y/getUpdates "HTTP/1.1 200 OK"
2026-06-05 04:41:58,941 - httpx - INFO - HTTP Request: POST https://api.telegram.org/bot8838756490:AAE1CAsIDfhrFN31LzqwCXZ-3Lu-3tXYN0Y/getUpdates "HTTP/1.1 200 OK"
2026-06-05 04:42:09,125 - httpx - INFO - HTTP Request: POST https://api.telegram.org/bot8838756490:AAE1CAsIDfhrFN31LzqwCXZ-3Lu-3tXYN0Y/getUpdates "HTTP/1.1 200 OK"
2026-06-05 04:42:19,310 - httpx - INFO - HTTP Request: POST https://api.telegram.org/bot8838756490:AAE1CAsIDfhrFN31LzqwCXZ-3Lu-3tXYN0Y/getUpdates "HTTP/1.1 200 OK"
2026-06-05 04:42:29,498 - httpx - INFO - HTTP Request: POST https://api.telegram.org/bot8838756490:AAE1CAsIDfhrFN31LzqwCXZ-3Lu-3tXYN0Y/getUpdates "HTTP/1.1 200 OK"
2026-06-05 04:42:39,689 - httpx - INFO - HTTP Request: POST https://api.telegram.org/bot8838756490:AAE1CAsIDfhrFN31LzqwCXZ-3Lu-3tXYN0Y/getUpdates "HTTP/1.1 200 OK"
2026-06-05 04:42:49,887 - httpx - INFO - HTTP Request: POST https://api.telegram.org/bot8838756490:AAE1CAsIDfhrFN31LzqwCXZ-3Lu-3tXYN0Y/getUpdates "HTTP/1.1 200 OK"
2026-06-05 04:43:00,084 - httpx - INFO - HTTP Request: POST https://api.telegram.org/bot8838756490:AAE1CAsIDfhrFN31LzqwCXZ-3Lu-3tXYN0Y/getUpdates "HTTP/1.1 200 OK"
2026-06-05 04:43:10,273 - httpx - INFO - HTTP Request: POST https://api.telegram.org/bot8838756490:AAE1CAsIDfhrFN31LzqwCXZ-3Lu-3tXYN0Y/getUpdates "HTTP/1.1 200 OK"
2026-06-05 04:43:20,460 - httpx - INFO - HTTP Request: POST https://api.telegram.org/bot8838756490:AAE1CAsIDfhrFN31LzqwCXZ-3Lu-3tXYN0Y/getUpdates "HTTP/1.1 200 OK"
2026-06-05 04:43:30,647 - httpx - INFO - HTTP Request: POST https://api.telegram.org/bot8838756490:AAE1CAsIDfhrFN31LzqwCXZ-3Lu-3tXYN0Y/getUpdates "HTTP/1.1 200 OK"
2026-06-05 04:43:40,839 - httpx - INFO - HTTP Request: POST https://api.telegram.org/bot8838756490:AAE1CAsIDfhrFN31LzqwCXZ-3Lu-3tXYN0Y/getUpdates "HTTP/1.1 200 OK"
2026-06-05 04:43:51,034 - httpx - INFO - HTTP Request: POST https://api.telegram.org/bot8838756490:AAE1CAsIDfhrFN31LzqwCXZ-3Lu-3tXYN0Y/getUpdates "HTTP/1.1 200 OK"
2026-06-05 04:44:01,228 - httpx - INFO - HTTP Request: POST https://api.telegram.org/bot8838756490:AAE1CAsIDfhrFN31LzqwCXZ-3Lu-3tXYN0Y/getUpdates "HTTP/1.1 200 OK"
2026-06-05 04:44:11,414 - httpx - INFO - HTTP Request: POST https://api.telegram.org/bot8838756490:AAE1CAsIDfhrFN31LzqwCXZ-3Lu-3tXYN0Y/getUpdates "HTTP/1.1 200 OK"
2026-06-05 04:44:21,598 - httpx - INFO - HTTP Request: POST https://api.telegram.org/bot8838756490:AAE1CAsIDfhrFN31LzqwCXZ-3Lu-3tXYN0Y/getUpdates "HTTP/1.1 200 OK"
2026-06-05 04:44:31,782 - httpx - INFO - HTTP Request: POST https://api.telegram.org/bot8838756490:AAE1CAsIDfhrFN31LzqwCXZ-3Lu-3tXYN0Y/getUpdates "HTTP/1.1 200 OK"
2026-06-05 04:44:41,972 - httpx - INFO - HTTP Request: POST https://api.telegram.org/bot8838756490:AAE1CAsIDfhrFN31LzqwCXZ-3Lu-3tXYN0Y/getUpdates "HTTP/1.1 200 OK"
2026-06-05 04:44:52,166 - httpx - INFO - HTTP Request: POST https://api.telegram.org/bot8838756490:AAE1CAsIDfhrFN31LzqwCXZ-3Lu-3tXYN0Y/getUpdates "HTTP/1.1 200 OK"
2026-06-05 04:45:02,358 - httpx - INFO - HTTP Request: POST https://api.telegram.org/bot8838756490:AAE1CAsIDfhrFN31LzqwCXZ-3Lu-3tXYN0Y/getUpdates "HTTP/1.1 200 OK"
2026-06-05 04:45:12,553 - httpx - INFO - HTTP Request: POST https://api.telegram.org/bot8838756490:AAE1CAsIDfhrFN31LzqwCXZ-3Lu-3tXYN0Y/getUpdates "HTTP/1.1 200 OK"
2026-06-05 04:45:22,757 - httpx - INFO - HTTP Request: POST https://api.telegram.org/bot8838756490:AAE1CAsIDfhrFN31LzqwCXZ-3Lu-3tXYN0Y/getUpdates "HTTP/1.1 200 OK"
2026-06-05 04:45:32,946 - httpx - INFO - HTTP Request: POST https://api.telegram.org/bot8838756490:AAE1CAsIDfhrFN31LzqwCXZ-3Lu-3tXYN0Y/getUpdates "HTTP/1.1 200 OK"
2026-06-05 04:45:43,132 - httpx - INFO - HTTP Request: POST https://api.telegram.org/bot8838756490:AAE1CAsIDfhrFN31LzqwCXZ-3Lu-3tXYN0Y/getUpdates "HTTP/1.1 200 OK"
2026-06-05 04:45:53,320 - httpx - INFO - HTTP Request: POST https://api.telegram.org/bot8838756490:AAE1CAsIDfhrFN31LzqwCXZ-3Lu-3tXYN0Y/getUpdates "HTTP/1.1 200 OK"
2026-06-05 04:46:03,516 - httpx - INFO - HTTP Request: POST https://api.telegram.org/bot8838756490:AAE1CAsIDfhrFN31LzqwCXZ-3Lu-3tXYN0Y/getUpdates "HTTP/1.1 200 OK"
2026-06-05 04:46:13,705 - httpx - INFO - HTTP Request: POST https://api.telegram.org/bot8838756490:AAE1CAsIDfhrFN31LzqwCXZ-3Lu-3tXYN0Y/getUpdates "HTTP/1.1 200 OK"
2026-06-05 04:46:23,898 - httpx - INFO - HTTP Request: POST https://api.telegram.org/bot8838756490:AAE1CAsIDfhrFN31LzqwCXZ-3Lu-3tXYN0Y/getUpdates "HTTP/1.1 200 OK"
2026-06-05 04:46:34,084 - httpx - INFO - HTTP Request: POST https://api.telegram.org/bot8838756490:AAE1CAsIDfhrFN31LzqwCXZ-3Lu-3tXYN0Y/getUpdates "HTTP/1.1 200 OK"
2026-06-05 04:46:44,275 - httpx - INFO - HTTP Request: POST https://api.telegram.org/bot8838756490:AAE1CAsIDfhrFN31LzqwCXZ-3Lu-3tXYN0Y/getUpdates "HTTP/1.1 200 OK"
2026-06-05 04:46:54,467 - httpx - INFO - HTTP Request: POST https://api.telegram.org/bot8838756490:AAE1CAsIDfhrFN31LzqwCXZ-3Lu-3tXYN0Y/getUpdates "HTTP/1.1 200 OK"
2026-06-05 04:47:04,659 - httpx - INFO - HTTP Request: POST https://api.telegram.org/bot8838756490:AAE1CAsIDfhrFN31LzqwCXZ-3Lu-3tXYN0Y/getUpdates "HTTP/1.1 200 OK"
2026-06-05 04:47:14,856 - httpx - INFO - HTTP Request: POST https://api.telegram.org/bot8838756490:AAE1CAsIDfhrFN31LzqwCXZ-3Lu-3tXYN0Y/getUpdates "HTTP/1.1 200 OK"
2026-06-05 04:47:25,050 - httpx - INFO - HTTP Request: POST https://api.telegram.org/bot8838756490:AAE1CAsIDfhrFN31LzqwCXZ-3Lu-3tXYN0Y/getUpdates "HTTP/1.1 200 OK"
2026-06-05 04:47:35,233 - httpx - INFO - HTTP Request: POST https://api.telegram.org/bot8838756490:AAE1CAsIDfhrFN31LzqwCXZ-3Lu-3tXYN0Y/getUpdates "HTTP/1.1 200 OK"
2026-06-05 04:47:45,420 - httpx - INFO - HTTP Request: POST https://api.telegram.org/bot8838756490:AAE1CAsIDfhrFN31LzqwCXZ-3Lu-3tXYN0Y/getUpdates "HTTP/1.1 200 OK"
2026-06-05 04:47:55,609 - httpx - INFO - HTTP Request: POST https://api.telegram.org/bot8838756490:AAE1CAsIDfhrFN31LzqwCXZ-3Lu-3tXYN0Y/getUpdates "HTTP/1.1 200 OK"
2026-06-05 04:48:05,800 - httpx - INFO - HTTP Request: POST https://api.telegram.org/bot8838756490:AAE1CAsIDfhrFN31LzqwCXZ-3Lu-3tXYN0Y/getUpdates "HTTP/1.1 200 OK"
2026-06-05 04:48:15,994 - httpx - INFO - HTTP Request: POST https://api.telegram.org/bot8838756490:AAE1CAsIDfhrFN31LzqwCXZ-3Lu-3tXYN0Y/getUpdates "HTTP/1.1 200 OK"
2026-06-05 04:48:26,187 - httpx - INFO - HTTP Request: POST https://api.telegram.org/bot8838756490:AAE1CAsIDfhrFN31LzqwCXZ-3Lu-3tXYN0Y/getUpdates "HTTP/1.1 200 OK"
2026-06-05 04:48:36,375 - httpx - INFO - HTTP Request: POST https://api.telegram.org/bot8838756490:AAE1CAsIDfhrFN31LzqwCXZ-3Lu-3tXYN0Y/getUpdates "HTTP/1.1 200 OK"
2026-06-05 04:48:46,561 - httpx - INFO - HTTP Request: POST https://api.telegram.org/bot8838756490:AAE1CAsIDfhrFN31LzqwCXZ-3Lu-3tXYN0Y/getUpdates "HTTP/1.1 200 OK"
2026-06-05 04:48:56,748 - httpx - INFO - HTTP Request: POST https://api.telegram.org/bot8838756490:AAE1CAsIDfhrFN31LzqwCXZ-3Lu-3tXYN0Y/getUpdates "HTTP/1.1 200 OK"
2026-06-05 04:49:06,941 - httpx - INFO - HTTP Request: POST https://api.telegram.org/bot8838756490:AAE1CAsIDfhrFN31LzqwCXZ-3Lu-3tXYN0Y/getUpdates "HTTP/1.1 200 OK"
2026-06-05 04:49:17,127 - httpx - INFO - HTTP Request: POST https://api.telegram.org/bot8838756490:AAE1CAsIDfhrFN31LzqwCXZ-3Lu-3tXYN0Y/getUpdates "HTTP/1.1 200 OK"
2026-06-05 04:49:27,314 - httpx - INFO - HTTP Request: POST https://api.telegram.org/bot8838756490:AAE1CAsIDfhrFN31LzqwCXZ-3Lu-3tXYN0Y/getUpdates "HTTP/1.1 200 OK"
2026-06-05 04:49:37,503 - httpx - INFO - HTTP Request: POST https://api.telegram.org/bot8838756490:AAE1CAsIDfhrFN31LzqwCXZ-3Lu-3tXYN0Y/getUpdates "HTTP/1.1 200 OK"
2026-06-05 04:49:47,695 - httpx - INFO - HTTP Request: POST https://api.telegram.org/bot8838756490:AAE1CAsIDfhrFN31LzqwCXZ-3Lu-3tXYN0Y/getUpdates "HTTP/1.1 200 OK"
2026-06-05 04:49:57,885 - httpx - INFO - HTTP Request: POST https://api.telegram.org/bot8838756490:AAE1CAsIDfhrFN31LzqwCXZ-3Lu-3tXYN0Y/getUpdates "HTTP/1.1 200 OK"
2026-06-05 04:50:08,077 - httpx - INFO - HTTP Request: POST https://api.telegram.org/bot8838756490:AAE1CAsIDfhrFN31LzqwCXZ-3Lu-3tXYN0Y/getUpdates "HTTP/1.1 200 OK"
2026-06-05 04:50:18,268 - httpx - INFO - HTTP Request: POST https://api.telegram.org/bot8838756490:AAE1CAsIDfhrFN31LzqwCXZ-3Lu-3tXYN0Y/getUpdates "HTTP/1.1 200 OK"
2026-06-05 04:50:28,458 - httpx - INFO - HTTP Request: POST https://api.telegram.org/bot8838756490:AAE1CAsIDfhrFN31LzqwCXZ-3Lu-3tXYN0Y/getUpdates "HTTP/1.1 200 OK"
2026-06-05 04:50:38,652 - httpx - INFO - HTTP Request: POST https://api.telegram.org/bot8838756490:AAE1CAsIDfhrFN31LzqwCXZ-3Lu-3tXYN0Y/getUpdates "HTTP/1.1 200 OK"
2026-06-05 04:50:48,854 - httpx - INFO - HTTP Request: POST https://api.telegram.org/bot8838756490:AAE1CAsIDfhrFN31LzqwCXZ-3Lu-3tXYN0Y/getUpdates "HTTP/1.1 200 OK"
2026-06-05 04:50:59,050 - httpx - INFO - HTTP Request: POST https://api.telegram.org/bot8838756490:AAE1CAsIDfhrFN31LzqwCXZ-3Lu-3tXYN0Y/getUpdates "HTTP/1.1 200 OK"
2026-06-05 04:51:09,643 - httpx - INFO - HTTP Request: POST https://api.telegram.org/bot8838756490:AAE1CAsIDfhrFN31LzqwCXZ-3Lu-3tXYN0Y/getUpdates "HTTP/1.1 200 OK"
2026-06-05 04:51:19,831 - httpx - INFO - HTTP Request: POST https://api.telegram.org/bot8838756490:AAE1CAsIDfhrFN31LzqwCXZ-3Lu-3tXYN0Y/getUpdates "HTTP/1.1 200 OK"
2026-06-05 04:51:23,946 - httpx - INFO - HTTP Request: POST https://api.telegram.org/bot8838756490:AAE1CAsIDfhrFN31LzqwCXZ-3Lu-3tXYN0Y/getUpdates "HTTP/1.1 200 OK"
2026-06-05 04:51:26,745 - httpx - INFO - HTTP Request: POST https://api.telegram.org/bot8838756490:AAE1CAsIDfhrFN31LzqwCXZ-3Lu-3tXYN0Y/sendMessage "HTTP/1.1 200 OK"
2026-06-05 04:51:36,350 - httpx - INFO - HTTP Request: POST https://api.telegram.org/bot8838756490:AAE1CAsIDfhrFN31LzqwCXZ-3Lu-3tXYN0Y/getUpdates "HTTP/1.1 200 OK"
2026-06-05 04:51:46,547 - httpx - INFO - HTTP Request: POST https://api.telegram.org/bot8838756490:AAE1CAsIDfhrFN31LzqwCXZ-3Lu-3tXYN0Y/getUpdates "HTTP/1.1 200 OK"
2026-06-05 04:51:56,731 - httpx - INFO - HTTP Request: POST https://api.telegram.org/bot8838756490:AAE1CAsIDfhrFN31LzqwCXZ-3Lu-3tXYN0Y/getUpdates "HTTP/1.1 200 OK"
2026-06-05 04:52:06,916 - httpx - INFO - HTTP Request: POST https://api.telegram.org/bot8838756490:AAE1CAsIDfhrFN31LzqwCXZ-3Lu-3tXYN0Y/getUpdates "HTTP/1.1 200 OK"
2026-06-05 04:52:17,105 - httpx - INFO - HTTP Request: POST https://api.telegram.org/bot8838756490:AAE1CAsIDfhrFN31LzqwCXZ-3Lu-3tXYN0Y/getUpdates "HTTP/1.1 200 OK"
2026-06-05 04:52:27,300 - httpx - INFO - HTTP Request: POST https://api.telegram.org/bot8838756490:AAE1CAsIDfhrFN31LzqwCXZ-3Lu-3tXYN0Y/getUpdates "HTTP/1.1 200 OK"
2026-06-05 04:52:37,895 - httpx - INFO - HTTP Request: POST https://api.telegram.org/bot8838756490:AAE1CAsIDfhrFN31LzqwCXZ-3Lu-3tXYN0Y/getUpdates "HTTP/1.1 200 OK"
2026-06-05 04:52:48,131 - httpx - INFO - HTTP Request: POST https://api.telegram.org/bot8838756490:AAE1CAsIDfhrFN31LzqwCXZ-3Lu-3tXYN0Y/getUpdates "HTTP/1.1 200 OK"
2026-06-05 04:52:58,330 - httpx - INFO - HTTP Request: POST https://api.telegram.org/bot8838756490:AAE1CAsIDfhrFN31LzqwCXZ-3Lu-3tXYN0Y/getUpdates "HTTP/1.1 200 OK"
2026-06-05 04:53:08,526 - httpx - INFO - HTTP Request: POST https://api.telegram.org/bot8838756490:AAE1CAsIDfhrFN31LzqwCXZ-3Lu-3tXYN0Y/getUpdates "HTTP/1.1 200 OK"
2026-06-05 04:53:18,712 - httpx - INFO - HTTP Request: POST https://api.telegram.org/bot8838756490:AAE1CAsIDfhrFN31LzqwCXZ-3Lu-3tXYN0Y/getUpdates "HTTP/1.1 200 OK"
2026-06-05 04:53:28,909 - httpx - INFO - HTTP Request: POST https://api.telegram.org/bot8838756490:AAE1CAsIDfhrFN31LzqwCXZ-3Lu-3tXYN0Y/getUpdates "HTTP/1.1 200 OK"
2026-06-05 04:53:39,096 - httpx - INFO - HTTP Request: POST https://api.telegram.org/bot8838756490:AAE1CAsIDfhrFN31LzqwCXZ-3Lu-3tXYN0Y/getUpdates "HTTP/1.1 200 OK"
2026-06-05 04:53:49,282 - httpx - INFO - HTTP Request: POST https://api.telegram.org/bot8838756490:AAE1CAsIDfhrFN31LzqwCXZ-3Lu-3tXYN0Y/getUpdates "HTTP/1.1 200 OK"
2026-06-05 04:53:59,472 - httpx - INFO - HTTP Request: POST https://api.telegram.org/bot8838756490:AAE1CAsIDfhrFN31LzqwCXZ-3Lu-3tXYN0Y/getUpdates "HTTP/1.1 200 OK"
2026-06-05 04:54:09,660 - httpx - INFO - HTTP Request: POST https://api.telegram.org/bot8838756490:AAE1CAsIDfhrFN31LzqwCXZ-3Lu-3tXYN0Y/getUpdates "HTTP/1.1 200 OK"
2026-06-05 04:54:19,847 - httpx - INFO - HTTP Request: POST https://api.telegram.org/bot8838756490:AAE1CAsIDfhrFN31LzqwCXZ-3Lu-3tXYN0Y/getUpdates "HTTP/1.1 200 OK"
2026-06-05 04:54:30,035 - httpx - INFO - HTTP Request: POST https://api.telegram.org/bot8838756490:AAE1CAsIDfhrFN31LzqwCXZ-3Lu-3tXYN0Y/getUpdates "HTTP/1.1 200 OK"
2026-06-05 04:54:40,218 - httpx - INFO - HTTP Request: POST https://api.telegram.org/bot8838756490:AAE1CAsIDfhrFN31LzqwCXZ-3Lu-3tXYN0Y/getUpdates "HTTP/1.1 200 OK"
2026-06-05 04:54:50,407 - httpx - INFO - HTTP Request: POST https://api.telegram.org/bot8838756490:AAE1CAsIDfhrFN31LzqwCXZ-3Lu-3tXYN0Y/getUpdates "HTTP/1.1 200 OK"
2026-06-05 04:55:00,683 - httpx - INFO - HTTP Request: POST https://api.telegram.org/bot8838756490:AAE1CAsIDfhrFN31LzqwCXZ-3Lu-3tXYN0Y/getUpdates "HTTP/1.1 200 OK"
2026-06-05 04:55:10,868 - httpx - INFO - HTTP Request: POST https://api.telegram.org/bot8838756490:AAE1CAsIDfhrFN31LzqwCXZ-3Lu-3tXYN0Y/getUpdates "HTTP/1.1 200 OK"
2026-06-05 04:55:21,053 - httpx - INFO - HTTP Request: POST https://api.telegram.org/bot8838756490:AAE1CAsIDfhrFN31LzqwCXZ-3Lu-3tXYN0Y/getUpdates "HTTP/1.1 200 OK"
2026-06-05 04:55:31,237 - httpx - INFO - HTTP Request: POST https://api.telegram.org/bot8838756490:AAE1CAsIDfhrFN31LzqwCXZ-3Lu-3tXYN0Y/getUpdates "HTTP/1.1 200 OK"
2026-06-05 04:55:41,430 - httpx - INFO - HTTP Request: POST https://api.telegram.org/bot8838756490:AAE1CAsIDfhrFN31LzqwCXZ-3Lu-3tXYN0Y/getUpdates "HTTP/1.1 200 OK"
2026-06-05 04:55:51,615 - httpx - INFO - HTTP Request: POST https://api.telegram.org/bot8838756490:AAE1CAsIDfhrFN31LzqwCXZ-3Lu-3tXYN0Y/getUpdates "HTTP/1.1 200 OK"
2026-06-05 04:56:01,797 - httpx - INFO - HTTP Request: POST https://api.telegram.org/bot8838756490:AAE1CAsIDfhrFN31LzqwCXZ-3Lu-3tXYN0Y/getUpdates "HTTP/1.1 200 OK"
2026-06-05 04:56:12,000 - httpx - INFO - HTTP Request: POST https://api.telegram.org/bot8838756490:AAE1CAsIDfhrFN31LzqwCXZ-3Lu-3tXYN0Y/getUpdates "HTTP/1.1 200 OK"
2026-06-05 04:56:22,205 - httpx - INFO - HTTP Request: POST https://api.telegram.org/bot8838756490:AAE1CAsIDfhrFN31LzqwCXZ-3Lu-3tXYN0Y/getUpdates "HTTP/1.1 200 OK"
2026-06-05 04:56:32,403 - httpx - INFO - HTTP Request: POST https://api.telegram.org/bot8838756490:AAE1CAsIDfhrFN31LzqwCXZ-3Lu-3tXYN0Y/getUpdates "HTTP/1.1 200 OK"
2026-06-05 04:56:43,007 - httpx - INFO - HTTP Request: POST https://api.telegram.org/bot8838756490:AAE1CAsIDfhrFN31LzqwCXZ-3Lu-3tXYN0Y/getUpdates "HTTP/1.1 200 OK"
2026-06-05 04:56:53,195 - httpx - INFO - HTTP Request: POST https://api.telegram.org/bot8838756490:AAE1CAsIDfhrFN31LzqwCXZ-3Lu-3tXYN0Y/getUpdates "HTTP/1.1 200 OK"
2026-06-05 04:57:03,388 - httpx - INFO - HTTP Request: POST https://api.telegram.org/bot8838756490:AAE1CAsIDfhrFN31LzqwCXZ-3Lu-3tXYN0Y/getUpdates "HTTP/1.1 200 OK"
2026-06-05 04:57:13,590 - httpx - INFO - HTTP Request: POST https://api.telegram.org/bot8838756490:AAE1CAsIDfhrFN31LzqwCXZ-3Lu-3tXYN0Y/getUpdates "HTTP/1.1 200 OK"
2026-06-05 04:57:23,783 - httpx - INFO - HTTP Request: POST https://api.telegram.org/bot8838756490:AAE1CAsIDfhrFN31LzqwCXZ-3Lu-3tXYN0Y/getUpdates "HTTP/1.1 200 OK"
2026-06-05 04:57:33,971 - httpx - INFO - HTTP Request: POST https://api.telegram.org/bot8838756490:AAE1CAsIDfhrFN31LzqwCXZ-3Lu-3tXYN0Y/getUpdates "HTTP/1.1 200 OK"
2026-06-05 04:57:44,163 - httpx - INFO - HTTP Request: POST https://api.telegram.org/bot8838756490:AAE1CAsIDfhrFN31LzqwCXZ-3Lu-3tXYN0Y/getUpdates "HTTP/1.1 200 OK"
2026-06-05 04:57:54,350 - httpx - INFO - HTTP Request: POST https://api.telegram.org/bot8838756490:AAE1CAsIDfhrFN31LzqwCXZ-3Lu-3tXYN0Y/getUpdates "HTTP/1.1 200 OK"
2026-06-05 04:58:04,537 - httpx - INFO - HTTP Request: POST https://api.telegram.org/bot8838756490:AAE1CAsIDfhrFN31LzqwCXZ-3Lu-3tXYN0Y/getUpdates "HTTP/1.1 200 OK"
2026-06-05 04:58:14,730 - httpx - INFO - HTTP Request: POST https://api.telegram.org/bot8838756490:AAE1CAsIDfhrFN31LzqwCXZ-3Lu-3tXYN0Y/getUpdates "HTTP/1.1 200 OK"
2026-06-05 04:58:24,911 - httpx - INFO - HTTP Request: POST https://api.telegram.org/bot8838756490:AAE1CAsIDfhrFN31LzqwCXZ-3Lu-3tXYN0Y/getUpdates "HTTP/1.1 200 OK"
2026-06-05 04:58:35,098 - httpx - INFO - HTTP Request: POST https://api.telegram.org/bot8838756490:AAE1CAsIDfhrFN31LzqwCXZ-3Lu-3tXYN0Y/getUpdates "HTTP/1.1 200 OK"
2026-06-05 04:58:45,306 - httpx - INFO - HTTP Request: POST https://api.telegram.org/bot8838756490:AAE1CAsIDfhrFN31LzqwCXZ-3Lu-3tXYN0Y/getUpdates "HTTP/1.1 200 OK"
2026-06-05 04:58:55,498 - httpx - INFO - HTTP Request: POST https://api.telegram.org/bot8838756490:AAE1CAsIDfhrFN31LzqwCXZ-3Lu-3tXYN0Y/getUpdates "HTTP/1.1 200 OK"
2026-06-05 04:59:05,696 - httpx - INFO - HTTP Request: POST https://api.telegram.org/bot8838756490:AAE1CAsIDfhrFN31LzqwCXZ-3Lu-3tXYN0Y/getUpdates "HTTP/1.1 200 OK"
2026-06-05 04:59:15,885 - httpx - INFO - HTTP Request: POST https://api.telegram.org/bot8838756490:AAE1CAsIDfhrFN31LzqwCXZ-3Lu-3tXYN0Y/getUpdates "HTTP/1.1 200 OK"
2026-06-05 04:59:26,083 - httpx - INFO - HTTP Request: POST https://api.telegram.org/bot8838756490:AAE1CAsIDfhrFN31LzqwCXZ-3Lu-3tXYN0Y/getUpdates "HTTP/1.1 200 OK"
2026-06-05 04:59:36,666 - httpx - INFO - HTTP Request: POST https://api.telegram.org/bot8838756490:AAE1CAsIDfhrFN31LzqwCXZ-3Lu-3tXYN0Y/getUpdates "HTTP/1.1 200 OK"
2026-06-05 04:59:47,274 - httpx - INFO - HTTP Request: POST https://api.telegram.org/bot8838756490:AAE1CAsIDfhrFN31LzqwCXZ-3Lu-3tXYN0Y/getUpdates "HTTP/1.1 200 OK"
2026-06-05 04:59:57,474 - httpx - INFO - HTTP Request: POST https://api.telegram.org/bot8838756490:AAE1CAsIDfhrFN31LzqwCXZ-3Lu-3tXYN0Y/getUpdates "HTTP/1.1 200 OK"
2026-06-05 05:00:07,664 - httpx - INFO - HTTP Request: POST https://api.telegram.org/bot8838756490:AAE1CAsIDfhrFN31LzqwCXZ-3Lu-3tXYN0Y/getUpdates "HTTP/1.1 200 OK"
2026-06-05 05:00:17,854 - httpx - INFO - HTTP Request: POST https://api.telegram.org/bot8838756490:AAE1CAsIDfhrFN31LzqwCXZ-3Lu-3tXYN0Y/getUpdates "HTTP/1.1 200 OK"
2026-06-05 05:00:28,481 - httpx - INFO - HTTP Request: POST https://api.telegram.org/bot8838756490:AAE1CAsIDfhrFN31LzqwCXZ-3Lu-3tXYN0Y/getUpdates "HTTP/1.1 200 OK"
2026-06-06 18:47:11,203 - __main__ - INFO - Database initialized successfully
2026-06-06 18:47:16,109 - httpx - INFO - HTTP Request: POST https://api.telegram.org/bot8838756490:AAE1CAsIDfhrFN31LzqwCXZ-3Lu-3tXYN0Y/getMe "HTTP/1.1 200 OK"
2026-06-06 18:47:16,321 - httpx - INFO - HTTP Request: POST https://api.telegram.org/bot8838756490:AAE1CAsIDfhrFN31LzqwCXZ-3Lu-3tXYN0Y/deleteWebhook "HTTP/1.1 200 OK"
2026-06-06 18:47:16,325 - telegram.ext.Application - INFO - Application started
2026-06-06 18:47:19,156 - __main__ - INFO - Database initialized successfully
2026-06-06 18:47:20,692 - httpx - INFO - HTTP Request: POST https://api.telegram.org/bot8838756490:AAE1CAsIDfhrFN31LzqwCXZ-3Lu-3tXYN0Y/getMe "HTTP/1.1 200 OK"
2026-06-06 18:47:20,857 - httpx - INFO - HTTP Request: POST https://api.telegram.org/bot8838756490:AAE1CAsIDfhrFN31LzqwCXZ-3Lu-3tXYN0Y/deleteWebhook "HTTP/1.1 200 OK"
2026-06-06 18:47:20,860 - telegram.ext.Application - INFO - Application started
2026-06-06 18:47:21,339 - httpx - INFO - HTTP Request: POST https://api.telegram.org/bot8838756490:AAE1CAsIDfhrFN31LzqwCXZ-3Lu-3tXYN0Y/getUpdates "HTTP/1.1 409 Conflict"
2026-06-06 18:47:21,340 - telegram.ext.Application - ERROR - No error handlers are registered, logging exception.
Traceback (most recent call last):
  File "C:\Users\snrso\AppData\Local\Programs\Python\Python314\Lib\site-packages\telegram\ext\_utils\networkloop.py", line 161, in network_retry_loop
    await do_action()
  File "C:\Users\snrso\AppData\Local\Programs\Python\Python314\Lib\site-packages\telegram\ext\_utils\networkloop.py", line 154, in do_action
    action_cb_task.result()
    ~~~~~~~~~~~~~~~~~~~~~^^
  File "C:\Users\snrso\AppData\Local\Programs\Python\Python314\Lib\site-packages\telegram\ext\_updater.py", line 340, in polling_action_cb
    updates = await self.bot.get_updates(
              ^^^^^^^^^^^^^^^^^^^^^^^^^^^
    ...<3 lines>...
    )
    ^
  File "C:\Users\snrso\AppData\Local\Programs\Python\Python314\Lib\site-packages\telegram\ext\_extbot.py", line 672, in get_updates
    updates = await super().get_updates(
              ^^^^^^^^^^^^^^^^^^^^^^^^^^
    ...<9 lines>...
    )
    ^
  File "C:\Users\snrso\AppData\Local\Programs\Python\Python314\Lib\site-packages\telegram\_bot.py", line 4865, in get_updates
    await self._post(
    ^^^^^^^^^^^^^^^^^
    ...<7 lines>...
    ),
    ^
  File "C:\Users\snrso\AppData\Local\Programs\Python\Python314\Lib\site-packages\telegram\_bot.py", line 704, in _post
    return await self._do_post(
           ^^^^^^^^^^^^^^^^^^^^
    ...<6 lines>...
    )
    ^
  File "C:\Users\snrso\AppData\Local\Programs\Python\Python314\Lib\site-packages\telegram\ext\_extbot.py", line 370, in _do_post
    return await super()._do_post(
           ^^^^^^^^^^^^^^^^^^^^^^^
    ...<6 lines>...
    )
    ^
  File "C:\Users\snrso\AppData\Local\Programs\Python\Python314\Lib\site-packages\telegram\_bot.py", line 733, in _do_post
    result = await request.post(
             ^^^^^^^^^^^^^^^^^^^
    ...<6 lines>...
    )
    ^
  File "C:\Users\snrso\AppData\Local\Programs\Python\Python314\Lib\site-packages\telegram\request\_baserequest.py", line 198, in post
    result = await self._request_wrapper(
             ^^^^^^^^^^^^^^^^^^^^^^^^^^^^
    ...<7 lines>...
    )
    ^
  File "C:\Users\snrso\AppData\Local\Programs\Python\Python314\Lib\site-packages\telegram\request\_baserequest.py", line 375, in _request_wrapper
    raise exception
telegram.error.Conflict: Conflict: terminated by other getUpdates request; make sure that only one bot instance is running
2026-06-06 18:47:25,509 - httpx - INFO - HTTP Request: POST https://api.telegram.org/bot8838756490:AAE1CAsIDfhrFN31LzqwCXZ-3Lu-3tXYN0Y/getUpdates "HTTP/1.1 409 Conflict"
2026-06-06 18:47:25,510 - telegram.ext.Application - ERROR - No error handlers are registered, logging exception.
Traceback (most recent call last):
  File "C:\Users\snrso\AppData\Local\Programs\Python\Python314\Lib\site-packages\telegram\ext\_utils\networkloop.py", line 161, in network_retry_loop
    await do_action()
  File "C:\Users\snrso\AppData\Local\Programs\Python\Python314\Lib\site-packages\telegram\ext\_utils\networkloop.py", line 154, in do_action
    action_cb_task.result()
    ~~~~~~~~~~~~~~~~~~~~~^^
  File "C:\Users\snrso\AppData\Local\Programs\Python\Python314\Lib\site-packages\telegram\ext\_updater.py", line 340, in polling_action_cb
    updates = await self.bot.get_updates(
              ^^^^^^^^^^^^^^^^^^^^^^^^^^^
    ...<3 lines>...
    )
    ^
  File "C:\Users\snrso\AppData\Local\Programs\Python\Python314\Lib\site-packages\telegram\ext\_extbot.py", line 672, in get_updates
    updates = await super().get_updates(
              ^^^^^^^^^^^^^^^^^^^^^^^^^^
    ...<9 lines>...
    )
    ^
  File "C:\Users\snrso\AppData\Local\Programs\Python\Python314\Lib\site-packages\telegram\_bot.py", line 4865, in get_updates
    await self._post(
    ^^^^^^^^^^^^^^^^^
    ...<7 lines>...
    ),
    ^
  File "C:\Users\snrso\AppData\Local\Programs\Python\Python314\Lib\site-packages\telegram\_bot.py", line 704, in _post
    return await self._do_post(
           ^^^^^^^^^^^^^^^^^^^^
    ...<6 lines>...
    )
    ^
  File "C:\Users\snrso\AppData\Local\Programs\Python\Python314\Lib\site-packages\telegram\ext\_extbot.py", line 370, in _do_post
    return await super()._do_post(
           ^^^^^^^^^^^^^^^^^^^^^^^
    ...<6 lines>...
    )
    ^
  File "C:\Users\snrso\AppData\Local\Programs\Python\Python314\Lib\site-packages\telegram\_bot.py", line 733, in _do_post
    result = await request.post(
             ^^^^^^^^^^^^^^^^^^^
    ...<6 lines>...
    )
    ^
  File "C:\Users\snrso\AppData\Local\Programs\Python\Python314\Lib\site-packages\telegram\request\_baserequest.py", line 198, in post
    result = await self._request_wrapper(
             ^^^^^^^^^^^^^^^^^^^^^^^^^^^^
    ...<7 lines>...
    )
    ^
  File "C:\Users\snrso\AppData\Local\Programs\Python\Python314\Lib\site-packages\telegram\request\_baserequest.py", line 375, in _request_wrapper
    raise exception
telegram.error.Conflict: Conflict: terminated by other getUpdates request; make sure that only one bot instance is running
2026-06-06 18:47:26,687 - httpx - INFO - HTTP Request: POST https://api.telegram.org/bot8838756490:AAE1CAsIDfhrFN31LzqwCXZ-3Lu-3tXYN0Y/getUpdates "HTTP/1.1 409 Conflict"
2026-06-06 18:47:26,688 - telegram.ext.Application - ERROR - No error handlers are registered, logging exception.
Traceback (most recent call last):
  File "C:\Users\snrso\AppData\Local\Programs\Python\Python314\Lib\site-packages\telegram\ext\_utils\networkloop.py", line 161, in network_retry_loop
    await do_action()
  File "C:\Users\snrso\AppData\Local\Programs\Python\Python314\Lib\site-packages\telegram\ext\_utils\networkloop.py", line 154, in do_action
    action_cb_task.result()
    ~~~~~~~~~~~~~~~~~~~~~^^
  File "C:\Users\snrso\AppData\Local\Programs\Python\Python314\Lib\site-packages\telegram\ext\_updater.py", line 340, in polling_action_cb
    updates = await self.bot.get_updates(
              ^^^^^^^^^^^^^^^^^^^^^^^^^^^
    ...<3 lines>...
    )
    ^
  File "C:\Users\snrso\AppData\Local\Programs\Python\Python314\Lib\site-packages\telegram\ext\_extbot.py", line 672, in get_updates
    updates = await super().get_updates(
              ^^^^^^^^^^^^^^^^^^^^^^^^^^
    ...<9 lines>...
    )
    ^
  File "C:\Users\snrso\AppData\Local\Programs\Python\Python314\Lib\site-packages\telegram\_bot.py", line 4865, in get_updates
    await self._post(
    ^^^^^^^^^^^^^^^^^
    ...<7 lines>...
    ),
    ^
  File "C:\Users\snrso\AppData\Local\Programs\Python\Python314\Lib\site-packages\telegram\_bot.py", line 704, in _post
    return await self._do_post(
           ^^^^^^^^^^^^^^^^^^^^
    ...<6 lines>...
    )
    ^
  File "C:\Users\snrso\AppData\Local\Programs\Python\Python314\Lib\site-packages\telegram\ext\_extbot.py", line 370, in _do_post
    return await super()._do_post(
           ^^^^^^^^^^^^^^^^^^^^^^^
    ...<6 lines>...
    )
    ^
  File "C:\Users\snrso\AppData\Local\Programs\Python\Python314\Lib\site-packages\telegram\_bot.py", line 733, in _do_post
    result = await request.post(
             ^^^^^^^^^^^^^^^^^^^
    ...<6 lines>...
    )
    ^
  File "C:\Users\snrso\AppData\Local\Programs\Python\Python314\Lib\site-packages\telegram\request\_baserequest.py", line 198, in post
    result = await self._request_wrapper(
             ^^^^^^^^^^^^^^^^^^^^^^^^^^^^
    ...<7 lines>...
    )
    ^
  File "C:\Users\snrso\AppData\Local\Programs\Python\Python314\Lib\site-packages\telegram\request\_baserequest.py", line 375, in _request_wrapper
    raise exception
telegram.error.Conflict: Conflict: terminated by other getUpdates request; make sure that only one bot instance is running
2026-06-06 18:47:31,350 - httpx - INFO - HTTP Request: POST https://api.telegram.org/bot8838756490:AAE1CAsIDfhrFN31LzqwCXZ-3Lu-3tXYN0Y/getUpdates "HTTP/1.1 409 Conflict"
2026-06-06 18:47:31,351 - telegram.ext.Application - ERROR - No error handlers are registered, logging exception.
Traceback (most recent call last):
  File "C:\Users\snrso\AppData\Local\Programs\Python\Python314\Lib\site-packages\telegram\ext\_utils\networkloop.py", line 161, in network_retry_loop
    await do_action()
  File "C:\Users\snrso\AppData\Local\Programs\Python\Python314\Lib\site-packages\telegram\ext\_utils\networkloop.py", line 154, in do_action
    action_cb_task.result()
    ~~~~~~~~~~~~~~~~~~~~~^^
  File "C:\Users\snrso\AppData\Local\Programs\Python\Python314\Lib\site-packages\telegram\ext\_updater.py", line 340, in polling_action_cb
    updates = await self.bot.get_updates(
              ^^^^^^^^^^^^^^^^^^^^^^^^^^^
    ...<3 lines>...
    )
    ^
  File "C:\Users\snrso\AppData\Local\Programs\Python\Python314\Lib\site-packages\telegram\ext\_extbot.py", line 672, in get_updates
    updates = await super().get_updates(
              ^^^^^^^^^^^^^^^^^^^^^^^^^^
    ...<9 lines>...
    )
    ^
  File "C:\Users\snrso\AppData\Local\Programs\Python\Python314\Lib\site-packages\telegram\_bot.py", line 4865, in get_updates
    await self._post(
    ^^^^^^^^^^^^^^^^^
    ...<7 lines>...
    ),
    ^
  File "C:\Users\snrso\AppData\Local\Programs\Python\Python314\Lib\site-packages\telegram\_bot.py", line 704, in _post
    return await self._do_post(
           ^^^^^^^^^^^^^^^^^^^^
    ...<6 lines>...
    )
    ^
  File "C:\Users\snrso\AppData\Local\Programs\Python\Python314\Lib\site-packages\telegram\ext\_extbot.py", line 370, in _do_post
    return await super()._do_post(
           ^^^^^^^^^^^^^^^^^^^^^^^
    ...<6 lines>...
    )
    ^
  File "C:\Users\snrso\AppData\Local\Programs\Python\Python314\Lib\site-packages\telegram\_bot.py", line 733, in _do_post
    result = await request.post(
             ^^^^^^^^^^^^^^^^^^^
    ...<6 lines>...
    )
    ^
  File "C:\Users\snrso\AppData\Local\Programs\Python\Python314\Lib\site-packages\telegram\request\_baserequest.py", line 198, in post
    result = await self._request_wrapper(
             ^^^^^^^^^^^^^^^^^^^^^^^^^^^^
    ...<7 lines>...
    )
    ^
  File "C:\Users\snrso\AppData\Local\Programs\Python\Python314\Lib\site-packages\telegram\request\_baserequest.py", line 375, in _request_wrapper
    raise exception
telegram.error.Conflict: Conflict: terminated by other getUpdates request; make sure that only one bot instance is running
2026-06-06 18:47:33,014 - httpx - INFO - HTTP Request: POST https://api.telegram.org/bot8838756490:AAE1CAsIDfhrFN31LzqwCXZ-3Lu-3tXYN0Y/getUpdates "HTTP/1.1 409 Conflict"
2026-06-06 18:47:33,015 - telegram.ext.Application - ERROR - No error handlers are registered, logging exception.
Traceback (most recent call last):
  File "C:\Users\snrso\AppData\Local\Programs\Python\Python314\Lib\site-packages\telegram\ext\_utils\networkloop.py", line 161, in network_retry_loop
    await do_action()
  File "C:\Users\snrso\AppData\Local\Programs\Python\Python314\Lib\site-packages\telegram\ext\_utils\networkloop.py", line 154, in do_action
    action_cb_task.result()
    ~~~~~~~~~~~~~~~~~~~~~^^
  File "C:\Users\snrso\AppData\Local\Programs\Python\Python314\Lib\site-packages\telegram\ext\_updater.py", line 340, in polling_action_cb
    updates = await self.bot.get_updates(
              ^^^^^^^^^^^^^^^^^^^^^^^^^^^
    ...<3 lines>...
    )
    ^
  File "C:\Users\snrso\AppData\Local\Programs\Python\Python314\Lib\site-packages\telegram\ext\_extbot.py", line 672, in get_updates
    updates = await super().get_updates(
              ^^^^^^^^^^^^^^^^^^^^^^^^^^
    ...<9 lines>...
    )
    ^
  File "C:\Users\snrso\AppData\Local\Programs\Python\Python314\Lib\site-packages\telegram\_bot.py", line 4865, in get_updates
    await self._post(
    ^^^^^^^^^^^^^^^^^
    ...<7 lines>...
    ),
    ^
  File "C:\Users\snrso\AppData\Local\Programs\Python\Python314\Lib\site-packages\telegram\_bot.py", line 704, in _post
    return await self._do_post(
           ^^^^^^^^^^^^^^^^^^^^
    ...<6 lines>...
    )
    ^
  File "C:\Users\snrso\AppData\Local\Programs\Python\Python314\Lib\site-packages\telegram\ext\_extbot.py", line 370, in _do_post
    return await super()._do_post(
           ^^^^^^^^^^^^^^^^^^^^^^^
    ...<6 lines>...
    )
    ^
  File "C:\Users\snrso\AppData\Local\Programs\Python\Python314\Lib\site-packages\telegram\_bot.py", line 733, in _do_post
    result = await request.post(
             ^^^^^^^^^^^^^^^^^^^
    ...<6 lines>...
    )
    ^
  File "C:\Users\snrso\AppData\Local\Programs\Python\Python314\Lib\site-packages\telegram\request\_baserequest.py", line 198, in post
    result = await self._request_wrapper(
             ^^^^^^^^^^^^^^^^^^^^^^^^^^^^
    ...<7 lines>...
    )
    ^
  File "C:\Users\snrso\AppData\Local\Programs\Python\Python314\Lib\site-packages\telegram\request\_baserequest.py", line 375, in _request_wrapper
    raise exception
telegram.error.Conflict: Conflict: terminated by other getUpdates request; make sure that only one bot instance is running
2026-06-06 18:47:38,439 - httpx - INFO - HTTP Request: POST https://api.telegram.org/bot8838756490:AAE1CAsIDfhrFN31LzqwCXZ-3Lu-3tXYN0Y/getUpdates "HTTP/1.1 409 Conflict"
2026-06-06 18:47:38,441 - telegram.ext.Application - ERROR - No error handlers are registered, logging exception.
Traceback (most recent call last):
  File "C:\Users\snrso\AppData\Local\Programs\Python\Python314\Lib\site-packages\telegram\ext\_utils\networkloop.py", line 161, in network_retry_loop
    await do_action()
  File "C:\Users\snrso\AppData\Local\Programs\Python\Python314\Lib\site-packages\telegram\ext\_utils\networkloop.py", line 154, in do_action
    action_cb_task.result()
    ~~~~~~~~~~~~~~~~~~~~~^^
  File "C:\Users\snrso\AppData\Local\Programs\Python\Python314\Lib\site-packages\telegram\ext\_updater.py", line 340, in polling_action_cb
    updates = await self.bot.get_updates(
              ^^^^^^^^^^^^^^^^^^^^^^^^^^^
    ...<3 lines>...
    )
    ^
  File "C:\Users\snrso\AppData\Local\Programs\Python\Python314\Lib\site-packages\telegram\ext\_extbot.py", line 672, in get_updates
    updates = await super().get_updates(
              ^^^^^^^^^^^^^^^^^^^^^^^^^^
    ...<9 lines>...
    )
    ^
  File "C:\Users\snrso\AppData\Local\Programs\Python\Python314\Lib\site-packages\telegram\_bot.py", line 4865, in get_updates
    await self._post(
    ^^^^^^^^^^^^^^^^^
    ...<7 lines>...
    ),
    ^
  File "C:\Users\snrso\AppData\Local\Programs\Python\Python314\Lib\site-packages\telegram\_bot.py", line 704, in _post
    return await self._do_post(
           ^^^^^^^^^^^^^^^^^^^^
    ...<6 lines>...
    )
    ^
  File "C:\Users\snrso\AppData\Local\Programs\Python\Python314\Lib\site-packages\telegram\ext\_extbot.py", line 370, in _do_post
    return await super()._do_post(
           ^^^^^^^^^^^^^^^^^^^^^^^
    ...<6 lines>...
    )
    ^
  File "C:\Users\snrso\AppData\Local\Programs\Python\Python314\Lib\site-packages\telegram\_bot.py", line 733, in _do_post
    result = await request.post(
             ^^^^^^^^^^^^^^^^^^^
    ...<6 lines>...
    )
    ^
  File "C:\Users\snrso\AppData\Local\Programs\Python\Python314\Lib\site-packages\telegram\request\_baserequest.py", line 198, in post
    result = await self._request_wrapper(
             ^^^^^^^^^^^^^^^^^^^^^^^^^^^^
    ...<7 lines>...
    )
    ^
  File "C:\Users\snrso\AppData\Local\Programs\Python\Python314\Lib\site-packages\telegram\request\_baserequest.py", line 375, in _request_wrapper
    raise exception
telegram.error.Conflict: Conflict: terminated by other getUpdates request; make sure that only one bot instance is running
2026-06-06 18:47:40,847 - httpx - INFO - HTTP Request: POST https://api.telegram.org/bot8838756490:AAE1CAsIDfhrFN31LzqwCXZ-3Lu-3tXYN0Y/getUpdates "HTTP/1.1 409 Conflict"
2026-06-06 18:47:40,848 - telegram.ext.Application - ERROR - No error handlers are registered, logging exception.
Traceback (most recent call last):
  File "C:\Users\snrso\AppData\Local\Programs\Python\Python314\Lib\site-packages\telegram\ext\_utils\networkloop.py", line 161, in network_retry_loop
    await do_action()
  File "C:\Users\snrso\AppData\Local\Programs\Python\Python314\Lib\site-packages\telegram\ext\_utils\networkloop.py", line 154, in do_action
    action_cb_task.result()
    ~~~~~~~~~~~~~~~~~~~~~^^
  File "C:\Users\snrso\AppData\Local\Programs\Python\Python314\Lib\site-packages\telegram\ext\_updater.py", line 340, in polling_action_cb
    updates = await self.bot.get_updates(
              ^^^^^^^^^^^^^^^^^^^^^^^^^^^
    ...<3 lines>...
    )
    ^
  File "C:\Users\snrso\AppData\Local\Programs\Python\Python314\Lib\site-packages\telegram\ext\_extbot.py", line 672, in get_updates
    updates = await super().get_updates(
              ^^^^^^^^^^^^^^^^^^^^^^^^^^
    ...<9 lines>...
    )
    ^
  File "C:\Users\snrso\AppData\Local\Programs\Python\Python314\Lib\site-packages\telegram\_bot.py", line 4865, in get_updates
    await self._post(
    ^^^^^^^^^^^^^^^^^
    ...<7 lines>...
    ),
    ^
  File "C:\Users\snrso\AppData\Local\Programs\Python\Python314\Lib\site-packages\telegram\_bot.py", line 704, in _post
    return await self._do_post(
           ^^^^^^^^^^^^^^^^^^^^
    ...<6 lines>...
    )
    ^
  File "C:\Users\snrso\AppData\Local\Programs\Python\Python314\Lib\site-packages\telegram\ext\_extbot.py", line 370, in _do_post
    return await super()._do_post(
           ^^^^^^^^^^^^^^^^^^^^^^^
    ...<6 lines>...
    )
    ^
  File "C:\Users\snrso\AppData\Local\Programs\Python\Python314\Lib\site-packages\telegram\_bot.py", line 733, in _do_post
    result = await request.post(
             ^^^^^^^^^^^^^^^^^^^
    ...<6 lines>...
    )
    ^
  File "C:\Users\snrso\AppData\Local\Programs\Python\Python314\Lib\site-packages\telegram\request\_baserequest.py", line 198, in post
    result = await self._request_wrapper(
             ^^^^^^^^^^^^^^^^^^^^^^^^^^^^
    ...<7 lines>...
    )
    ^
  File "C:\Users\snrso\AppData\Local\Programs\Python\Python314\Lib\site-packages\telegram\request\_baserequest.py", line 375, in _request_wrapper
    raise exception
telegram.error.Conflict: Conflict: terminated by other getUpdates request; make sure that only one bot instance is running
2026-06-06 18:47:44,387 - httpx - INFO - HTTP Request: POST https://api.telegram.org/bot8838756490:AAE1CAsIDfhrFN31LzqwCXZ-3Lu-3tXYN0Y/getUpdates "HTTP/1.1 409 Conflict"
2026-06-06 18:47:44,388 - telegram.ext.Application - ERROR - No error handlers are registered, logging exception.
Traceback (most recent call last):
  File "C:\Users\snrso\AppData\Local\Programs\Python\Python314\Lib\site-packages\telegram\ext\_utils\networkloop.py", line 161, in network_retry_loop
    await do_action()
  File "C:\Users\snrso\AppData\Local\Programs\Python\Python314\Lib\site-packages\telegram\ext\_utils\networkloop.py", line 154, in do_action
    action_cb_task.result()
    ~~~~~~~~~~~~~~~~~~~~~^^
  File "C:\Users\snrso\AppData\Local\Programs\Python\Python314\Lib\site-packages\telegram\ext\_updater.py", line 340, in polling_action_cb
    updates = await self.bot.get_updates(
              ^^^^^^^^^^^^^^^^^^^^^^^^^^^
    ...<3 lines>...
    )
    ^
  File "C:\Users\snrso\AppData\Local\Programs\Python\Python314\Lib\site-packages\telegram\ext\_extbot.py", line 672, in get_updates
    updates = await super().get_updates(
              ^^^^^^^^^^^^^^^^^^^^^^^^^^
    ...<9 lines>...
    )
    ^
  File "C:\Users\snrso\AppData\Local\Programs\Python\Python314\Lib\site-packages\telegram\_bot.py", line 4865, in get_updates
    await self._post(
    ^^^^^^^^^^^^^^^^^
    ...<7 lines>...
    ),
    ^
  File "C:\Users\snrso\AppData\Local\Programs\Python\Python314\Lib\site-packages\telegram\_bot.py", line 704, in _post
    return await self._do_post(
           ^^^^^^^^^^^^^^^^^^^^
    ...<6 lines>...
    )
    ^
  File "C:\Users\snrso\AppData\Local\Programs\Python\Python314\Lib\site-packages\telegram\ext\_extbot.py", line 370, in _do_post
    return await super()._do_post(
           ^^^^^^^^^^^^^^^^^^^^^^^
    ...<6 lines>...
    )
    ^
  File "C:\Users\snrso\AppData\Local\Programs\Python\Python314\Lib\site-packages\telegram\_bot.py", line 733, in _do_post
    result = await request.post(
             ^^^^^^^^^^^^^^^^^^^
    ...<6 lines>...
    )
    ^
  File "C:\Users\snrso\AppData\Local\Programs\Python\Python314\Lib\site-packages\telegram\request\_baserequest.py", line 198, in post
    result = await self._request_wrapper(
             ^^^^^^^^^^^^^^^^^^^^^^^^^^^^
    ...<7 lines>...
    )
    ^
  File "C:\Users\snrso\AppData\Local\Programs\Python\Python314\Lib\site-packages\telegram\request\_baserequest.py", line 375, in _request_wrapper
    raise exception
telegram.error.Conflict: Conflict: terminated by other getUpdates request; make sure that only one bot instance is running
2026-06-06 18:47:47,939 - httpx - INFO - HTTP Request: POST https://api.telegram.org/bot8838756490:AAE1CAsIDfhrFN31LzqwCXZ-3Lu-3tXYN0Y/getUpdates "HTTP/1.1 409 Conflict"
2026-06-06 18:47:47,941 - telegram.ext.Application - ERROR - No error handlers are registered, logging exception.
Traceback (most recent call last):
  File "C:\Users\snrso\AppData\Local\Programs\Python\Python314\Lib\site-packages\telegram\ext\_utils\networkloop.py", line 161, in network_retry_loop
    await do_action()
  File "C:\Users\snrso\AppData\Local\Programs\Python\Python314\Lib\site-packages\telegram\ext\_utils\networkloop.py", line 154, in do_action
    action_cb_task.result()
    ~~~~~~~~~~~~~~~~~~~~~^^
  File "C:\Users\snrso\AppData\Local\Programs\Python\Python314\Lib\site-packages\telegram\ext\_updater.py", line 340, in polling_action_cb
    updates = await self.bot.get_updates(
              ^^^^^^^^^^^^^^^^^^^^^^^^^^^
    ...<3 lines>...
    )
    ^
  File "C:\Users\snrso\AppData\Local\Programs\Python\Python314\Lib\site-packages\telegram\ext\_extbot.py", line 672, in get_updates
    updates = await super().get_updates(
              ^^^^^^^^^^^^^^^^^^^^^^^^^^
    ...<9 lines>...
    )
    ^
  File "C:\Users\snrso\AppData\Local\Programs\Python\Python314\Lib\site-packages\telegram\_bot.py", line 4865, in get_updates
    await self._post(
    ^^^^^^^^^^^^^^^^^
    ...<7 lines>...
    ),
    ^
  File "C:\Users\snrso\AppData\Local\Programs\Python\Python314\Lib\site-packages\telegram\_bot.py", line 704, in _post
    return await self._do_post(
           ^^^^^^^^^^^^^^^^^^^^
    ...<6 lines>...
    )
    ^
  File "C:\Users\snrso\AppData\Local\Programs\Python\Python314\Lib\site-packages\telegram\ext\_extbot.py", line 370, in _do_post
    return await super()._do_post(
           ^^^^^^^^^^^^^^^^^^^^^^^
    ...<6 lines>...
    )
    ^
  File "C:\Users\snrso\AppData\Local\Programs\Python\Python314\Lib\site-packages\telegram\_bot.py", line 733, in _do_post
    result = await request.post(
             ^^^^^^^^^^^^^^^^^^^
    ...<6 lines>...
    )
    ^
  File "C:\Users\snrso\AppData\Local\Programs\Python\Python314\Lib\site-packages\telegram\request\_baserequest.py", line 198, in post
    result = await self._request_wrapper(
             ^^^^^^^^^^^^^^^^^^^^^^^^^^^^
    ...<7 lines>...
    )
    ^
  File "C:\Users\snrso\AppData\Local\Programs\Python\Python314\Lib\site-packages\telegram\request\_baserequest.py", line 375, in _request_wrapper
    raise exception
telegram.error.Conflict: Conflict: terminated by other getUpdates request; make sure that only one bot instance is running
2026-06-06 18:47:53,512 - httpx - INFO - HTTP Request: POST https://api.telegram.org/bot8838756490:AAE1CAsIDfhrFN31LzqwCXZ-3Lu-3tXYN0Y/getUpdates "HTTP/1.1 409 Conflict"
2026-06-06 18:47:53,513 - telegram.ext.Application - ERROR - No error handlers are registered, logging exception.
Traceback (most recent call last):
  File "C:\Users\snrso\AppData\Local\Programs\Python\Python314\Lib\site-packages\telegram\ext\_utils\networkloop.py", line 161, in network_retry_loop
    await do_action()
  File "C:\Users\snrso\AppData\Local\Programs\Python\Python314\Lib\site-packages\telegram\ext\_utils\networkloop.py", line 154, in do_action
    action_cb_task.result()
    ~~~~~~~~~~~~~~~~~~~~~^^
  File "C:\Users\snrso\AppData\Local\Programs\Python\Python314\Lib\site-packages\telegram\ext\_updater.py", line 340, in polling_action_cb
    updates = await self.bot.get_updates(
              ^^^^^^^^^^^^^^^^^^^^^^^^^^^
    ...<3 lines>...
    )
    ^
  File "C:\Users\snrso\AppData\Local\Programs\Python\Python314\Lib\site-packages\telegram\ext\_extbot.py", line 672, in get_updates
    updates = await super().get_updates(
              ^^^^^^^^^^^^^^^^^^^^^^^^^^
    ...<9 lines>...
    )
    ^
  File "C:\Users\snrso\AppData\Local\Programs\Python\Python314\Lib\site-packages\telegram\_bot.py", line 4865, in get_updates
    await self._post(
    ^^^^^^^^^^^^^^^^^
    ...<7 lines>...
    ),
    ^
  File "C:\Users\snrso\AppData\Local\Programs\Python\Python314\Lib\site-packages\telegram\_bot.py", line 704, in _post
    return await self._do_post(
           ^^^^^^^^^^^^^^^^^^^^
    ...<6 lines>...
    )
    ^
  File "C:\Users\snrso\AppData\Local\Programs\Python\Python314\Lib\site-packages\telegram\ext\_extbot.py", line 370, in _do_post
    return await super()._do_post(
           ^^^^^^^^^^^^^^^^^^^^^^^
    ...<6 lines>...
    )
    ^
  File "C:\Users\snrso\AppData\Local\Programs\Python\Python314\Lib\site-packages\telegram\_bot.py", line 733, in _do_post
    result = await request.post(
             ^^^^^^^^^^^^^^^^^^^
    ...<6 lines>...
    )
    ^
  File "C:\Users\snrso\AppData\Local\Programs\Python\Python314\Lib\site-packages\telegram\request\_baserequest.py", line 198, in post
    result = await self._request_wrapper(
             ^^^^^^^^^^^^^^^^^^^^^^^^^^^^
    ...<7 lines>...
    )
    ^
  File "C:\Users\snrso\AppData\Local\Programs\Python\Python314\Lib\site-packages\telegram\request\_baserequest.py", line 375, in _request_wrapper
    raise exception
telegram.error.Conflict: Conflict: terminated by other getUpdates request; make sure that only one bot instance is running
2026-06-06 18:47:59,107 - httpx - INFO - HTTP Request: POST https://api.telegram.org/bot8838756490:AAE1CAsIDfhrFN31LzqwCXZ-3Lu-3tXYN0Y/getUpdates "HTTP/1.1 409 Conflict"
2026-06-06 18:47:59,108 - telegram.ext.Application - ERROR - No error handlers are registered, logging exception.
Traceback (most recent call last):
  File "C:\Users\snrso\AppData\Local\Programs\Python\Python314\Lib\site-packages\telegram\ext\_utils\networkloop.py", line 161, in network_retry_loop
    await do_action()
  File "C:\Users\snrso\AppData\Local\Programs\Python\Python314\Lib\site-packages\telegram\ext\_utils\networkloop.py", line 154, in do_action
    action_cb_task.result()
    ~~~~~~~~~~~~~~~~~~~~~^^
  File "C:\Users\snrso\AppData\Local\Programs\Python\Python314\Lib\site-packages\telegram\ext\_updater.py", line 340, in polling_action_cb
    updates = await self.bot.get_updates(
              ^^^^^^^^^^^^^^^^^^^^^^^^^^^
    ...<3 lines>...
    )
    ^
  File "C:\Users\snrso\AppData\Local\Programs\Python\Python314\Lib\site-packages\telegram\ext\_extbot.py", line 672, in get_updates
    updates = await super().get_updates(
              ^^^^^^^^^^^^^^^^^^^^^^^^^^
    ...<9 lines>...
    )
    ^
  File "C:\Users\snrso\AppData\Local\Programs\Python\Python314\Lib\site-packages\telegram\_bot.py", line 4865, in get_updates
    await self._post(
    ^^^^^^^^^^^^^^^^^
    ...<7 lines>...
    ),
    ^
  File "C:\Users\snrso\AppData\Local\Programs\Python\Python314\Lib\site-packages\telegram\_bot.py", line 704, in _post
    return await self._do_post(
           ^^^^^^^^^^^^^^^^^^^^
    ...<6 lines>...
    )
    ^
  File "C:\Users\snrso\AppData\Local\Programs\Python\Python314\Lib\site-packages\telegram\ext\_extbot.py", line 370, in _do_post
    return await super()._do_post(
           ^^^^^^^^^^^^^^^^^^^^^^^
    ...<6 lines>...
    )
    ^
  File "C:\Users\snrso\AppData\Local\Programs\Python\Python314\Lib\site-packages\telegram\_bot.py", line 733, in _do_post
    result = await request.post(
             ^^^^^^^^^^^^^^^^^^^
    ...<6 lines>...
    )
    ^
  File "C:\Users\snrso\AppData\Local\Programs\Python\Python314\Lib\site-packages\telegram\request\_baserequest.py", line 198, in post
    result = await self._request_wrapper(
             ^^^^^^^^^^^^^^^^^^^^^^^^^^^^
    ...<7 lines>...
    )
    ^
  File "C:\Users\snrso\AppData\Local\Programs\Python\Python314\Lib\site-packages\telegram\request\_baserequest.py", line 375, in _request_wrapper
    raise exception
telegram.error.Conflict: Conflict: terminated by other getUpdates request; make sure that only one bot instance is running
2026-06-06 18:48:07,205 - httpx - INFO - HTTP Request: POST https://api.telegram.org/bot8838756490:AAE1CAsIDfhrFN31LzqwCXZ-3Lu-3tXYN0Y/getUpdates "HTTP/1.1 409 Conflict"
2026-06-06 18:48:07,206 - telegram.ext.Application - ERROR - No error handlers are registered, logging exception.
Traceback (most recent call last):
  File "C:\Users\snrso\AppData\Local\Programs\Python\Python314\Lib\site-packages\telegram\ext\_utils\networkloop.py", line 161, in network_retry_loop
    await do_action()
  File "C:\Users\snrso\AppData\Local\Programs\Python\Python314\Lib\site-packages\telegram\ext\_utils\networkloop.py", line 154, in do_action
    action_cb_task.result()
    ~~~~~~~~~~~~~~~~~~~~~^^
  File "C:\Users\snrso\AppData\Local\Programs\Python\Python314\Lib\site-packages\telegram\ext\_updater.py", line 340, in polling_action_cb
    updates = await self.bot.get_updates(
              ^^^^^^^^^^^^^^^^^^^^^^^^^^^
    ...<3 lines>...
    )
    ^
  File "C:\Users\snrso\AppData\Local\Programs\Python\Python314\Lib\site-packages\telegram\ext\_extbot.py", line 672, in get_updates
    updates = await super().get_updates(
              ^^^^^^^^^^^^^^^^^^^^^^^^^^
    ...<9 lines>...
    )
    ^
  File "C:\Users\snrso\AppData\Local\Programs\Python\Python314\Lib\site-packages\telegram\_bot.py", line 4865, in get_updates
    await self._post(
    ^^^^^^^^^^^^^^^^^
    ...<7 lines>...
    ),
    ^
  File "C:\Users\snrso\AppData\Local\Programs\Python\Python314\Lib\site-packages\telegram\_bot.py", line 704, in _post
    return await self._do_post(
           ^^^^^^^^^^^^^^^^^^^^
    ...<6 lines>...
    )
    ^
  File "C:\Users\snrso\AppData\Local\Programs\Python\Python314\Lib\site-packages\telegram\ext\_extbot.py", line 370, in _do_post
    return await super()._do_post(
           ^^^^^^^^^^^^^^^^^^^^^^^
    ...<6 lines>...
    )
    ^
  File "C:\Users\snrso\AppData\Local\Programs\Python\Python314\Lib\site-packages\telegram\_bot.py", line 733, in _do_post
    result = await request.post(
             ^^^^^^^^^^^^^^^^^^^
    ...<6 lines>...
    )
    ^
  File "C:\Users\snrso\AppData\Local\Programs\Python\Python314\Lib\site-packages\telegram\request\_baserequest.py", line 198, in post
    result = await self._request_wrapper(
             ^^^^^^^^^^^^^^^^^^^^^^^^^^^^
    ...<7 lines>...
    )
    ^
  File "C:\Users\snrso\AppData\Local\Programs\Python\Python314\Lib\site-packages\telegram\request\_baserequest.py", line 375, in _request_wrapper
    raise exception
telegram.error.Conflict: Conflict: terminated by other getUpdates request; make sure that only one bot instance is running
2026-06-06 18:48:15,327 - httpx - INFO - HTTP Request: POST https://api.telegram.org/bot8838756490:AAE1CAsIDfhrFN31LzqwCXZ-3Lu-3tXYN0Y/getUpdates "HTTP/1.1 409 Conflict"
2026-06-06 18:48:15,327 - telegram.ext.Application - ERROR - No error handlers are registered, logging exception.
Traceback (most recent call last):
  File "C:\Users\snrso\AppData\Local\Programs\Python\Python314\Lib\site-packages\telegram\ext\_utils\networkloop.py", line 161, in network_retry_loop
    await do_action()
  File "C:\Users\snrso\AppData\Local\Programs\Python\Python314\Lib\site-packages\telegram\ext\_utils\networkloop.py", line 154, in do_action
    action_cb_task.result()
    ~~~~~~~~~~~~~~~~~~~~~^^
  File "C:\Users\snrso\AppData\Local\Programs\Python\Python314\Lib\site-packages\telegram\ext\_updater.py", line 340, in polling_action_cb
    updates = await self.bot.get_updates(
              ^^^^^^^^^^^^^^^^^^^^^^^^^^^
    ...<3 lines>...
    )
    ^
  File "C:\Users\snrso\AppData\Local\Programs\Python\Python314\Lib\site-packages\telegram\ext\_extbot.py", line 672, in get_updates
    updates = await super().get_updates(
              ^^^^^^^^^^^^^^^^^^^^^^^^^^
    ...<9 lines>...
    )
    ^
  File "C:\Users\snrso\AppData\Local\Programs\Python\Python314\Lib\site-packages\telegram\_bot.py", line 4865, in get_updates
    await self._post(
    ^^^^^^^^^^^^^^^^^
    ...<7 lines>...
    ),
    ^
  File "C:\Users\snrso\AppData\Local\Programs\Python\Python314\Lib\site-packages\telegram\_bot.py", line 704, in _post
    return await self._do_post(
           ^^^^^^^^^^^^^^^^^^^^
    ...<6 lines>...
    )
    ^
  File "C:\Users\snrso\AppData\Local\Programs\Python\Python314\Lib\site-packages\telegram\ext\_extbot.py", line 370, in _do_post
    return await super()._do_post(
           ^^^^^^^^^^^^^^^^^^^^^^^
    ...<6 lines>...
    )
    ^
  File "C:\Users\snrso\AppData\Local\Programs\Python\Python314\Lib\site-packages\telegram\_bot.py", line 733, in _do_post
    result = await request.post(
             ^^^^^^^^^^^^^^^^^^^
    ...<6 lines>...
    )
    ^
  File "C:\Users\snrso\AppData\Local\Programs\Python\Python314\Lib\site-packages\telegram\request\_baserequest.py", line 198, in post
    result = await self._request_wrapper(
             ^^^^^^^^^^^^^^^^^^^^^^^^^^^^
    ...<7 lines>...
    )
    ^
  File "C:\Users\snrso\AppData\Local\Programs\Python\Python314\Lib\site-packages\telegram\request\_baserequest.py", line 375, in _request_wrapper
    raise exception
telegram.error.Conflict: Conflict: terminated by other getUpdates request; make sure that only one bot instance is running
2026-06-06 18:48:25,334 - httpx - INFO - HTTP Request: POST https://api.telegram.org/bot8838756490:AAE1CAsIDfhrFN31LzqwCXZ-3Lu-3tXYN0Y/getUpdates "HTTP/1.1 200 OK"
2026-06-06 18:48:27,227 - httpx - INFO - HTTP Request: POST https://api.telegram.org/bot8838756490:AAE1CAsIDfhrFN31LzqwCXZ-3Lu-3tXYN0Y/getUpdates "HTTP/1.1 409 Conflict"
2026-06-06 18:48:27,228 - telegram.ext.Application - ERROR - No error handlers are registered, logging exception.
Traceback (most recent call last):
  File "C:\Users\snrso\AppData\Local\Programs\Python\Python314\Lib\site-packages\telegram\ext\_utils\networkloop.py", line 161, in network_retry_loop
    await do_action()
  File "C:\Users\snrso\AppData\Local\Programs\Python\Python314\Lib\site-packages\telegram\ext\_utils\networkloop.py", line 154, in do_action
    action_cb_task.result()
    ~~~~~~~~~~~~~~~~~~~~~^^
  File "C:\Users\snrso\AppData\Local\Programs\Python\Python314\Lib\site-packages\telegram\ext\_updater.py", line 340, in polling_action_cb
    updates = await self.bot.get_updates(
              ^^^^^^^^^^^^^^^^^^^^^^^^^^^
    ...<3 lines>...
    )
    ^
  File "C:\Users\snrso\AppData\Local\Programs\Python\Python314\Lib\site-packages\telegram\ext\_extbot.py", line 672, in get_updates
    updates = await super().get_updates(
              ^^^^^^^^^^^^^^^^^^^^^^^^^^
    ...<9 lines>...
    )
    ^
  File "C:\Users\snrso\AppData\Local\Programs\Python\Python314\Lib\site-packages\telegram\_bot.py", line 4865, in get_updates
    await self._post(
    ^^^^^^^^^^^^^^^^^
    ...<7 lines>...
    ),
    ^
  File "C:\Users\snrso\AppData\Local\Programs\Python\Python314\Lib\site-packages\telegram\_bot.py", line 704, in _post
    return await self._do_post(
           ^^^^^^^^^^^^^^^^^^^^
    ...<6 lines>...
    )
    ^
  File "C:\Users\snrso\AppData\Local\Programs\Python\Python314\Lib\site-packages\telegram\ext\_extbot.py", line 370, in _do_post
    return await super()._do_post(
           ^^^^^^^^^^^^^^^^^^^^^^^
    ...<6 lines>...
    )
    ^
  File "C:\Users\snrso\AppData\Local\Programs\Python\Python314\Lib\site-packages\telegram\_bot.py", line 733, in _do_post
    result = await request.post(
             ^^^^^^^^^^^^^^^^^^^
    ...<6 lines>...
    )
    ^
  File "C:\Users\snrso\AppData\Local\Programs\Python\Python314\Lib\site-packages\telegram\request\_baserequest.py", line 198, in post
    result = await self._request_wrapper(
             ^^^^^^^^^^^^^^^^^^^^^^^^^^^^
    ...<7 lines>...
    )
    ^
  File "C:\Users\snrso\AppData\Local\Programs\Python\Python314\Lib\site-packages\telegram\request\_baserequest.py", line 375, in _request_wrapper
    raise exception
telegram.error.Conflict: Conflict: terminated by other getUpdates request; make sure that only one bot instance is running
2026-06-06 18:48:31,414 - httpx - INFO - HTTP Request: POST https://api.telegram.org/bot8838756490:AAE1CAsIDfhrFN31LzqwCXZ-3Lu-3tXYN0Y/getUpdates "HTTP/1.1 409 Conflict"
2026-06-06 18:48:31,415 - telegram.ext.Application - ERROR - No error handlers are registered, logging exception.
Traceback (most recent call last):
  File "C:\Users\snrso\AppData\Local\Programs\Python\Python314\Lib\site-packages\telegram\ext\_utils\networkloop.py", line 161, in network_retry_loop
    await do_action()
  File "C:\Users\snrso\AppData\Local\Programs\Python\Python314\Lib\site-packages\telegram\ext\_utils\networkloop.py", line 154, in do_action
    action_cb_task.result()
    ~~~~~~~~~~~~~~~~~~~~~^^
  File "C:\Users\snrso\AppData\Local\Programs\Python\Python314\Lib\site-packages\telegram\ext\_updater.py", line 340, in polling_action_cb
    updates = await self.bot.get_updates(
              ^^^^^^^^^^^^^^^^^^^^^^^^^^^
    ...<3 lines>...
    )
    ^
  File "C:\Users\snrso\AppData\Local\Programs\Python\Python314\Lib\site-packages\telegram\ext\_extbot.py", line 672, in get_updates
    updates = await super().get_updates(
              ^^^^^^^^^^^^^^^^^^^^^^^^^^
    ...<9 lines>...
    )
    ^
  File "C:\Users\snrso\AppData\Local\Programs\Python\Python314\Lib\site-packages\telegram\_bot.py", line 4865, in get_updates
    await self._post(
    ^^^^^^^^^^^^^^^^^
    ...<7 lines>...
    ),
    ^
  File "C:\Users\snrso\AppData\Local\Programs\Python\Python314\Lib\site-packages\telegram\_bot.py", line 704, in _post
    return await self._do_post(
           ^^^^^^^^^^^^^^^^^^^^
    ...<6 lines>...
    )
    ^
  File "C:\Users\snrso\AppData\Local\Programs\Python\Python314\Lib\site-packages\telegram\ext\_extbot.py", line 370, in _do_post
    return await super()._do_post(
           ^^^^^^^^^^^^^^^^^^^^^^^
    ...<6 lines>...
    )
    ^
  File "C:\Users\snrso\AppData\Local\Programs\Python\Python314\Lib\site-packages\telegram\_bot.py", line 733, in _do_post
    result = await request.post(
             ^^^^^^^^^^^^^^^^^^^
    ...<6 lines>...
    )
    ^
  File "C:\Users\snrso\AppData\Local\Programs\Python\Python314\Lib\site-packages\telegram\request\_baserequest.py", line 198, in post
    result = await self._request_wrapper(
             ^^^^^^^^^^^^^^^^^^^^^^^^^^^^
    ...<7 lines>...
    )
    ^
  File "C:\Users\snrso\AppData\Local\Programs\Python\Python314\Lib\site-packages\telegram\request\_baserequest.py", line 375, in _request_wrapper
    raise exception
telegram.error.Conflict: Conflict: terminated by other getUpdates request; make sure that only one bot instance is running
2026-06-06 18:48:38,415 - httpx - INFO - HTTP Request: POST https://api.telegram.org/bot8838756490:AAE1CAsIDfhrFN31LzqwCXZ-3Lu-3tXYN0Y/getUpdates "HTTP/1.1 200 OK"
2026-06-06 18:48:48,580 - httpx - INFO - HTTP Request: POST https://api.telegram.org/bot8838756490:AAE1CAsIDfhrFN31LzqwCXZ-3Lu-3tXYN0Y/getUpdates "HTTP/1.1 200 OK"
2026-06-06 18:48:49,042 - httpx - INFO - HTTP Request: POST https://api.telegram.org/bot8838756490:AAE1CAsIDfhrFN31LzqwCXZ-3Lu-3tXYN0Y/getUpdates "HTTP/1.1 409 Conflict"
2026-06-06 18:48:49,044 - telegram.ext.Application - ERROR - No error handlers are registered, logging exception.
Traceback (most recent call last):
  File "C:\Users\snrso\AppData\Local\Programs\Python\Python314\Lib\site-packages\telegram\ext\_utils\networkloop.py", line 161, in network_retry_loop
    await do_action()
  File "C:\Users\snrso\AppData\Local\Programs\Python\Python314\Lib\site-packages\telegram\ext\_utils\networkloop.py", line 154, in do_action
    action_cb_task.result()
    ~~~~~~~~~~~~~~~~~~~~~^^
  File "C:\Users\snrso\AppData\Local\Programs\Python\Python314\Lib\site-packages\telegram\ext\_updater.py", line 340, in polling_action_cb
    updates = await self.bot.get_updates(
              ^^^^^^^^^^^^^^^^^^^^^^^^^^^
    ...<3 lines>...
    )
    ^
  File "C:\Users\snrso\AppData\Local\Programs\Python\Python314\Lib\site-packages\telegram\ext\_extbot.py", line 672, in get_updates
    updates = await super().get_updates(
              ^^^^^^^^^^^^^^^^^^^^^^^^^^
    ...<9 lines>...
    )
    ^
  File "C:\Users\snrso\AppData\Local\Programs\Python\Python314\Lib\site-packages\telegram\_bot.py", line 4865, in get_updates
    await self._post(
    ^^^^^^^^^^^^^^^^^
    ...<7 lines>...
    ),
    ^
  File "C:\Users\snrso\AppData\Local\Programs\Python\Python314\Lib\site-packages\telegram\_bot.py", line 704, in _post
    return await self._do_post(
           ^^^^^^^^^^^^^^^^^^^^
    ...<6 lines>...
    )
    ^
  File "C:\Users\snrso\AppData\Local\Programs\Python\Python314\Lib\site-packages\telegram\ext\_extbot.py", line 370, in _do_post
    return await super()._do_post(
           ^^^^^^^^^^^^^^^^^^^^^^^
    ...<6 lines>...
    )
    ^
  File "C:\Users\snrso\AppData\Local\Programs\Python\Python314\Lib\site-packages\telegram\_bot.py", line 733, in _do_post
    result = await request.post(
             ^^^^^^^^^^^^^^^^^^^
    ...<6 lines>...
    )
    ^
  File "C:\Users\snrso\AppData\Local\Programs\Python\Python314\Lib\site-packages\telegram\request\_baserequest.py", line 198, in post
    result = await self._request_wrapper(
             ^^^^^^^^^^^^^^^^^^^^^^^^^^^^
    ...<7 lines>...
    )
    ^
  File "C:\Users\snrso\AppData\Local\Programs\Python\Python314\Lib\site-packages\telegram\request\_baserequest.py", line 375, in _request_wrapper
    raise exception
telegram.error.Conflict: Conflict: terminated by other getUpdates request; make sure that only one bot instance is running
2026-06-06 18:48:53,211 - httpx - INFO - HTTP Request: POST https://api.telegram.org/bot8838756490:AAE1CAsIDfhrFN31LzqwCXZ-3Lu-3tXYN0Y/getUpdates "HTTP/1.1 409 Conflict"
2026-06-06 18:48:53,212 - telegram.ext.Application - ERROR - No error handlers are registered, logging exception.
Traceback (most recent call last):
  File "C:\Users\snrso\AppData\Local\Programs\Python\Python314\Lib\site-packages\telegram\ext\_utils\networkloop.py", line 161, in network_retry_loop
    await do_action()
  File "C:\Users\snrso\AppData\Local\Programs\Python\Python314\Lib\site-packages\telegram\ext\_utils\networkloop.py", line 154, in do_action
    action_cb_task.result()
    ~~~~~~~~~~~~~~~~~~~~~^^
  File "C:\Users\snrso\AppData\Local\Programs\Python\Python314\Lib\site-packages\telegram\ext\_updater.py", line 340, in polling_action_cb
    updates = await self.bot.get_updates(
              ^^^^^^^^^^^^^^^^^^^^^^^^^^^
    ...<3 lines>...
    )
    ^
  File "C:\Users\snrso\AppData\Local\Programs\Python\Python314\Lib\site-packages\telegram\ext\_extbot.py", line 672, in get_updates
    updates = await super().get_updates(
              ^^^^^^^^^^^^^^^^^^^^^^^^^^
    ...<9 lines>...
    )
    ^
  File "C:\Users\snrso\AppData\Local\Programs\Python\Python314\Lib\site-packages\telegram\_bot.py", line 4865, in get_updates
    await self._post(
    ^^^^^^^^^^^^^^^^^
    ...<7 lines>...
    ),
    ^
  File "C:\Users\snrso\AppData\Local\Programs\Python\Python314\Lib\site-packages\telegram\_bot.py", line 704, in _post
    return await self._do_post(
           ^^^^^^^^^^^^^^^^^^^^
    ...<6 lines>...
    )
    ^
  File "C:\Users\snrso\AppData\Local\Programs\Python\Python314\Lib\site-packages\telegram\ext\_extbot.py", line 370, in _do_post
    return await super()._do_post(
           ^^^^^^^^^^^^^^^^^^^^^^^
    ...<6 lines>...
    )
    ^
  File "C:\Users\snrso\AppData\Local\Programs\Python\Python314\Lib\site-packages\telegram\_bot.py", line 733, in _do_post
    result = await request.post(
             ^^^^^^^^^^^^^^^^^^^
    ...<6 lines>...
    )
    ^
  File "C:\Users\snrso\AppData\Local\Programs\Python\Python314\Lib\site-packages\telegram\request\_baserequest.py", line 198, in post
    result = await self._request_wrapper(
             ^^^^^^^^^^^^^^^^^^^^^^^^^^^^
    ...<7 lines>...
    )
    ^
  File "C:\Users\snrso\AppData\Local\Programs\Python\Python314\Lib\site-packages\telegram\request\_baserequest.py", line 375, in _request_wrapper
    raise exception
telegram.error.Conflict: Conflict: terminated by other getUpdates request; make sure that only one bot instance is running
2026-06-06 18:49:00,222 - httpx - INFO - HTTP Request: POST https://api.telegram.org/bot8838756490:AAE1CAsIDfhrFN31LzqwCXZ-3Lu-3tXYN0Y/getUpdates "HTTP/1.1 200 OK"
2026-06-06 18:49:10,396 - httpx - INFO - HTTP Request: POST https://api.telegram.org/bot8838756490:AAE1CAsIDfhrFN31LzqwCXZ-3Lu-3tXYN0Y/getUpdates "HTTP/1.1 200 OK"
2026-06-06 18:49:19,548 - httpx - INFO - HTTP Request: POST https://api.telegram.org/bot8838756490:AAE1CAsIDfhrFN31LzqwCXZ-3Lu-3tXYN0Y/getUpdates "HTTP/1.1 409 Conflict"
2026-06-06 18:49:19,550 - telegram.ext.Application - ERROR - No error handlers are registered, logging exception.
Traceback (most recent call last):
  File "C:\Users\snrso\AppData\Local\Programs\Python\Python314\Lib\site-packages\telegram\ext\_utils\networkloop.py", line 161, in network_retry_loop
    await do_action()
  File "C:\Users\snrso\AppData\Local\Programs\Python\Python314\Lib\site-packages\telegram\ext\_utils\networkloop.py", line 154, in do_action
    action_cb_task.result()
    ~~~~~~~~~~~~~~~~~~~~~^^
  File "C:\Users\snrso\AppData\Local\Programs\Python\Python314\Lib\site-packages\telegram\ext\_updater.py", line 340, in polling_action_cb
    updates = await self.bot.get_updates(
              ^^^^^^^^^^^^^^^^^^^^^^^^^^^
    ...<3 lines>...
    )
    ^
  File "C:\Users\snrso\AppData\Local\Programs\Python\Python314\Lib\site-packages\telegram\ext\_extbot.py", line 672, in get_updates
    updates = await super().get_updates(
              ^^^^^^^^^^^^^^^^^^^^^^^^^^
    ...<9 lines>...
    )
    ^
  File "C:\Users\snrso\AppData\Local\Programs\Python\Python314\Lib\site-packages\telegram\_bot.py", line 4865, in get_updates
    await self._post(
    ^^^^^^^^^^^^^^^^^
    ...<7 lines>...
    ),
    ^
  File "C:\Users\snrso\AppData\Local\Programs\Python\Python314\Lib\site-packages\telegram\_bot.py", line 704, in _post
    return await self._do_post(
           ^^^^^^^^^^^^^^^^^^^^
    ...<6 lines>...
    )
    ^
  File "C:\Users\snrso\AppData\Local\Programs\Python\Python314\Lib\site-packages\telegram\ext\_extbot.py", line 370, in _do_post
    return await super()._do_post(
           ^^^^^^^^^^^^^^^^^^^^^^^
    ...<6 lines>...
    )
    ^
  File "C:\Users\snrso\AppData\Local\Programs\Python\Python314\Lib\site-packages\telegram\_bot.py", line 733, in _do_post
    result = await request.post(
             ^^^^^^^^^^^^^^^^^^^
    ...<6 lines>...
    )
    ^
  File "C:\Users\snrso\AppData\Local\Programs\Python\Python314\Lib\site-packages\telegram\request\_baserequest.py", line 198, in post
    result = await self._request_wrapper(
             ^^^^^^^^^^^^^^^^^^^^^^^^^^^^
    ...<7 lines>...
    )
    ^
  File "C:\Users\snrso\AppData\Local\Programs\Python\Python314\Lib\site-packages\telegram\request\_baserequest.py", line 375, in _request_wrapper
    raise exception
telegram.error.Conflict: Conflict: terminated by other getUpdates request; make sure that only one bot instance is running
2026-06-06 18:49:23,733 - httpx - INFO - HTTP Request: POST https://api.telegram.org/bot8838756490:AAE1CAsIDfhrFN31LzqwCXZ-3Lu-3tXYN0Y/getUpdates "HTTP/1.1 409 Conflict"
2026-06-06 18:49:23,735 - telegram.ext.Application - ERROR - No error handlers are registered, logging exception.
Traceback (most recent call last):
  File "C:\Users\snrso\AppData\Local\Programs\Python\Python314\Lib\site-packages\telegram\ext\_utils\networkloop.py", line 161, in network_retry_loop
    await do_action()
  File "C:\Users\snrso\AppData\Local\Programs\Python\Python314\Lib\site-packages\telegram\ext\_utils\networkloop.py", line 154, in do_action
    action_cb_task.result()
    ~~~~~~~~~~~~~~~~~~~~~^^
  File "C:\Users\snrso\AppData\Local\Programs\Python\Python314\Lib\site-packages\telegram\ext\_updater.py", line 340, in polling_action_cb
    updates = await self.bot.get_updates(
              ^^^^^^^^^^^^^^^^^^^^^^^^^^^
    ...<3 lines>...
    )
    ^
  File "C:\Users\snrso\AppData\Local\Programs\Python\Python314\Lib\site-packages\telegram\ext\_extbot.py", line 672, in get_updates
    updates = await super().get_updates(
              ^^^^^^^^^^^^^^^^^^^^^^^^^^
    ...<9 lines>...
    )
    ^
  File "C:\Users\snrso\AppData\Local\Programs\Python\Python314\Lib\site-packages\telegram\_bot.py", line 4865, in get_updates
    await self._post(
    ^^^^^^^^^^^^^^^^^
    ...<7 lines>...
    ),
    ^
  File "C:\Users\snrso\AppData\Local\Programs\Python\Python314\Lib\site-packages\telegram\_bot.py", line 704, in _post
    return await self._do_post(
           ^^^^^^^^^^^^^^^^^^^^
    ...<6 lines>...
    )
    ^
  File "C:\Users\snrso\AppData\Local\Programs\Python\Python314\Lib\site-packages\telegram\ext\_extbot.py", line 370, in _do_post
    return await super()._do_post(
           ^^^^^^^^^^^^^^^^^^^^^^^
    ...<6 lines>...
    )
    ^
  File "C:\Users\snrso\AppData\Local\Programs\Python\Python314\Lib\site-packages\telegram\_bot.py", line 733, in _do_post
    result = await request.post(
             ^^^^^^^^^^^^^^^^^^^
    ...<6 lines>...
    )
    ^
  File "C:\Users\snrso\AppData\Local\Programs\Python\Python314\Lib\site-packages\telegram\request\_baserequest.py", line 198, in post
    result = await self._request_wrapper(
             ^^^^^^^^^^^^^^^^^^^^^^^^^^^^
    ...<7 lines>...
    )
    ^
  File "C:\Users\snrso\AppData\Local\Programs\Python\Python314\Lib\site-packages\telegram\request\_baserequest.py", line 375, in _request_wrapper
    raise exception
telegram.error.Conflict: Conflict: terminated by other getUpdates request; make sure that only one bot instance is running
2026-06-06 18:49:30,732 - httpx - INFO - HTTP Request: POST https://api.telegram.org/bot8838756490:AAE1CAsIDfhrFN31LzqwCXZ-3Lu-3tXYN0Y/getUpdates "HTTP/1.1 200 OK"
2026-06-06 18:49:40,900 - httpx - INFO - HTTP Request: POST https://api.telegram.org/bot8838756490:AAE1CAsIDfhrFN31LzqwCXZ-3Lu-3tXYN0Y/getUpdates "HTTP/1.1 200 OK"
2026-06-06 18:49:51,083 - httpx - INFO - HTTP Request: POST https://api.telegram.org/bot8838756490:AAE1CAsIDfhrFN31LzqwCXZ-3Lu-3tXYN0Y/getUpdates "HTTP/1.1 200 OK"
2026-06-06 18:49:54,246 - httpx - INFO - HTTP Request: POST https://api.telegram.org/bot8838756490:AAE1CAsIDfhrFN31LzqwCXZ-3Lu-3tXYN0Y/getUpdates "HTTP/1.1 409 Conflict"
2026-06-06 18:49:54,247 - telegram.ext.Application - ERROR - No error handlers are registered, logging exception.
Traceback (most recent call last):
  File "C:\Users\snrso\AppData\Local\Programs\Python\Python314\Lib\site-packages\telegram\ext\_utils\networkloop.py", line 161, in network_retry_loop
    await do_action()
  File "C:\Users\snrso\AppData\Local\Programs\Python\Python314\Lib\site-packages\telegram\ext\_utils\networkloop.py", line 154, in do_action
    action_cb_task.result()
    ~~~~~~~~~~~~~~~~~~~~~^^
  File "C:\Users\snrso\AppData\Local\Programs\Python\Python314\Lib\site-packages\telegram\ext\_updater.py", line 340, in polling_action_cb
    updates = await self.bot.get_updates(
              ^^^^^^^^^^^^^^^^^^^^^^^^^^^
    ...<3 lines>...
    )
    ^
  File "C:\Users\snrso\AppData\Local\Programs\Python\Python314\Lib\site-packages\telegram\ext\_extbot.py", line 672, in get_updates
    updates = await super().get_updates(
              ^^^^^^^^^^^^^^^^^^^^^^^^^^
    ...<9 lines>...
    )
    ^
  File "C:\Users\snrso\AppData\Local\Programs\Python\Python314\Lib\site-packages\telegram\_bot.py", line 4865, in get_updates
    await self._post(
    ^^^^^^^^^^^^^^^^^
    ...<7 lines>...
    ),
    ^
  File "C:\Users\snrso\AppData\Local\Programs\Python\Python314\Lib\site-packages\telegram\_bot.py", line 704, in _post
    return await self._do_post(
           ^^^^^^^^^^^^^^^^^^^^
    ...<6 lines>...
    )
    ^
  File "C:\Users\snrso\AppData\Local\Programs\Python\Python314\Lib\site-packages\telegram\ext\_extbot.py", line 370, in _do_post
    return await super()._do_post(
           ^^^^^^^^^^^^^^^^^^^^^^^
    ...<6 lines>...
    )
    ^
  File "C:\Users\snrso\AppData\Local\Programs\Python\Python314\Lib\site-packages\telegram\_bot.py", line 733, in _do_post
    result = await request.post(
             ^^^^^^^^^^^^^^^^^^^
    ...<6 lines>...
    )
    ^
  File "C:\Users\snrso\AppData\Local\Programs\Python\Python314\Lib\site-packages\telegram\request\_baserequest.py", line 198, in post
    result = await self._request_wrapper(
             ^^^^^^^^^^^^^^^^^^^^^^^^^^^^
    ...<7 lines>...
    )
    ^
  File "C:\Users\snrso\AppData\Local\Programs\Python\Python314\Lib\site-packages\telegram\request\_baserequest.py", line 375, in _request_wrapper
    raise exception
telegram.error.Conflict: Conflict: terminated by other getUpdates request; make sure that only one bot instance is running
2026-06-06 18:49:58,417 - httpx - INFO - HTTP Request: POST https://api.telegram.org/bot8838756490:AAE1CAsIDfhrFN31LzqwCXZ-3Lu-3tXYN0Y/getUpdates "HTTP/1.1 409 Conflict"
2026-06-06 18:49:58,418 - telegram.ext.Application - ERROR - No error handlers are registered, logging exception.
Traceback (most recent call last):
  File "C:\Users\snrso\AppData\Local\Programs\Python\Python314\Lib\site-packages\telegram\ext\_utils\networkloop.py", line 161, in network_retry_loop
    await do_action()
  File "C:\Users\snrso\AppData\Local\Programs\Python\Python314\Lib\site-packages\telegram\ext\_utils\networkloop.py", line 154, in do_action
    action_cb_task.result()
    ~~~~~~~~~~~~~~~~~~~~~^^
  File "C:\Users\snrso\AppData\Local\Programs\Python\Python314\Lib\site-packages\telegram\ext\_updater.py", line 340, in polling_action_cb
    updates = await self.bot.get_updates(
              ^^^^^^^^^^^^^^^^^^^^^^^^^^^
    ...<3 lines>...
    )
    ^
  File "C:\Users\snrso\AppData\Local\Programs\Python\Python314\Lib\site-packages\telegram\ext\_extbot.py", line 672, in get_updates
    updates = await super().get_updates(
              ^^^^^^^^^^^^^^^^^^^^^^^^^^
    ...<9 lines>...
    )
    ^
  File "C:\Users\snrso\AppData\Local\Programs\Python\Python314\Lib\site-packages\telegram\_bot.py", line 4865, in get_updates
    await self._post(
    ^^^^^^^^^^^^^^^^^
    ...<7 lines>...
    ),
    ^
  File "C:\Users\snrso\AppData\Local\Programs\Python\Python314\Lib\site-packages\telegram\_bot.py", line 704, in _post
    return await self._do_post(
           ^^^^^^^^^^^^^^^^^^^^
    ...<6 lines>...
    )
    ^
  File "C:\Users\snrso\AppData\Local\Programs\Python\Python314\Lib\site-packages\telegram\ext\_extbot.py", line 370, in _do_post
    return await super()._do_post(
           ^^^^^^^^^^^^^^^^^^^^^^^
    ...<6 lines>...
    )
    ^
  File "C:\Users\snrso\AppData\Local\Programs\Python\Python314\Lib\site-packages\telegram\_bot.py", line 733, in _do_post
    result = await request.post(
             ^^^^^^^^^^^^^^^^^^^
    ...<6 lines>...
    )
    ^
  File "C:\Users\snrso\AppData\Local\Programs\Python\Python314\Lib\site-packages\telegram\request\_baserequest.py", line 198, in post
    result = await self._request_wrapper(
             ^^^^^^^^^^^^^^^^^^^^^^^^^^^^
    ...<7 lines>...
    )
    ^
  File "C:\Users\snrso\AppData\Local\Programs\Python\Python314\Lib\site-packages\telegram\request\_baserequest.py", line 375, in _request_wrapper
    raise exception
telegram.error.Conflict: Conflict: terminated by other getUpdates request; make sure that only one bot instance is running
2026-06-06 18:50:05,421 - httpx - INFO - HTTP Request: POST https://api.telegram.org/bot8838756490:AAE1CAsIDfhrFN31LzqwCXZ-3Lu-3tXYN0Y/getUpdates "HTTP/1.1 200 OK"
2026-06-06 18:50:15,591 - httpx - INFO - HTTP Request: POST https://api.telegram.org/bot8838756490:AAE1CAsIDfhrFN31LzqwCXZ-3Lu-3tXYN0Y/getUpdates "HTTP/1.1 200 OK"
2026-06-06 18:50:25,759 - httpx - INFO - HTTP Request: POST https://api.telegram.org/bot8838756490:AAE1CAsIDfhrFN31LzqwCXZ-3Lu-3tXYN0Y/getUpdates "HTTP/1.1 200 OK"
2026-06-06 18:50:28,936 - httpx - INFO - HTTP Request: POST https://api.telegram.org/bot8838756490:AAE1CAsIDfhrFN31LzqwCXZ-3Lu-3tXYN0Y/getUpdates "HTTP/1.1 409 Conflict"
2026-06-06 18:50:28,937 - telegram.ext.Application - ERROR - No error handlers are registered, logging exception.
Traceback (most recent call last):
  File "C:\Users\snrso\AppData\Local\Programs\Python\Python314\Lib\site-packages\telegram\ext\_utils\networkloop.py", line 161, in network_retry_loop
    await do_action()
  File "C:\Users\snrso\AppData\Local\Programs\Python\Python314\Lib\site-packages\telegram\ext\_utils\networkloop.py", line 154, in do_action
    action_cb_task.result()
    ~~~~~~~~~~~~~~~~~~~~~^^
  File "C:\Users\snrso\AppData\Local\Programs\Python\Python314\Lib\site-packages\telegram\ext\_updater.py", line 340, in polling_action_cb
    updates = await self.bot.get_updates(
              ^^^^^^^^^^^^^^^^^^^^^^^^^^^
    ...<3 lines>...
    )
    ^
  File "C:\Users\snrso\AppData\Local\Programs\Python\Python314\Lib\site-packages\telegram\ext\_extbot.py", line 672, in get_updates
    updates = await super().get_updates(
              ^^^^^^^^^^^^^^^^^^^^^^^^^^
    ...<9 lines>...
    )
    ^
  File "C:\Users\snrso\AppData\Local\Programs\Python\Python314\Lib\site-packages\telegram\_bot.py", line 4865, in get_updates
    await self._post(
    ^^^^^^^^^^^^^^^^^
    ...<7 lines>...
    ),
    ^
  File "C:\Users\snrso\AppData\Local\Programs\Python\Python314\Lib\site-packages\telegram\_bot.py", line 704, in _post
    return await self._do_post(
           ^^^^^^^^^^^^^^^^^^^^
    ...<6 lines>...
    )
    ^
  File "C:\Users\snrso\AppData\Local\Programs\Python\Python314\Lib\site-packages\telegram\ext\_extbot.py", line 370, in _do_post
    return await super()._do_post(
           ^^^^^^^^^^^^^^^^^^^^^^^
    ...<6 lines>...
    )
    ^
  File "C:\Users\snrso\AppData\Local\Programs\Python\Python314\Lib\site-packages\telegram\_bot.py", line 733, in _do_post
    result = await request.post(
             ^^^^^^^^^^^^^^^^^^^
    ...<6 lines>...
    )
    ^
  File "C:\Users\snrso\AppData\Local\Programs\Python\Python314\Lib\site-packages\telegram\request\_baserequest.py", line 198, in post
    result = await self._request_wrapper(
             ^^^^^^^^^^^^^^^^^^^^^^^^^^^^
    ...<7 lines>...
    )
    ^
  File "C:\Users\snrso\AppData\Local\Programs\Python\Python314\Lib\site-packages\telegram\request\_baserequest.py", line 375, in _request_wrapper
    raise exception
telegram.error.Conflict: Conflict: terminated by other getUpdates request; make sure that only one bot instance is running
2026-06-06 18:50:33,105 - httpx - INFO - HTTP Request: POST https://api.telegram.org/bot8838756490:AAE1CAsIDfhrFN31LzqwCXZ-3Lu-3tXYN0Y/getUpdates "HTTP/1.1 409 Conflict"
2026-06-06 18:50:33,105 - telegram.ext.Application - ERROR - No error handlers are registered, logging exception.
Traceback (most recent call last):
  File "C:\Users\snrso\AppData\Local\Programs\Python\Python314\Lib\site-packages\telegram\ext\_utils\networkloop.py", line 161, in network_retry_loop
    await do_action()
  File "C:\Users\snrso\AppData\Local\Programs\Python\Python314\Lib\site-packages\telegram\ext\_utils\networkloop.py", line 154, in do_action
    action_cb_task.result()
    ~~~~~~~~~~~~~~~~~~~~~^^
  File "C:\Users\snrso\AppData\Local\Programs\Python\Python314\Lib\site-packages\telegram\ext\_updater.py", line 340, in polling_action_cb
    updates = await self.bot.get_updates(
              ^^^^^^^^^^^^^^^^^^^^^^^^^^^
    ...<3 lines>...
    )
    ^
  File "C:\Users\snrso\AppData\Local\Programs\Python\Python314\Lib\site-packages\telegram\ext\_extbot.py", line 672, in get_updates
    updates = await super().get_updates(
              ^^^^^^^^^^^^^^^^^^^^^^^^^^
    ...<9 lines>...
    )
    ^
  File "C:\Users\snrso\AppData\Local\Programs\Python\Python314\Lib\site-packages\telegram\_bot.py", line 4865, in get_updates
    await self._post(
    ^^^^^^^^^^^^^^^^^
    ...<7 lines>...
    ),
    ^
  File "C:\Users\snrso\AppData\Local\Programs\Python\Python314\Lib\site-packages\telegram\_bot.py", line 704, in _post
    return await self._do_post(
           ^^^^^^^^^^^^^^^^^^^^
    ...<6 lines>...
    )
    ^
  File "C:\Users\snrso\AppData\Local\Programs\Python\Python314\Lib\site-packages\telegram\ext\_extbot.py", line 370, in _do_post
    return await super()._do_post(
           ^^^^^^^^^^^^^^^^^^^^^^^
    ...<6 lines>...
    )
    ^
  File "C:\Users\snrso\AppData\Local\Programs\Python\Python314\Lib\site-packages\telegram\_bot.py", line 733, in _do_post
    result = await request.post(
             ^^^^^^^^^^^^^^^^^^^
    ...<6 lines>...
    )
    ^
  File "C:\Users\snrso\AppData\Local\Programs\Python\Python314\Lib\site-packages\telegram\request\_baserequest.py", line 198, in post
    result = await self._request_wrapper(
             ^^^^^^^^^^^^^^^^^^^^^^^^^^^^
    ...<7 lines>...
    )
    ^
  File "C:\Users\snrso\AppData\Local\Programs\Python\Python314\Lib\site-packages\telegram\request\_baserequest.py", line 375, in _request_wrapper
    raise exception
telegram.error.Conflict: Conflict: terminated by other getUpdates request; make sure that only one bot instance is running
2026-06-06 18:50:40,107 - httpx - INFO - HTTP Request: POST https://api.telegram.org/bot8838756490:AAE1CAsIDfhrFN31LzqwCXZ-3Lu-3tXYN0Y/getUpdates "HTTP/1.1 200 OK"
2026-06-06 18:50:50,274 - httpx - INFO - HTTP Request: POST https://api.telegram.org/bot8838756490:AAE1CAsIDfhrFN31LzqwCXZ-3Lu-3tXYN0Y/getUpdates "HTTP/1.1 200 OK"
2026-06-06 18:51:00,435 - httpx - INFO - HTTP Request: POST https://api.telegram.org/bot8838756490:AAE1CAsIDfhrFN31LzqwCXZ-3Lu-3tXYN0Y/getUpdates "HTTP/1.1 200 OK"
2026-06-06 18:51:03,607 - httpx - INFO - HTTP Request: POST https://api.telegram.org/bot8838756490:AAE1CAsIDfhrFN31LzqwCXZ-3Lu-3tXYN0Y/getUpdates "HTTP/1.1 409 Conflict"
2026-06-06 18:51:03,609 - telegram.ext.Application - ERROR - No error handlers are registered, logging exception.
Traceback (most recent call last):
  File "C:\Users\snrso\AppData\Local\Programs\Python\Python314\Lib\site-packages\telegram\ext\_utils\networkloop.py", line 161, in network_retry_loop
    await do_action()
  File "C:\Users\snrso\AppData\Local\Programs\Python\Python314\Lib\site-packages\telegram\ext\_utils\networkloop.py", line 154, in do_action
    action_cb_task.result()
    ~~~~~~~~~~~~~~~~~~~~~^^
  File "C:\Users\snrso\AppData\Local\Programs\Python\Python314\Lib\site-packages\telegram\ext\_updater.py", line 340, in polling_action_cb
    updates = await self.bot.get_updates(
              ^^^^^^^^^^^^^^^^^^^^^^^^^^^
    ...<3 lines>...
    )
    ^
  File "C:\Users\snrso\AppData\Local\Programs\Python\Python314\Lib\site-packages\telegram\ext\_extbot.py", line 672, in get_updates
    updates = await super().get_updates(
              ^^^^^^^^^^^^^^^^^^^^^^^^^^
    ...<9 lines>...
    )
    ^
  File "C:\Users\snrso\AppData\Local\Programs\Python\Python314\Lib\site-packages\telegram\_bot.py", line 4865, in get_updates
    await self._post(
    ^^^^^^^^^^^^^^^^^
    ...<7 lines>...
    ),
    ^
  File "C:\Users\snrso\AppData\Local\Programs\Python\Python314\Lib\site-packages\telegram\_bot.py", line 704, in _post
    return await self._do_post(
           ^^^^^^^^^^^^^^^^^^^^
    ...<6 lines>...
    )
    ^
  File "C:\Users\snrso\AppData\Local\Programs\Python\Python314\Lib\site-packages\telegram\ext\_extbot.py", line 370, in _do_post
    return await super()._do_post(
           ^^^^^^^^^^^^^^^^^^^^^^^
    ...<6 lines>...
    )
    ^
  File "C:\Users\snrso\AppData\Local\Programs\Python\Python314\Lib\site-packages\telegram\_bot.py", line 733, in _do_post
    result = await request.post(
             ^^^^^^^^^^^^^^^^^^^
    ...<6 lines>...
    )
    ^
  File "C:\Users\snrso\AppData\Local\Programs\Python\Python314\Lib\site-packages\telegram\request\_baserequest.py", line 198, in post
    result = await self._request_wrapper(
             ^^^^^^^^^^^^^^^^^^^^^^^^^^^^
    ...<7 lines>...
    )
    ^
  File "C:\Users\snrso\AppData\Local\Programs\Python\Python314\Lib\site-packages\telegram\request\_baserequest.py", line 375, in _request_wrapper
    raise exception
telegram.error.Conflict: Conflict: terminated by other getUpdates request; make sure that only one bot instance is running
2026-06-06 18:51:07,773 - httpx - INFO - HTTP Request: POST https://api.telegram.org/bot8838756490:AAE1CAsIDfhrFN31LzqwCXZ-3Lu-3tXYN0Y/getUpdates "HTTP/1.1 409 Conflict"
2026-06-06 18:51:07,774 - telegram.ext.Application - ERROR - No error handlers are registered, logging exception.
Traceback (most recent call last):
  File "C:\Users\snrso\AppData\Local\Programs\Python\Python314\Lib\site-packages\telegram\ext\_utils\networkloop.py", line 161, in network_retry_loop
    await do_action()
  File "C:\Users\snrso\AppData\Local\Programs\Python\Python314\Lib\site-packages\telegram\ext\_utils\networkloop.py", line 154, in do_action
    action_cb_task.result()
    ~~~~~~~~~~~~~~~~~~~~~^^
  File "C:\Users\snrso\AppData\Local\Programs\Python\Python314\Lib\site-packages\telegram\ext\_updater.py", line 340, in polling_action_cb
    updates = await self.bot.get_updates(
              ^^^^^^^^^^^^^^^^^^^^^^^^^^^
    ...<3 lines>...
    )
    ^
  File "C:\Users\snrso\AppData\Local\Programs\Python\Python314\Lib\site-packages\telegram\ext\_extbot.py", line 672, in get_updates
    updates = await super().get_updates(
              ^^^^^^^^^^^^^^^^^^^^^^^^^^
    ...<9 lines>...
    )
    ^
  File "C:\Users\snrso\AppData\Local\Programs\Python\Python314\Lib\site-packages\telegram\_bot.py", line 4865, in get_updates
    await self._post(
    ^^^^^^^^^^^^^^^^^
    ...<7 lines>...
    ),
    ^
  File "C:\Users\snrso\AppData\Local\Programs\Python\Python314\Lib\site-packages\telegram\_bot.py", line 704, in _post
    return await self._do_post(
           ^^^^^^^^^^^^^^^^^^^^
    ...<6 lines>...
    )
    ^
  File "C:\Users\snrso\AppData\Local\Programs\Python\Python314\Lib\site-packages\telegram\ext\_extbot.py", line 370, in _do_post
    return await super()._do_post(
           ^^^^^^^^^^^^^^^^^^^^^^^
    ...<6 lines>...
    )
    ^
  File "C:\Users\snrso\AppData\Local\Programs\Python\Python314\Lib\site-packages\telegram\_bot.py", line 733, in _do_post
    result = await request.post(
             ^^^^^^^^^^^^^^^^^^^
    ...<6 lines>...
    )
    ^
  File "C:\Users\snrso\AppData\Local\Programs\Python\Python314\Lib\site-packages\telegram\request\_baserequest.py", line 198, in post
    result = await self._request_wrapper(
             ^^^^^^^^^^^^^^^^^^^^^^^^^^^^
    ...<7 lines>...
    )
    ^
  File "C:\Users\snrso\AppData\Local\Programs\Python\Python314\Lib\site-packages\telegram\request\_baserequest.py", line 375, in _request_wrapper
    raise exception
telegram.error.Conflict: Conflict: terminated by other getUpdates request; make sure that only one bot instance is running
2026-06-06 18:51:14,779 - httpx - INFO - HTTP Request: POST https://api.telegram.org/bot8838756490:AAE1CAsIDfhrFN31LzqwCXZ-3Lu-3tXYN0Y/getUpdates "HTTP/1.1 200 OK"
2026-06-06 18:51:24,946 - httpx - INFO - HTTP Request: POST https://api.telegram.org/bot8838756490:AAE1CAsIDfhrFN31LzqwCXZ-3Lu-3tXYN0Y/getUpdates "HTTP/1.1 200 OK"
2026-06-06 18:51:34,960 - httpx - INFO - HTTP Request: POST https://api.telegram.org/bot8838756490:AAE1CAsIDfhrFN31LzqwCXZ-3Lu-3tXYN0Y/getUpdates "HTTP/1.1 200 OK"
2026-06-06 18:51:35,754 - httpx - INFO - HTTP Request: POST https://api.telegram.org/bot8838756490:AAE1CAsIDfhrFN31LzqwCXZ-3Lu-3tXYN0Y/sendMessage "HTTP/1.1 200 OK"
2026-06-06 18:51:38,299 - httpx - INFO - HTTP Request: POST https://api.telegram.org/bot8838756490:AAE1CAsIDfhrFN31LzqwCXZ-3Lu-3tXYN0Y/getUpdates "HTTP/1.1 409 Conflict"
2026-06-06 18:51:38,313 - telegram.ext.Application - ERROR - No error handlers are registered, logging exception.
Traceback (most recent call last):
  File "C:\Users\snrso\AppData\Local\Programs\Python\Python314\Lib\site-packages\telegram\ext\_utils\networkloop.py", line 161, in network_retry_loop
    await do_action()
  File "C:\Users\snrso\AppData\Local\Programs\Python\Python314\Lib\site-packages\telegram\ext\_utils\networkloop.py", line 154, in do_action
    action_cb_task.result()
    ~~~~~~~~~~~~~~~~~~~~~^^
  File "C:\Users\snrso\AppData\Local\Programs\Python\Python314\Lib\site-packages\telegram\ext\_updater.py", line 340, in polling_action_cb
    updates = await self.bot.get_updates(
              ^^^^^^^^^^^^^^^^^^^^^^^^^^^
    ...<3 lines>...
    )
    ^
  File "C:\Users\snrso\AppData\Local\Programs\Python\Python314\Lib\site-packages\telegram\ext\_extbot.py", line 672, in get_updates
    updates = await super().get_updates(
              ^^^^^^^^^^^^^^^^^^^^^^^^^^
    ...<9 lines>...
    )
    ^
  File "C:\Users\snrso\AppData\Local\Programs\Python\Python314\Lib\site-packages\telegram\_bot.py", line 4865, in get_updates
    await self._post(
    ^^^^^^^^^^^^^^^^^
    ...<7 lines>...
    ),
    ^
  File "C:\Users\snrso\AppData\Local\Programs\Python\Python314\Lib\site-packages\telegram\_bot.py", line 704, in _post
    return await self._do_post(
           ^^^^^^^^^^^^^^^^^^^^
    ...<6 lines>...
    )
    ^
  File "C:\Users\snrso\AppData\Local\Programs\Python\Python314\Lib\site-packages\telegram\ext\_extbot.py", line 370, in _do_post
    return await super()._do_post(
           ^^^^^^^^^^^^^^^^^^^^^^^
    ...<6 lines>...
    )
    ^
  File "C:\Users\snrso\AppData\Local\Programs\Python\Python314\Lib\site-packages\telegram\_bot.py", line 733, in _do_post
    result = await request.post(
             ^^^^^^^^^^^^^^^^^^^
    ...<6 lines>...
    )
    ^
  File "C:\Users\snrso\AppData\Local\Programs\Python\Python314\Lib\site-packages\telegram\request\_baserequest.py", line 198, in post
    result = await self._request_wrapper(
             ^^^^^^^^^^^^^^^^^^^^^^^^^^^^
    ...<7 lines>...
    )
    ^
  File "C:\Users\snrso\AppData\Local\Programs\Python\Python314\Lib\site-packages\telegram\request\_baserequest.py", line 375, in _request_wrapper
    raise exception
telegram.error.Conflict: Conflict: terminated by other getUpdates request; make sure that only one bot instance is running
2026-06-06 18:51:42,489 - httpx - INFO - HTTP Request: POST https://api.telegram.org/bot8838756490:AAE1CAsIDfhrFN31LzqwCXZ-3Lu-3tXYN0Y/getUpdates "HTTP/1.1 409 Conflict"
2026-06-06 18:51:42,490 - telegram.ext.Application - ERROR - No error handlers are registered, logging exception.
Traceback (most recent call last):
  File "C:\Users\snrso\AppData\Local\Programs\Python\Python314\Lib\site-packages\telegram\ext\_utils\networkloop.py", line 161, in network_retry_loop
    await do_action()
  File "C:\Users\snrso\AppData\Local\Programs\Python\Python314\Lib\site-packages\telegram\ext\_utils\networkloop.py", line 154, in do_action
    action_cb_task.result()
    ~~~~~~~~~~~~~~~~~~~~~^^
  File "C:\Users\snrso\AppData\Local\Programs\Python\Python314\Lib\site-packages\telegram\ext\_updater.py", line 340, in polling_action_cb
    updates = await self.bot.get_updates(
              ^^^^^^^^^^^^^^^^^^^^^^^^^^^
    ...<3 lines>...
    )
    ^
  File "C:\Users\snrso\AppData\Local\Programs\Python\Python314\Lib\site-packages\telegram\ext\_extbot.py", line 672, in get_updates
    updates = await super().get_updates(
              ^^^^^^^^^^^^^^^^^^^^^^^^^^
    ...<9 lines>...
    )
    ^
  File "C:\Users\snrso\AppData\Local\Programs\Python\Python314\Lib\site-packages\telegram\_bot.py", line 4865, in get_updates
    await self._post(
    ^^^^^^^^^^^^^^^^^
    ...<7 lines>...
    ),
    ^
  File "C:\Users\snrso\AppData\Local\Programs\Python\Python314\Lib\site-packages\telegram\_bot.py", line 704, in _post
    return await self._do_post(
           ^^^^^^^^^^^^^^^^^^^^
    ...<6 lines>...
    )
    ^
  File "C:\Users\snrso\AppData\Local\Programs\Python\Python314\Lib\site-packages\telegram\ext\_extbot.py", line 370, in _do_post
    return await super()._do_post(
           ^^^^^^^^^^^^^^^^^^^^^^^
    ...<6 lines>...
    )
    ^
  File "C:\Users\snrso\AppData\Local\Programs\Python\Python314\Lib\site-packages\telegram\_bot.py", line 733, in _do_post
    result = await request.post(
             ^^^^^^^^^^^^^^^^^^^
    ...<6 lines>...
    )
    ^
  File "C:\Users\snrso\AppData\Local\Programs\Python\Python314\Lib\site-packages\telegram\request\_baserequest.py", line 198, in post
    result = await self._request_wrapper(
             ^^^^^^^^^^^^^^^^^^^^^^^^^^^^
    ...<7 lines>...
    )
    ^
  File "C:\Users\snrso\AppData\Local\Programs\Python\Python314\Lib\site-packages\telegram\request\_baserequest.py", line 375, in _request_wrapper
    raise exception
telegram.error.Conflict: Conflict: terminated by other getUpdates request; make sure that only one bot instance is running
2026-06-06 18:51:49,492 - httpx - INFO - HTTP Request: POST https://api.telegram.org/bot8838756490:AAE1CAsIDfhrFN31LzqwCXZ-3Lu-3tXYN0Y/getUpdates "HTTP/1.1 200 OK"
2026-06-06 18:51:59,659 - httpx - INFO - HTTP Request: POST https://api.telegram.org/bot8838756490:AAE1CAsIDfhrFN31LzqwCXZ-3Lu-3tXYN0Y/getUpdates "HTTP/1.1 200 OK"
2026-06-06 18:52:09,828 - httpx - INFO - HTTP Request: POST https://api.telegram.org/bot8838756490:AAE1CAsIDfhrFN31LzqwCXZ-3Lu-3tXYN0Y/getUpdates "HTTP/1.1 200 OK"
2026-06-06 18:52:13,064 - httpx - INFO - HTTP Request: POST https://api.telegram.org/bot8838756490:AAE1CAsIDfhrFN31LzqwCXZ-3Lu-3tXYN0Y/getUpdates "HTTP/1.1 409 Conflict"
2026-06-06 18:52:13,066 - telegram.ext.Application - ERROR - No error handlers are registered, logging exception.
Traceback (most recent call last):
  File "C:\Users\snrso\AppData\Local\Programs\Python\Python314\Lib\site-packages\telegram\ext\_utils\networkloop.py", line 161, in network_retry_loop
    await do_action()
  File "C:\Users\snrso\AppData\Local\Programs\Python\Python314\Lib\site-packages\telegram\ext\_utils\networkloop.py", line 154, in do_action
    action_cb_task.result()
    ~~~~~~~~~~~~~~~~~~~~~^^
  File "C:\Users\snrso\AppData\Local\Programs\Python\Python314\Lib\site-packages\telegram\ext\_updater.py", line 340, in polling_action_cb
    updates = await self.bot.get_updates(
              ^^^^^^^^^^^^^^^^^^^^^^^^^^^
    ...<3 lines>...
    )
    ^
  File "C:\Users\snrso\AppData\Local\Programs\Python\Python314\Lib\site-packages\telegram\ext\_extbot.py", line 672, in get_updates
    updates = await super().get_updates(
              ^^^^^^^^^^^^^^^^^^^^^^^^^^
    ...<9 lines>...
    )
    ^
  File "C:\Users\snrso\AppData\Local\Programs\Python\Python314\Lib\site-packages\telegram\_bot.py", line 4865, in get_updates
    await self._post(
    ^^^^^^^^^^^^^^^^^
    ...<7 lines>...
    ),
    ^
  File "C:\Users\snrso\AppData\Local\Programs\Python\Python314\Lib\site-packages\telegram\_bot.py", line 704, in _post
    return await self._do_post(
           ^^^^^^^^^^^^^^^^^^^^
    ...<6 lines>...
    )
    ^
  File "C:\Users\snrso\AppData\Local\Programs\Python\Python314\Lib\site-packages\telegram\ext\_extbot.py", line 370, in _do_post
    return await super()._do_post(
           ^^^^^^^^^^^^^^^^^^^^^^^
    ...<6 lines>...
    )
    ^
  File "C:\Users\snrso\AppData\Local\Programs\Python\Python314\Lib\site-packages\telegram\_bot.py", line 733, in _do_post
    result = await request.post(
             ^^^^^^^^^^^^^^^^^^^
    ...<6 lines>...
    )
    ^
  File "C:\Users\snrso\AppData\Local\Programs\Python\Python314\Lib\site-packages\telegram\request\_baserequest.py", line 198, in post
    result = await self._request_wrapper(
             ^^^^^^^^^^^^^^^^^^^^^^^^^^^^
    ...<7 lines>...
    )
    ^
  File "C:\Users\snrso\AppData\Local\Programs\Python\Python314\Lib\site-packages\telegram\request\_baserequest.py", line 375, in _request_wrapper
    raise exception
telegram.error.Conflict: Conflict: terminated by other getUpdates request; make sure that only one bot instance is running
2026-06-06 18:52:17,238 - httpx - INFO - HTTP Request: POST https://api.telegram.org/bot8838756490:AAE1CAsIDfhrFN31LzqwCXZ-3Lu-3tXYN0Y/getUpdates "HTTP/1.1 409 Conflict"
2026-06-06 18:52:17,239 - telegram.ext.Application - ERROR - No error handlers are registered, logging exception.
Traceback (most recent call last):
  File "C:\Users\snrso\AppData\Local\Programs\Python\Python314\Lib\site-packages\telegram\ext\_utils\networkloop.py", line 161, in network_retry_loop
    await do_action()
  File "C:\Users\snrso\AppData\Local\Programs\Python\Python314\Lib\site-packages\telegram\ext\_utils\networkloop.py", line 154, in do_action
    action_cb_task.result()
    ~~~~~~~~~~~~~~~~~~~~~^^
  File "C:\Users\snrso\AppData\Local\Programs\Python\Python314\Lib\site-packages\telegram\ext\_updater.py", line 340, in polling_action_cb
    updates = await self.bot.get_updates(
              ^^^^^^^^^^^^^^^^^^^^^^^^^^^
    ...<3 lines>...
    )
    ^
  File "C:\Users\snrso\AppData\Local\Programs\Python\Python314\Lib\site-packages\telegram\ext\_extbot.py", line 672, in get_updates
    updates = await super().get_updates(
              ^^^^^^^^^^^^^^^^^^^^^^^^^^
    ...<9 lines>...
    )
    ^
  File "C:\Users\snrso\AppData\Local\Programs\Python\Python314\Lib\site-packages\telegram\_bot.py", line 4865, in get_updates
    await self._post(
    ^^^^^^^^^^^^^^^^^
    ...<7 lines>...
    ),
    ^
  File "C:\Users\snrso\AppData\Local\Programs\Python\Python314\Lib\site-packages\telegram\_bot.py", line 704, in _post
    return await self._do_post(
           ^^^^^^^^^^^^^^^^^^^^
    ...<6 lines>...
    )
    ^
  File "C:\Users\snrso\AppData\Local\Programs\Python\Python314\Lib\site-packages\telegram\ext\_extbot.py", line 370, in _do_post
    return await super()._do_post(
           ^^^^^^^^^^^^^^^^^^^^^^^
    ...<6 lines>...
    )
    ^
  File "C:\Users\snrso\AppData\Local\Programs\Python\Python314\Lib\site-packages\telegram\_bot.py", line 733, in _do_post
    result = await request.post(
             ^^^^^^^^^^^^^^^^^^^
    ...<6 lines>...
    )
    ^
  File "C:\Users\snrso\AppData\Local\Programs\Python\Python314\Lib\site-packages\telegram\request\_baserequest.py", line 198, in post
    result = await self._request_wrapper(
             ^^^^^^^^^^^^^^^^^^^^^^^^^^^^
    ...<7 lines>...
    )
    ^
  File "C:\Users\snrso\AppData\Local\Programs\Python\Python314\Lib\site-packages\telegram\request\_baserequest.py", line 375, in _request_wrapper
    raise exception
telegram.error.Conflict: Conflict: terminated by other getUpdates request; make sure that only one bot instance is running
2026-06-06 18:52:24,241 - httpx - INFO - HTTP Request: POST https://api.telegram.org/bot8838756490:AAE1CAsIDfhrFN31LzqwCXZ-3Lu-3tXYN0Y/getUpdates "HTTP/1.1 200 OK"
2026-06-06 18:52:34,426 - httpx - INFO - HTTP Request: POST https://api.telegram.org/bot8838756490:AAE1CAsIDfhrFN31LzqwCXZ-3Lu-3tXYN0Y/getUpdates "HTTP/1.1 200 OK"
2026-06-06 18:52:44,594 - httpx - INFO - HTTP Request: POST https://api.telegram.org/bot8838756490:AAE1CAsIDfhrFN31LzqwCXZ-3Lu-3tXYN0Y/getUpdates "HTTP/1.1 200 OK"
2026-06-06 18:52:47,743 - httpx - INFO - HTTP Request: POST https://api.telegram.org/bot8838756490:AAE1CAsIDfhrFN31LzqwCXZ-3Lu-3tXYN0Y/getUpdates "HTTP/1.1 409 Conflict"
2026-06-06 18:52:47,745 - telegram.ext.Application - ERROR - No error handlers are registered, logging exception.
Traceback (most recent call last):
  File "C:\Users\snrso\AppData\Local\Programs\Python\Python314\Lib\site-packages\telegram\ext\_utils\networkloop.py", line 161, in network_retry_loop
    await do_action()
  File "C:\Users\snrso\AppData\Local\Programs\Python\Python314\Lib\site-packages\telegram\ext\_utils\networkloop.py", line 154, in do_action
    action_cb_task.result()
    ~~~~~~~~~~~~~~~~~~~~~^^
  File "C:\Users\snrso\AppData\Local\Programs\Python\Python314\Lib\site-packages\telegram\ext\_updater.py", line 340, in polling_action_cb
    updates = await self.bot.get_updates(
              ^^^^^^^^^^^^^^^^^^^^^^^^^^^
    ...<3 lines>...
    )
    ^
  File "C:\Users\snrso\AppData\Local\Programs\Python\Python314\Lib\site-packages\telegram\ext\_extbot.py", line 672, in get_updates
    updates = await super().get_updates(
              ^^^^^^^^^^^^^^^^^^^^^^^^^^
    ...<9 lines>...
    )
    ^
  File "C:\Users\snrso\AppData\Local\Programs\Python\Python314\Lib\site-packages\telegram\_bot.py", line 4865, in get_updates
    await self._post(
    ^^^^^^^^^^^^^^^^^
    ...<7 lines>...
    ),
    ^
  File "C:\Users\snrso\AppData\Local\Programs\Python\Python314\Lib\site-packages\telegram\_bot.py", line 704, in _post
    return await self._do_post(
           ^^^^^^^^^^^^^^^^^^^^
    ...<6 lines>...
    )
    ^
  File "C:\Users\snrso\AppData\Local\Programs\Python\Python314\Lib\site-packages\telegram\ext\_extbot.py", line 370, in _do_post
    return await super()._do_post(
           ^^^^^^^^^^^^^^^^^^^^^^^
    ...<6 lines>...
    )
    ^
  File "C:\Users\snrso\AppData\Local\Programs\Python\Python314\Lib\site-packages\telegram\_bot.py", line 733, in _do_post
    result = await request.post(
             ^^^^^^^^^^^^^^^^^^^
    ...<6 lines>...
    )
    ^
  File "C:\Users\snrso\AppData\Local\Programs\Python\Python314\Lib\site-packages\telegram\request\_baserequest.py", line 198, in post
    result = await self._request_wrapper(
             ^^^^^^^^^^^^^^^^^^^^^^^^^^^^
    ...<7 lines>...
    )
    ^
  File "C:\Users\snrso\AppData\Local\Programs\Python\Python314\Lib\site-packages\telegram\request\_baserequest.py", line 375, in _request_wrapper
    raise exception
telegram.error.Conflict: Conflict: terminated by other getUpdates request; make sure that only one bot instance is running
2026-06-06 18:52:51,907 - httpx - INFO - HTTP Request: POST https://api.telegram.org/bot8838756490:AAE1CAsIDfhrFN31LzqwCXZ-3Lu-3tXYN0Y/getUpdates "HTTP/1.1 409 Conflict"
2026-06-06 18:52:51,909 - telegram.ext.Application - ERROR - No error handlers are registered, logging exception.
Traceback (most recent call last):
  File "C:\Users\snrso\AppData\Local\Programs\Python\Python314\Lib\site-packages\telegram\ext\_utils\networkloop.py", line 161, in network_retry_loop
    await do_action()
  File "C:\Users\snrso\AppData\Local\Programs\Python\Python314\Lib\site-packages\telegram\ext\_utils\networkloop.py", line 154, in do_action
    action_cb_task.result()
    ~~~~~~~~~~~~~~~~~~~~~^^
  File "C:\Users\snrso\AppData\Local\Programs\Python\Python314\Lib\site-packages\telegram\ext\_updater.py", line 340, in polling_action_cb
    updates = await self.bot.get_updates(
              ^^^^^^^^^^^^^^^^^^^^^^^^^^^
    ...<3 lines>...
    )
    ^
  File "C:\Users\snrso\AppData\Local\Programs\Python\Python314\Lib\site-packages\telegram\ext\_extbot.py", line 672, in get_updates
    updates = await super().get_updates(
              ^^^^^^^^^^^^^^^^^^^^^^^^^^
    ...<9 lines>...
    )
    ^
  File "C:\Users\snrso\AppData\Local\Programs\Python\Python314\Lib\site-packages\telegram\_bot.py", line 4865, in get_updates
    await self._post(
    ^^^^^^^^^^^^^^^^^
    ...<7 lines>...
    ),
    ^
  File "C:\Users\snrso\AppData\Local\Programs\Python\Python314\Lib\site-packages\telegram\_bot.py", line 704, in _post
    return await self._do_post(
           ^^^^^^^^^^^^^^^^^^^^
    ...<6 lines>...
    )
    ^
  File "C:\Users\snrso\AppData\Local\Programs\Python\Python314\Lib\site-packages\telegram\ext\_extbot.py", line 370, in _do_post
    return await super()._do_post(
           ^^^^^^^^^^^^^^^^^^^^^^^
    ...<6 lines>...
    )
    ^
  File "C:\Users\snrso\AppData\Local\Programs\Python\Python314\Lib\site-packages\telegram\_bot.py", line 733, in _do_post
    result = await request.post(
             ^^^^^^^^^^^^^^^^^^^
    ...<6 lines>...
    )
    ^
  File "C:\Users\snrso\AppData\Local\Programs\Python\Python314\Lib\site-packages\telegram\request\_baserequest.py", line 198, in post
    result = await self._request_wrapper(
             ^^^^^^^^^^^^^^^^^^^^^^^^^^^^
    ...<7 lines>...
    )
    ^
  File "C:\Users\snrso\AppData\Local\Programs\Python\Python314\Lib\site-packages\telegram\request\_baserequest.py", line 375, in _request_wrapper
    raise exception
telegram.error.Conflict: Conflict: terminated by other getUpdates request; make sure that only one bot instance is running
2026-06-06 18:52:58,914 - httpx - INFO - HTTP Request: POST https://api.telegram.org/bot8838756490:AAE1CAsIDfhrFN31LzqwCXZ-3Lu-3tXYN0Y/getUpdates "HTTP/1.1 200 OK"
2026-06-06 18:53:09,090 - httpx - INFO - HTTP Request: POST https://api.telegram.org/bot8838756490:AAE1CAsIDfhrFN31LzqwCXZ-3Lu-3tXYN0Y/getUpdates "HTTP/1.1 200 OK"
2026-06-06 18:53:19,262 - httpx - INFO - HTTP Request: POST https://api.telegram.org/bot8838756490:AAE1CAsIDfhrFN31LzqwCXZ-3Lu-3tXYN0Y/getUpdates "HTTP/1.1 200 OK"
2026-06-06 18:53:22,477 - httpx - INFO - HTTP Request: POST https://api.telegram.org/bot8838756490:AAE1CAsIDfhrFN31LzqwCXZ-3Lu-3tXYN0Y/getUpdates "HTTP/1.1 409 Conflict"
2026-06-06 18:53:22,478 - telegram.ext.Application - ERROR - No error handlers are registered, logging exception.
Traceback (most recent call last):
  File "C:\Users\snrso\AppData\Local\Programs\Python\Python314\Lib\site-packages\telegram\ext\_utils\networkloop.py", line 161, in network_retry_loop
    await do_action()
  File "C:\Users\snrso\AppData\Local\Programs\Python\Python314\Lib\site-packages\telegram\ext\_utils\networkloop.py", line 154, in do_action
    action_cb_task.result()
    ~~~~~~~~~~~~~~~~~~~~~^^
  File "C:\Users\snrso\AppData\Local\Programs\Python\Python314\Lib\site-packages\telegram\ext\_updater.py", line 340, in polling_action_cb
    updates = await self.bot.get_updates(
              ^^^^^^^^^^^^^^^^^^^^^^^^^^^
    ...<3 lines>...
    )
    ^
  File "C:\Users\snrso\AppData\Local\Programs\Python\Python314\Lib\site-packages\telegram\ext\_extbot.py", line 672, in get_updates
    updates = await super().get_updates(
              ^^^^^^^^^^^^^^^^^^^^^^^^^^
    ...<9 lines>...
    )
    ^
  File "C:\Users\snrso\AppData\Local\Programs\Python\Python314\Lib\site-packages\telegram\_bot.py", line 4865, in get_updates
    await self._post(
    ^^^^^^^^^^^^^^^^^
    ...<7 lines>...
    ),
    ^
  File "C:\Users\snrso\AppData\Local\Programs\Python\Python314\Lib\site-packages\telegram\_bot.py", line 704, in _post
    return await self._do_post(
           ^^^^^^^^^^^^^^^^^^^^
    ...<6 lines>...
    )
    ^
  File "C:\Users\snrso\AppData\Local\Programs\Python\Python314\Lib\site-packages\telegram\ext\_extbot.py", line 370, in _do_post
    return await super()._do_post(
           ^^^^^^^^^^^^^^^^^^^^^^^
    ...<6 lines>...
    )
    ^
  File "C:\Users\snrso\AppData\Local\Programs\Python\Python314\Lib\site-packages\telegram\_bot.py", line 733, in _do_post
    result = await request.post(
             ^^^^^^^^^^^^^^^^^^^
    ...<6 lines>...
    )
    ^
  File "C:\Users\snrso\AppData\Local\Programs\Python\Python314\Lib\site-packages\telegram\request\_baserequest.py", line 198, in post
    result = await self._request_wrapper(
             ^^^^^^^^^^^^^^^^^^^^^^^^^^^^
    ...<7 lines>...
    )
    ^
  File "C:\Users\snrso\AppData\Local\Programs\Python\Python314\Lib\site-packages\telegram\request\_baserequest.py", line 375, in _request_wrapper
    raise exception
telegram.error.Conflict: Conflict: terminated by other getUpdates request; make sure that only one bot instance is running
2026-06-06 18:53:27,159 - httpx - INFO - HTTP Request: POST https://api.telegram.org/bot8838756490:AAE1CAsIDfhrFN31LzqwCXZ-3Lu-3tXYN0Y/getUpdates "HTTP/1.1 409 Conflict"
2026-06-06 18:53:27,160 - telegram.ext.Application - ERROR - No error handlers are registered, logging exception.
Traceback (most recent call last):
  File "C:\Users\snrso\AppData\Local\Programs\Python\Python314\Lib\site-packages\telegram\ext\_utils\networkloop.py", line 161, in network_retry_loop
    await do_action()
  File "C:\Users\snrso\AppData\Local\Programs\Python\Python314\Lib\site-packages\telegram\ext\_utils\networkloop.py", line 154, in do_action
    action_cb_task.result()
    ~~~~~~~~~~~~~~~~~~~~~^^
  File "C:\Users\snrso\AppData\Local\Programs\Python\Python314\Lib\site-packages\telegram\ext\_updater.py", line 340, in polling_action_cb
    updates = await self.bot.get_updates(
              ^^^^^^^^^^^^^^^^^^^^^^^^^^^
    ...<3 lines>...
    )
    ^
  File "C:\Users\snrso\AppData\Local\Programs\Python\Python314\Lib\site-packages\telegram\ext\_extbot.py", line 672, in get_updates
    updates = await super().get_updates(
              ^^^^^^^^^^^^^^^^^^^^^^^^^^
    ...<9 lines>...
    )
    ^
  File "C:\Users\snrso\AppData\Local\Programs\Python\Python314\Lib\site-packages\telegram\_bot.py", line 4865, in get_updates
    await self._post(
    ^^^^^^^^^^^^^^^^^
    ...<7 lines>...
    ),
    ^
  File "C:\Users\snrso\AppData\Local\Programs\Python\Python314\Lib\site-packages\telegram\_bot.py", line 704, in _post
    return await self._do_post(
           ^^^^^^^^^^^^^^^^^^^^
    ...<6 lines>...
    )
    ^
  File "C:\Users\snrso\AppData\Local\Programs\Python\Python314\Lib\site-packages\telegram\ext\_extbot.py", line 370, in _do_post
    return await super()._do_post(
           ^^^^^^^^^^^^^^^^^^^^^^^
    ...<6 lines>...
    )
    ^
  File "C:\Users\snrso\AppData\Local\Programs\Python\Python314\Lib\site-packages\telegram\_bot.py", line 733, in _do_post
    result = await request.post(
             ^^^^^^^^^^^^^^^^^^^
    ...<6 lines>...
    )
    ^
  File "C:\Users\snrso\AppData\Local\Programs\Python\Python314\Lib\site-packages\telegram\request\_baserequest.py", line 198, in post
    result = await self._request_wrapper(
             ^^^^^^^^^^^^^^^^^^^^^^^^^^^^
    ...<7 lines>...
    )
    ^
  File "C:\Users\snrso\AppData\Local\Programs\Python\Python314\Lib\site-packages\telegram\request\_baserequest.py", line 375, in _request_wrapper
    raise exception
telegram.error.Conflict: Conflict: terminated by other getUpdates request; make sure that only one bot instance is running
2026-06-06 18:53:33,655 - httpx - INFO - HTTP Request: POST https://api.telegram.org/bot8838756490:AAE1CAsIDfhrFN31LzqwCXZ-3Lu-3tXYN0Y/getUpdates "HTTP/1.1 200 OK"
2026-06-06 18:53:43,823 - httpx - INFO - HTTP Request: POST https://api.telegram.org/bot8838756490:AAE1CAsIDfhrFN31LzqwCXZ-3Lu-3tXYN0Y/getUpdates "HTTP/1.1 200 OK"
2026-06-06 18:53:53,990 - httpx - INFO - HTTP Request: POST https://api.telegram.org/bot8838756490:AAE1CAsIDfhrFN31LzqwCXZ-3Lu-3tXYN0Y/getUpdates "HTTP/1.1 200 OK"
2026-06-06 18:53:57,682 - httpx - INFO - HTTP Request: POST https://api.telegram.org/bot8838756490:AAE1CAsIDfhrFN31LzqwCXZ-3Lu-3tXYN0Y/getUpdates "HTTP/1.1 409 Conflict"
2026-06-06 18:53:57,683 - telegram.ext.Application - ERROR - No error handlers are registered, logging exception.
Traceback (most recent call last):
  File "C:\Users\snrso\AppData\Local\Programs\Python\Python314\Lib\site-packages\telegram\ext\_utils\networkloop.py", line 161, in network_retry_loop
    await do_action()
  File "C:\Users\snrso\AppData\Local\Programs\Python\Python314\Lib\site-packages\telegram\ext\_utils\networkloop.py", line 154, in do_action
    action_cb_task.result()
    ~~~~~~~~~~~~~~~~~~~~~^^
  File "C:\Users\snrso\AppData\Local\Programs\Python\Python314\Lib\site-packages\telegram\ext\_updater.py", line 340, in polling_action_cb
    updates = await self.bot.get_updates(
              ^^^^^^^^^^^^^^^^^^^^^^^^^^^
    ...<3 lines>...
    )
    ^
  File "C:\Users\snrso\AppData\Local\Programs\Python\Python314\Lib\site-packages\telegram\ext\_extbot.py", line 672, in get_updates
    updates = await super().get_updates(
              ^^^^^^^^^^^^^^^^^^^^^^^^^^
    ...<9 lines>...
    )
    ^
  File "C:\Users\snrso\AppData\Local\Programs\Python\Python314\Lib\site-packages\telegram\_bot.py", line 4865, in get_updates
    await self._post(
    ^^^^^^^^^^^^^^^^^
    ...<7 lines>...
    ),
    ^
  File "C:\Users\snrso\AppData\Local\Programs\Python\Python314\Lib\site-packages\telegram\_bot.py", line 704, in _post
    return await self._do_post(
           ^^^^^^^^^^^^^^^^^^^^
    ...<6 lines>...
    )
    ^
  File "C:\Users\snrso\AppData\Local\Programs\Python\Python314\Lib\site-packages\telegram\ext\_extbot.py", line 370, in _do_post
    return await super()._do_post(
           ^^^^^^^^^^^^^^^^^^^^^^^
    ...<6 lines>...
    )
    ^
  File "C:\Users\snrso\AppData\Local\Programs\Python\Python314\Lib\site-packages\telegram\_bot.py", line 733, in _do_post
    result = await request.post(
             ^^^^^^^^^^^^^^^^^^^
    ...<6 lines>...
    )
    ^
  File "C:\Users\snrso\AppData\Local\Programs\Python\Python314\Lib\site-packages\telegram\request\_baserequest.py", line 198, in post
    result = await self._request_wrapper(
             ^^^^^^^^^^^^^^^^^^^^^^^^^^^^
    ...<7 lines>...
    )
    ^
  File "C:\Users\snrso\AppData\Local\Programs\Python\Python314\Lib\site-packages\telegram\request\_baserequest.py", line 375, in _request_wrapper
    raise exception
telegram.error.Conflict: Conflict: terminated by other getUpdates request; make sure that only one bot instance is running
2026-06-06 18:54:01,858 - httpx - INFO - HTTP Request: POST https://api.telegram.org/bot8838756490:AAE1CAsIDfhrFN31LzqwCXZ-3Lu-3tXYN0Y/getUpdates "HTTP/1.1 409 Conflict"
2026-06-06 18:54:01,860 - telegram.ext.Application - ERROR - No error handlers are registered, logging exception.
Traceback (most recent call last):
  File "C:\Users\snrso\AppData\Local\Programs\Python\Python314\Lib\site-packages\telegram\ext\_utils\networkloop.py", line 161, in network_retry_loop
    await do_action()
  File "C:\Users\snrso\AppData\Local\Programs\Python\Python314\Lib\site-packages\telegram\ext\_utils\networkloop.py", line 154, in do_action
    action_cb_task.result()
    ~~~~~~~~~~~~~~~~~~~~~^^
  File "C:\Users\snrso\AppData\Local\Programs\Python\Python314\Lib\site-packages\telegram\ext\_updater.py", line 340, in polling_action_cb
    updates = await self.bot.get_updates(
              ^^^^^^^^^^^^^^^^^^^^^^^^^^^
    ...<3 lines>...
    )
    ^
  File "C:\Users\snrso\AppData\Local\Programs\Python\Python314\Lib\site-packages\telegram\ext\_extbot.py", line 672, in get_updates
    updates = await super().get_updates(
              ^^^^^^^^^^^^^^^^^^^^^^^^^^
    ...<9 lines>...
    )
    ^
  File "C:\Users\snrso\AppData\Local\Programs\Python\Python314\Lib\site-packages\telegram\_bot.py", line 4865, in get_updates
    await self._post(
    ^^^^^^^^^^^^^^^^^
    ...<7 lines>...
    ),
    ^
  File "C:\Users\snrso\AppData\Local\Programs\Python\Python314\Lib\site-packages\telegram\_bot.py", line 704, in _post
    return await self._do_post(
           ^^^^^^^^^^^^^^^^^^^^
    ...<6 lines>...
    )
    ^
  File "C:\Users\snrso\AppData\Local\Programs\Python\Python314\Lib\site-packages\telegram\ext\_extbot.py", line 370, in _do_post
    return await super()._do_post(
           ^^^^^^^^^^^^^^^^^^^^^^^
    ...<6 lines>...
    )
    ^
  File "C:\Users\snrso\AppData\Local\Programs\Python\Python314\Lib\site-packages\telegram\_bot.py", line 733, in _do_post
    result = await request.post(
             ^^^^^^^^^^^^^^^^^^^
    ...<6 lines>...
    )
    ^
  File "C:\Users\snrso\AppData\Local\Programs\Python\Python314\Lib\site-packages\telegram\request\_baserequest.py", line 198, in post
    result = await self._request_wrapper(
             ^^^^^^^^^^^^^^^^^^^^^^^^^^^^
    ...<7 lines>...
    )
    ^
  File "C:\Users\snrso\AppData\Local\Programs\Python\Python314\Lib\site-packages\telegram\request\_baserequest.py", line 375, in _request_wrapper
    raise exception
telegram.error.Conflict: Conflict: terminated by other getUpdates request; make sure that only one bot instance is running
2026-06-06 18:54:08,857 - httpx - INFO - HTTP Request: POST https://api.telegram.org/bot8838756490:AAE1CAsIDfhrFN31LzqwCXZ-3Lu-3tXYN0Y/getUpdates "HTTP/1.1 200 OK"
2026-06-06 18:54:19,090 - httpx - INFO - HTTP Request: POST https://api.telegram.org/bot8838756490:AAE1CAsIDfhrFN31LzqwCXZ-3Lu-3tXYN0Y/getUpdates "HTTP/1.1 200 OK"
2026-06-06 18:54:29,258 - httpx - INFO - HTTP Request: POST https://api.telegram.org/bot8838756490:AAE1CAsIDfhrFN31LzqwCXZ-3Lu-3tXYN0Y/getUpdates "HTTP/1.1 200 OK"
2026-06-06 18:54:32,377 - httpx - INFO - HTTP Request: POST https://api.telegram.org/bot8838756490:AAE1CAsIDfhrFN31LzqwCXZ-3Lu-3tXYN0Y/getUpdates "HTTP/1.1 409 Conflict"
2026-06-06 18:54:32,379 - telegram.ext.Application - ERROR - No error handlers are registered, logging exception.
Traceback (most recent call last):
  File "C:\Users\snrso\AppData\Local\Programs\Python\Python314\Lib\site-packages\telegram\ext\_utils\networkloop.py", line 161, in network_retry_loop
    await do_action()
  File "C:\Users\snrso\AppData\Local\Programs\Python\Python314\Lib\site-packages\telegram\ext\_utils\networkloop.py", line 154, in do_action
    action_cb_task.result()
    ~~~~~~~~~~~~~~~~~~~~~^^
  File "C:\Users\snrso\AppData\Local\Programs\Python\Python314\Lib\site-packages\telegram\ext\_updater.py", line 340, in polling_action_cb
    updates = await self.bot.get_updates(
              ^^^^^^^^^^^^^^^^^^^^^^^^^^^
    ...<3 lines>...
    )
    ^
  File "C:\Users\snrso\AppData\Local\Programs\Python\Python314\Lib\site-packages\telegram\ext\_extbot.py", line 672, in get_updates
    updates = await super().get_updates(
              ^^^^^^^^^^^^^^^^^^^^^^^^^^
    ...<9 lines>...
    )
    ^
  File "C:\Users\snrso\AppData\Local\Programs\Python\Python314\Lib\site-packages\telegram\_bot.py", line 4865, in get_updates
    await self._post(
    ^^^^^^^^^^^^^^^^^
    ...<7 lines>...
    ),
    ^
  File "C:\Users\snrso\AppData\Local\Programs\Python\Python314\Lib\site-packages\telegram\_bot.py", line 704, in _post
    return await self._do_post(
           ^^^^^^^^^^^^^^^^^^^^
    ...<6 lines>...
    )
    ^
  File "C:\Users\snrso\AppData\Local\Programs\Python\Python314\Lib\site-packages\telegram\ext\_extbot.py", line 370, in _do_post
    return await super()._do_post(
           ^^^^^^^^^^^^^^^^^^^^^^^
    ...<6 lines>...
    )
    ^
  File "C:\Users\snrso\AppData\Local\Programs\Python\Python314\Lib\site-packages\telegram\_bot.py", line 733, in _do_post
    result = await request.post(
             ^^^^^^^^^^^^^^^^^^^
    ...<6 lines>...
    )
    ^
  File "C:\Users\snrso\AppData\Local\Programs\Python\Python314\Lib\site-packages\telegram\request\_baserequest.py", line 198, in post
    result = await self._request_wrapper(
             ^^^^^^^^^^^^^^^^^^^^^^^^^^^^
    ...<7 lines>...
    )
    ^
  File "C:\Users\snrso\AppData\Local\Programs\Python\Python314\Lib\site-packages\telegram\request\_baserequest.py", line 375, in _request_wrapper
    raise exception
telegram.error.Conflict: Conflict: terminated by other getUpdates request; make sure that only one bot instance is running
2026-06-06 18:54:36,541 - httpx - INFO - HTTP Request: POST https://api.telegram.org/bot8838756490:AAE1CAsIDfhrFN31LzqwCXZ-3Lu-3tXYN0Y/getUpdates "HTTP/1.1 409 Conflict"
2026-06-06 18:54:36,543 - telegram.ext.Application - ERROR - No error handlers are registered, logging exception.
Traceback (most recent call last):
  File "C:\Users\snrso\AppData\Local\Programs\Python\Python314\Lib\site-packages\telegram\ext\_utils\networkloop.py", line 161, in network_retry_loop
    await do_action()
  File "C:\Users\snrso\AppData\Local\Programs\Python\Python314\Lib\site-packages\telegram\ext\_utils\networkloop.py", line 154, in do_action
    action_cb_task.result()
    ~~~~~~~~~~~~~~~~~~~~~^^
  File "C:\Users\snrso\AppData\Local\Programs\Python\Python314\Lib\site-packages\telegram\ext\_updater.py", line 340, in polling_action_cb
    updates = await self.bot.get_updates(
              ^^^^^^^^^^^^^^^^^^^^^^^^^^^
    ...<3 lines>...
    )
    ^
  File "C:\Users\snrso\AppData\Local\Programs\Python\Python314\Lib\site-packages\telegram\ext\_extbot.py", line 672, in get_updates
    updates = await super().get_updates(
              ^^^^^^^^^^^^^^^^^^^^^^^^^^
    ...<9 lines>...
    )
    ^
  File "C:\Users\snrso\AppData\Local\Programs\Python\Python314\Lib\site-packages\telegram\_bot.py", line 4865, in get_updates
    await self._post(
    ^^^^^^^^^^^^^^^^^
    ...<7 lines>...
    ),
    ^
  File "C:\Users\snrso\AppData\Local\Programs\Python\Python314\Lib\site-packages\telegram\_bot.py", line 704, in _post
    return await self._do_post(
           ^^^^^^^^^^^^^^^^^^^^
    ...<6 lines>...
    )
    ^
  File "C:\Users\snrso\AppData\Local\Programs\Python\Python314\Lib\site-packages\telegram\ext\_extbot.py", line 370, in _do_post
    return await super()._do_post(
           ^^^^^^^^^^^^^^^^^^^^^^^
    ...<6 lines>...
    )
    ^
  File "C:\Users\snrso\AppData\Local\Programs\Python\Python314\Lib\site-packages\telegram\_bot.py", line 733, in _do_post
    result = await request.post(
             ^^^^^^^^^^^^^^^^^^^
    ...<6 lines>...
    )
    ^
  File "C:\Users\snrso\AppData\Local\Programs\Python\Python314\Lib\site-packages\telegram\request\_baserequest.py", line 198, in post
    result = await self._request_wrapper(
             ^^^^^^^^^^^^^^^^^^^^^^^^^^^^
    ...<7 lines>...
    )
    ^
  File "C:\Users\snrso\AppData\Local\Programs\Python\Python314\Lib\site-packages\telegram\request\_baserequest.py", line 375, in _request_wrapper
    raise exception
telegram.error.Conflict: Conflict: terminated by other getUpdates request; make sure that only one bot instance is running
2026-06-06 18:54:43,549 - httpx - INFO - HTTP Request: POST https://api.telegram.org/bot8838756490:AAE1CAsIDfhrFN31LzqwCXZ-3Lu-3tXYN0Y/getUpdates "HTTP/1.1 200 OK"
2026-06-06 18:54:53,726 - httpx - INFO - HTTP Request: POST https://api.telegram.org/bot8838756490:AAE1CAsIDfhrFN31LzqwCXZ-3Lu-3tXYN0Y/getUpdates "HTTP/1.1 200 OK"
2026-06-06 18:55:03,907 - httpx - INFO - HTTP Request: POST https://api.telegram.org/bot8838756490:AAE1CAsIDfhrFN31LzqwCXZ-3Lu-3tXYN0Y/getUpdates "HTTP/1.1 200 OK"
2026-06-06 18:55:07,053 - httpx - INFO - HTTP Request: POST https://api.telegram.org/bot8838756490:AAE1CAsIDfhrFN31LzqwCXZ-3Lu-3tXYN0Y/getUpdates "HTTP/1.1 409 Conflict"
2026-06-06 18:55:07,055 - telegram.ext.Application - ERROR - No error handlers are registered, logging exception.
Traceback (most recent call last):
  File "C:\Users\snrso\AppData\Local\Programs\Python\Python314\Lib\site-packages\telegram\ext\_utils\networkloop.py", line 161, in network_retry_loop
    await do_action()
  File "C:\Users\snrso\AppData\Local\Programs\Python\Python314\Lib\site-packages\telegram\ext\_utils\networkloop.py", line 154, in do_action
    action_cb_task.result()
    ~~~~~~~~~~~~~~~~~~~~~^^
  File "C:\Users\snrso\AppData\Local\Programs\Python\Python314\Lib\site-packages\telegram\ext\_updater.py", line 340, in polling_action_cb
    updates = await self.bot.get_updates(
              ^^^^^^^^^^^^^^^^^^^^^^^^^^^
    ...<3 lines>...
    )
    ^
  File "C:\Users\snrso\AppData\Local\Programs\Python\Python314\Lib\site-packages\telegram\ext\_extbot.py", line 672, in get_updates
    updates = await super().get_updates(
              ^^^^^^^^^^^^^^^^^^^^^^^^^^
    ...<9 lines>...
    )
    ^
  File "C:\Users\snrso\AppData\Local\Programs\Python\Python314\Lib\site-packages\telegram\_bot.py", line 4865, in get_updates
    await self._post(
    ^^^^^^^^^^^^^^^^^
    ...<7 lines>...
    ),
    ^
  File "C:\Users\snrso\AppData\Local\Programs\Python\Python314\Lib\site-packages\telegram\_bot.py", line 704, in _post
    return await self._do_post(
           ^^^^^^^^^^^^^^^^^^^^
    ...<6 lines>...
    )
    ^
  File "C:\Users\snrso\AppData\Local\Programs\Python\Python314\Lib\site-packages\telegram\ext\_extbot.py", line 370, in _do_post
    return await super()._do_post(
           ^^^^^^^^^^^^^^^^^^^^^^^
    ...<6 lines>...
    )
    ^
  File "C:\Users\snrso\AppData\Local\Programs\Python\Python314\Lib\site-packages\telegram\_bot.py", line 733, in _do_post
    result = await request.post(
             ^^^^^^^^^^^^^^^^^^^
    ...<6 lines>...
    )
    ^
  File "C:\Users\snrso\AppData\Local\Programs\Python\Python314\Lib\site-packages\telegram\request\_baserequest.py", line 198, in post
    result = await self._request_wrapper(
             ^^^^^^^^^^^^^^^^^^^^^^^^^^^^
    ...<7 lines>...
    )
    ^
  File "C:\Users\snrso\AppData\Local\Programs\Python\Python314\Lib\site-packages\telegram\request\_baserequest.py", line 375, in _request_wrapper
    raise exception
telegram.error.Conflict: Conflict: terminated by other getUpdates request; make sure that only one bot instance is running
2026-06-06 18:55:11,230 - httpx - INFO - HTTP Request: POST https://api.telegram.org/bot8838756490:AAE1CAsIDfhrFN31LzqwCXZ-3Lu-3tXYN0Y/getUpdates "HTTP/1.1 409 Conflict"
2026-06-06 18:55:11,231 - telegram.ext.Application - ERROR - No error handlers are registered, logging exception.
Traceback (most recent call last):
  File "C:\Users\snrso\AppData\Local\Programs\Python\Python314\Lib\site-packages\telegram\ext\_utils\networkloop.py", line 161, in network_retry_loop
    await do_action()
  File "C:\Users\snrso\AppData\Local\Programs\Python\Python314\Lib\site-packages\telegram\ext\_utils\networkloop.py", line 154, in do_action
    action_cb_task.result()
    ~~~~~~~~~~~~~~~~~~~~~^^
  File "C:\Users\snrso\AppData\Local\Programs\Python\Python314\Lib\site-packages\telegram\ext\_updater.py", line 340, in polling_action_cb
    updates = await self.bot.get_updates(
              ^^^^^^^^^^^^^^^^^^^^^^^^^^^
    ...<3 lines>...
    )
    ^
  File "C:\Users\snrso\AppData\Local\Programs\Python\Python314\Lib\site-packages\telegram\ext\_extbot.py", line 672, in get_updates
    updates = await super().get_updates(
              ^^^^^^^^^^^^^^^^^^^^^^^^^^
    ...<9 lines>...
    )
    ^
  File "C:\Users\snrso\AppData\Local\Programs\Python\Python314\Lib\site-packages\telegram\_bot.py", line 4865, in get_updates
    await self._post(
    ^^^^^^^^^^^^^^^^^
    ...<7 lines>...
    ),
    ^
  File "C:\Users\snrso\AppData\Local\Programs\Python\Python314\Lib\site-packages\telegram\_bot.py", line 704, in _post
    return await self._do_post(
           ^^^^^^^^^^^^^^^^^^^^
    ...<6 lines>...
    )
    ^
  File "C:\Users\snrso\AppData\Local\Programs\Python\Python314\Lib\site-packages\telegram\ext\_extbot.py", line 370, in _do_post
    return await super()._do_post(
           ^^^^^^^^^^^^^^^^^^^^^^^
    ...<6 lines>...
    )
    ^
  File "C:\Users\snrso\AppData\Local\Programs\Python\Python314\Lib\site-packages\telegram\_bot.py", line 733, in _do_post
    result = await request.post(
             ^^^^^^^^^^^^^^^^^^^
    ...<6 lines>...
    )
    ^
  File "C:\Users\snrso\AppData\Local\Programs\Python\Python314\Lib\site-packages\telegram\request\_baserequest.py", line 198, in post
    result = await self._request_wrapper(
             ^^^^^^^^^^^^^^^^^^^^^^^^^^^^
    ...<7 lines>...
    )
    ^
  File "C:\Users\snrso\AppData\Local\Programs\Python\Python314\Lib\site-packages\telegram\request\_baserequest.py", line 375, in _request_wrapper
    raise exception
telegram.error.Conflict: Conflict: terminated by other getUpdates request; make sure that only one bot instance is running
2026-06-06 18:55:18,232 - httpx - INFO - HTTP Request: POST https://api.telegram.org/bot8838756490:AAE1CAsIDfhrFN31LzqwCXZ-3Lu-3tXYN0Y/getUpdates "HTTP/1.1 200 OK"
2026-06-06 18:55:28,401 - httpx - INFO - HTTP Request: POST https://api.telegram.org/bot8838756490:AAE1CAsIDfhrFN31LzqwCXZ-3Lu-3tXYN0Y/getUpdates "HTTP/1.1 200 OK"
2026-06-06 18:55:38,586 - httpx - INFO - HTTP Request: POST https://api.telegram.org/bot8838756490:AAE1CAsIDfhrFN31LzqwCXZ-3Lu-3tXYN0Y/getUpdates "HTTP/1.1 200 OK"
2026-06-06 18:55:41,743 - httpx - INFO - HTTP Request: POST https://api.telegram.org/bot8838756490:AAE1CAsIDfhrFN31LzqwCXZ-3Lu-3tXYN0Y/getUpdates "HTTP/1.1 409 Conflict"
2026-06-06 18:55:41,745 - telegram.ext.Application - ERROR - No error handlers are registered, logging exception.
Traceback (most recent call last):
  File "C:\Users\snrso\AppData\Local\Programs\Python\Python314\Lib\site-packages\telegram\ext\_utils\networkloop.py", line 161, in network_retry_loop
    await do_action()
  File "C:\Users\snrso\AppData\Local\Programs\Python\Python314\Lib\site-packages\telegram\ext\_utils\networkloop.py", line 154, in do_action
    action_cb_task.result()
    ~~~~~~~~~~~~~~~~~~~~~^^
  File "C:\Users\snrso\AppData\Local\Programs\Python\Python314\Lib\site-packages\telegram\ext\_updater.py", line 340, in polling_action_cb
    updates = await self.bot.get_updates(
              ^^^^^^^^^^^^^^^^^^^^^^^^^^^
    ...<3 lines>...
    )
    ^
  File "C:\Users\snrso\AppData\Local\Programs\Python\Python314\Lib\site-packages\telegram\ext\_extbot.py", line 672, in get_updates
    updates = await super().get_updates(
              ^^^^^^^^^^^^^^^^^^^^^^^^^^
    ...<9 lines>...
    )
    ^
  File "C:\Users\snrso\AppData\Local\Programs\Python\Python314\Lib\site-packages\telegram\_bot.py", line 4865, in get_updates
    await self._post(
    ^^^^^^^^^^^^^^^^^
    ...<7 lines>...
    ),
    ^
  File "C:\Users\snrso\AppData\Local\Programs\Python\Python314\Lib\site-packages\telegram\_bot.py", line 704, in _post
    return await self._do_post(
           ^^^^^^^^^^^^^^^^^^^^
    ...<6 lines>...
    )
    ^
  File "C:\Users\snrso\AppData\Local\Programs\Python\Python314\Lib\site-packages\telegram\ext\_extbot.py", line 370, in _do_post
    return await super()._do_post(
           ^^^^^^^^^^^^^^^^^^^^^^^
    ...<6 lines>...
    )
    ^
  File "C:\Users\snrso\AppData\Local\Programs\Python\Python314\Lib\site-packages\telegram\_bot.py", line 733, in _do_post
    result = await request.post(
             ^^^^^^^^^^^^^^^^^^^
    ...<6 lines>...
    )
    ^
  File "C:\Users\snrso\AppData\Local\Programs\Python\Python314\Lib\site-packages\telegram\request\_baserequest.py", line 198, in post
    result = await self._request_wrapper(
             ^^^^^^^^^^^^^^^^^^^^^^^^^^^^
    ...<7 lines>...
    )
    ^
  File "C:\Users\snrso\AppData\Local\Programs\Python\Python314\Lib\site-packages\telegram\request\_baserequest.py", line 375, in _request_wrapper
    raise exception
telegram.error.Conflict: Conflict: terminated by other getUpdates request; make sure that only one bot instance is running
2026-06-06 18:55:45,927 - httpx - INFO - HTTP Request: POST https://api.telegram.org/bot8838756490:AAE1CAsIDfhrFN31LzqwCXZ-3Lu-3tXYN0Y/getUpdates "HTTP/1.1 409 Conflict"
2026-06-06 18:55:45,928 - telegram.ext.Application - ERROR - No error handlers are registered, logging exception.
Traceback (most recent call last):
  File "C:\Users\snrso\AppData\Local\Programs\Python\Python314\Lib\site-packages\telegram\ext\_utils\networkloop.py", line 161, in network_retry_loop
    await do_action()
  File "C:\Users\snrso\AppData\Local\Programs\Python\Python314\Lib\site-packages\telegram\ext\_utils\networkloop.py", line 154, in do_action
    action_cb_task.result()
    ~~~~~~~~~~~~~~~~~~~~~^^
  File "C:\Users\snrso\AppData\Local\Programs\Python\Python314\Lib\site-packages\telegram\ext\_updater.py", line 340, in polling_action_cb
    updates = await self.bot.get_updates(
              ^^^^^^^^^^^^^^^^^^^^^^^^^^^
    ...<3 lines>...
    )
    ^
  File "C:\Users\snrso\AppData\Local\Programs\Python\Python314\Lib\site-packages\telegram\ext\_extbot.py", line 672, in get_updates
    updates = await super().get_updates(
              ^^^^^^^^^^^^^^^^^^^^^^^^^^
    ...<9 lines>...
    )
    ^
  File "C:\Users\snrso\AppData\Local\Programs\Python\Python314\Lib\site-packages\telegram\_bot.py", line 4865, in get_updates
    await self._post(
    ^^^^^^^^^^^^^^^^^
    ...<7 lines>...
    ),
    ^
  File "C:\Users\snrso\AppData\Local\Programs\Python\Python314\Lib\site-packages\telegram\_bot.py", line 704, in _post
    return await self._do_post(
           ^^^^^^^^^^^^^^^^^^^^
    ...<6 lines>...
    )
    ^
  File "C:\Users\snrso\AppData\Local\Programs\Python\Python314\Lib\site-packages\telegram\ext\_extbot.py", line 370, in _do_post
    return await super()._do_post(
           ^^^^^^^^^^^^^^^^^^^^^^^
    ...<6 lines>...
    )
    ^
  File "C:\Users\snrso\AppData\Local\Programs\Python\Python314\Lib\site-packages\telegram\_bot.py", line 733, in _do_post
    result = await request.post(
             ^^^^^^^^^^^^^^^^^^^
    ...<6 lines>...
    )
    ^
  File "C:\Users\snrso\AppData\Local\Programs\Python\Python314\Lib\site-packages\telegram\request\_baserequest.py", line 198, in post
    result = await self._request_wrapper(
             ^^^^^^^^^^^^^^^^^^^^^^^^^^^^
    ...<7 lines>...
    )
    ^
  File "C:\Users\snrso\AppData\Local\Programs\Python\Python314\Lib\site-packages\telegram\request\_baserequest.py", line 375, in _request_wrapper
    raise exception
telegram.error.Conflict: Conflict: terminated by other getUpdates request; make sure that only one bot instance is running
2026-06-06 18:55:52,933 - httpx - INFO - HTTP Request: POST https://api.telegram.org/bot8838756490:AAE1CAsIDfhrFN31LzqwCXZ-3Lu-3tXYN0Y/getUpdates "HTTP/1.1 200 OK"
2026-06-06 18:56:03,107 - httpx - INFO - HTTP Request: POST https://api.telegram.org/bot8838756490:AAE1CAsIDfhrFN31LzqwCXZ-3Lu-3tXYN0Y/getUpdates "HTTP/1.1 200 OK"
2026-06-06 18:56:13,271 - httpx - INFO - HTTP Request: POST https://api.telegram.org/bot8838756490:AAE1CAsIDfhrFN31LzqwCXZ-3Lu-3tXYN0Y/getUpdates "HTTP/1.1 200 OK"
2026-06-06 18:56:16,441 - httpx - INFO - HTTP Request: POST https://api.telegram.org/bot8838756490:AAE1CAsIDfhrFN31LzqwCXZ-3Lu-3tXYN0Y/getUpdates "HTTP/1.1 409 Conflict"
2026-06-06 18:56:16,442 - telegram.ext.Application - ERROR - No error handlers are registered, logging exception.
Traceback (most recent call last):
  File "C:\Users\snrso\AppData\Local\Programs\Python\Python314\Lib\site-packages\telegram\ext\_utils\networkloop.py", line 161, in network_retry_loop
    await do_action()
  File "C:\Users\snrso\AppData\Local\Programs\Python\Python314\Lib\site-packages\telegram\ext\_utils\networkloop.py", line 154, in do_action
    action_cb_task.result()
    ~~~~~~~~~~~~~~~~~~~~~^^
  File "C:\Users\snrso\AppData\Local\Programs\Python\Python314\Lib\site-packages\telegram\ext\_updater.py", line 340, in polling_action_cb
    updates = await self.bot.get_updates(
              ^^^^^^^^^^^^^^^^^^^^^^^^^^^
    ...<3 lines>...
    )
    ^
  File "C:\Users\snrso\AppData\Local\Programs\Python\Python314\Lib\site-packages\telegram\ext\_extbot.py", line 672, in get_updates
    updates = await super().get_updates(
              ^^^^^^^^^^^^^^^^^^^^^^^^^^
    ...<9 lines>...
    )
    ^
  File "C:\Users\snrso\AppData\Local\Programs\Python\Python314\Lib\site-packages\telegram\_bot.py", line 4865, in get_updates
    await self._post(
    ^^^^^^^^^^^^^^^^^
    ...<7 lines>...
    ),
    ^
  File "C:\Users\snrso\AppData\Local\Programs\Python\Python314\Lib\site-packages\telegram\_bot.py", line 704, in _post
    return await self._do_post(
           ^^^^^^^^^^^^^^^^^^^^
    ...<6 lines>...
    )
    ^
  File "C:\Users\snrso\AppData\Local\Programs\Python\Python314\Lib\site-packages\telegram\ext\_extbot.py", line 370, in _do_post
    return await super()._do_post(
           ^^^^^^^^^^^^^^^^^^^^^^^
    ...<6 lines>...
    )
    ^
  File "C:\Users\snrso\AppData\Local\Programs\Python\Python314\Lib\site-packages\telegram\_bot.py", line 733, in _do_post
    result = await request.post(
             ^^^^^^^^^^^^^^^^^^^
    ...<6 lines>...
    )
    ^
  File "C:\Users\snrso\AppData\Local\Programs\Python\Python314\Lib\site-packages\telegram\request\_baserequest.py", line 198, in post
    result = await self._request_wrapper(
             ^^^^^^^^^^^^^^^^^^^^^^^^^^^^
    ...<7 lines>...
    )
    ^
  File "C:\Users\snrso\AppData\Local\Programs\Python\Python314\Lib\site-packages\telegram\request\_baserequest.py", line 375, in _request_wrapper
    raise exception
telegram.error.Conflict: Conflict: terminated by other getUpdates request; make sure that only one bot instance is running
2026-06-06 18:56:20,608 - httpx - INFO - HTTP Request: POST https://api.telegram.org/bot8838756490:AAE1CAsIDfhrFN31LzqwCXZ-3Lu-3tXYN0Y/getUpdates "HTTP/1.1 409 Conflict"
2026-06-06 18:56:20,609 - telegram.ext.Application - ERROR - No error handlers are registered, logging exception.
Traceback (most recent call last):
  File "C:\Users\snrso\AppData\Local\Programs\Python\Python314\Lib\site-packages\telegram\ext\_utils\networkloop.py", line 161, in network_retry_loop
    await do_action()
  File "C:\Users\snrso\AppData\Local\Programs\Python\Python314\Lib\site-packages\telegram\ext\_utils\networkloop.py", line 154, in do_action
    action_cb_task.result()
    ~~~~~~~~~~~~~~~~~~~~~^^
  File "C:\Users\snrso\AppData\Local\Programs\Python\Python314\Lib\site-packages\telegram\ext\_updater.py", line 340, in polling_action_cb
    updates = await self.bot.get_updates(
              ^^^^^^^^^^^^^^^^^^^^^^^^^^^
    ...<3 lines>...
    )
    ^
  File "C:\Users\snrso\AppData\Local\Programs\Python\Python314\Lib\site-packages\telegram\ext\_extbot.py", line 672, in get_updates
    updates = await super().get_updates(
              ^^^^^^^^^^^^^^^^^^^^^^^^^^
    ...<9 lines>...
    )
    ^
  File "C:\Users\snrso\AppData\Local\Programs\Python\Python314\Lib\site-packages\telegram\_bot.py", line 4865, in get_updates
    await self._post(
    ^^^^^^^^^^^^^^^^^
    ...<7 lines>...
    ),
    ^
  File "C:\Users\snrso\AppData\Local\Programs\Python\Python314\Lib\site-packages\telegram\_bot.py", line 704, in _post
    return await self._do_post(
           ^^^^^^^^^^^^^^^^^^^^
    ...<6 lines>...
    )
    ^
  File "C:\Users\snrso\AppData\Local\Programs\Python\Python314\Lib\site-packages\telegram\ext\_extbot.py", line 370, in _do_post
    return await super()._do_post(
           ^^^^^^^^^^^^^^^^^^^^^^^
    ...<6 lines>...
    )
    ^
  File "C:\Users\snrso\AppData\Local\Programs\Python\Python314\Lib\site-packages\telegram\_bot.py", line 733, in _do_post
    result = await request.post(
             ^^^^^^^^^^^^^^^^^^^
    ...<6 lines>...
    )
    ^
  File "C:\Users\snrso\AppData\Local\Programs\Python\Python314\Lib\site-packages\telegram\request\_baserequest.py", line 198, in post
    result = await self._request_wrapper(
             ^^^^^^^^^^^^^^^^^^^^^^^^^^^^
    ...<7 lines>...
    )
    ^
  File "C:\Users\snrso\AppData\Local\Programs\Python\Python314\Lib\site-packages\telegram\request\_baserequest.py", line 375, in _request_wrapper
    raise exception
telegram.error.Conflict: Conflict: terminated by other getUpdates request; make sure that only one bot instance is running
2026-06-06 18:56:27,622 - httpx - INFO - HTTP Request: POST https://api.telegram.org/bot8838756490:AAE1CAsIDfhrFN31LzqwCXZ-3Lu-3tXYN0Y/getUpdates "HTTP/1.1 200 OK"
2026-06-06 18:56:37,789 - httpx - INFO - HTTP Request: POST https://api.telegram.org/bot8838756490:AAE1CAsIDfhrFN31LzqwCXZ-3Lu-3tXYN0Y/getUpdates "HTTP/1.1 200 OK"
2026-06-06 18:56:47,953 - httpx - INFO - HTTP Request: POST https://api.telegram.org/bot8838756490:AAE1CAsIDfhrFN31LzqwCXZ-3Lu-3tXYN0Y/getUpdates "HTTP/1.1 200 OK"
2026-06-06 18:56:51,105 - httpx - INFO - HTTP Request: POST https://api.telegram.org/bot8838756490:AAE1CAsIDfhrFN31LzqwCXZ-3Lu-3tXYN0Y/getUpdates "HTTP/1.1 409 Conflict"
2026-06-06 18:56:51,107 - telegram.ext.Application - ERROR - No error handlers are registered, logging exception.
Traceback (most recent call last):
  File "C:\Users\snrso\AppData\Local\Programs\Python\Python314\Lib\site-packages\telegram\ext\_utils\networkloop.py", line 161, in network_retry_loop
    await do_action()
  File "C:\Users\snrso\AppData\Local\Programs\Python\Python314\Lib\site-packages\telegram\ext\_utils\networkloop.py", line 154, in do_action
    action_cb_task.result()
    ~~~~~~~~~~~~~~~~~~~~~^^
  File "C:\Users\snrso\AppData\Local\Programs\Python\Python314\Lib\site-packages\telegram\ext\_updater.py", line 340, in polling_action_cb
    updates = await self.bot.get_updates(
              ^^^^^^^^^^^^^^^^^^^^^^^^^^^
    ...<3 lines>...
    )
    ^
  File "C:\Users\snrso\AppData\Local\Programs\Python\Python314\Lib\site-packages\telegram\ext\_extbot.py", line 672, in get_updates
    updates = await super().get_updates(
              ^^^^^^^^^^^^^^^^^^^^^^^^^^
    ...<9 lines>...
    )
    ^
  File "C:\Users\snrso\AppData\Local\Programs\Python\Python314\Lib\site-packages\telegram\_bot.py", line 4865, in get_updates
    await self._post(
    ^^^^^^^^^^^^^^^^^
    ...<7 lines>...
    ),
    ^
  File "C:\Users\snrso\AppData\Local\Programs\Python\Python314\Lib\site-packages\telegram\_bot.py", line 704, in _post
    return await self._do_post(
           ^^^^^^^^^^^^^^^^^^^^
    ...<6 lines>...
    )
    ^
  File "C:\Users\snrso\AppData\Local\Programs\Python\Python314\Lib\site-packages\telegram\ext\_extbot.py", line 370, in _do_post
    return await super()._do_post(
           ^^^^^^^^^^^^^^^^^^^^^^^
    ...<6 lines>...
    )
    ^
  File "C:\Users\snrso\AppData\Local\Programs\Python\Python314\Lib\site-packages\telegram\_bot.py", line 733, in _do_post
    result = await request.post(
             ^^^^^^^^^^^^^^^^^^^
    ...<6 lines>...
    )
    ^
  File "C:\Users\snrso\AppData\Local\Programs\Python\Python314\Lib\site-packages\telegram\request\_baserequest.py", line 198, in post
    result = await self._request_wrapper(
             ^^^^^^^^^^^^^^^^^^^^^^^^^^^^
    ...<7 lines>...
    )
    ^
  File "C:\Users\snrso\AppData\Local\Programs\Python\Python314\Lib\site-packages\telegram\request\_baserequest.py", line 375, in _request_wrapper
    raise exception
telegram.error.Conflict: Conflict: terminated by other getUpdates request; make sure that only one bot instance is running
2026-06-06 18:56:55,285 - httpx - INFO - HTTP Request: POST https://api.telegram.org/bot8838756490:AAE1CAsIDfhrFN31LzqwCXZ-3Lu-3tXYN0Y/getUpdates "HTTP/1.1 409 Conflict"
2026-06-06 18:56:55,286 - telegram.ext.Application - ERROR - No error handlers are registered, logging exception.
Traceback (most recent call last):
  File "C:\Users\snrso\AppData\Local\Programs\Python\Python314\Lib\site-packages\telegram\ext\_utils\networkloop.py", line 161, in network_retry_loop
    await do_action()
  File "C:\Users\snrso\AppData\Local\Programs\Python\Python314\Lib\site-packages\telegram\ext\_utils\networkloop.py", line 154, in do_action
    action_cb_task.result()
    ~~~~~~~~~~~~~~~~~~~~~^^
  File "C:\Users\snrso\AppData\Local\Programs\Python\Python314\Lib\site-packages\telegram\ext\_updater.py", line 340, in polling_action_cb
    updates = await self.bot.get_updates(
              ^^^^^^^^^^^^^^^^^^^^^^^^^^^
    ...<3 lines>...
    )
    ^
  File "C:\Users\snrso\AppData\Local\Programs\Python\Python314\Lib\site-packages\telegram\ext\_extbot.py", line 672, in get_updates
    updates = await super().get_updates(
              ^^^^^^^^^^^^^^^^^^^^^^^^^^
    ...<9 lines>...
    )
    ^
  File "C:\Users\snrso\AppData\Local\Programs\Python\Python314\Lib\site-packages\telegram\_bot.py", line 4865, in get_updates
    await self._post(
    ^^^^^^^^^^^^^^^^^
    ...<7 lines>...
    ),
    ^
  File "C:\Users\snrso\AppData\Local\Programs\Python\Python314\Lib\site-packages\telegram\_bot.py", line 704, in _post
    return await self._do_post(
           ^^^^^^^^^^^^^^^^^^^^
    ...<6 lines>...
    )
    ^
  File "C:\Users\snrso\AppData\Local\Programs\Python\Python314\Lib\site-packages\telegram\ext\_extbot.py", line 370, in _do_post
    return await super()._do_post(
           ^^^^^^^^^^^^^^^^^^^^^^^
    ...<6 lines>...
    )
    ^
  File "C:\Users\snrso\AppData\Local\Programs\Python\Python314\Lib\site-packages\telegram\_bot.py", line 733, in _do_post
    result = await request.post(
             ^^^^^^^^^^^^^^^^^^^
    ...<6 lines>...
    )
    ^
  File "C:\Users\snrso\AppData\Local\Programs\Python\Python314\Lib\site-packages\telegram\request\_baserequest.py", line 198, in post
    result = await self._request_wrapper(
             ^^^^^^^^^^^^^^^^^^^^^^^^^^^^
    ...<7 lines>...
    )
    ^
  File "C:\Users\snrso\AppData\Local\Programs\Python\Python314\Lib\site-packages\telegram\request\_baserequest.py", line 375, in _request_wrapper
    raise exception
telegram.error.Conflict: Conflict: terminated by other getUpdates request; make sure that only one bot instance is running
2026-06-06 18:57:02,286 - httpx - INFO - HTTP Request: POST https://api.telegram.org/bot8838756490:AAE1CAsIDfhrFN31LzqwCXZ-3Lu-3tXYN0Y/getUpdates "HTTP/1.1 200 OK"
2026-06-06 18:57:12,452 - httpx - INFO - HTTP Request: POST https://api.telegram.org/bot8838756490:AAE1CAsIDfhrFN31LzqwCXZ-3Lu-3tXYN0Y/getUpdates "HTTP/1.1 200 OK"
2026-06-06 18:57:22,628 - httpx - INFO - HTTP Request: POST https://api.telegram.org/bot8838756490:AAE1CAsIDfhrFN31LzqwCXZ-3Lu-3tXYN0Y/getUpdates "HTTP/1.1 200 OK"
2026-06-06 18:57:25,873 - httpx - INFO - HTTP Request: POST https://api.telegram.org/bot8838756490:AAE1CAsIDfhrFN31LzqwCXZ-3Lu-3tXYN0Y/getUpdates "HTTP/1.1 409 Conflict"
2026-06-06 18:57:25,874 - telegram.ext.Application - ERROR - No error handlers are registered, logging exception.
Traceback (most recent call last):
  File "C:\Users\snrso\AppData\Local\Programs\Python\Python314\Lib\site-packages\telegram\ext\_utils\networkloop.py", line 161, in network_retry_loop
    await do_action()
  File "C:\Users\snrso\AppData\Local\Programs\Python\Python314\Lib\site-packages\telegram\ext\_utils\networkloop.py", line 154, in do_action
    action_cb_task.result()
    ~~~~~~~~~~~~~~~~~~~~~^^
  File "C:\Users\snrso\AppData\Local\Programs\Python\Python314\Lib\site-packages\telegram\ext\_updater.py", line 340, in polling_action_cb
    updates = await self.bot.get_updates(
              ^^^^^^^^^^^^^^^^^^^^^^^^^^^
    ...<3 lines>...
    )
    ^
  File "C:\Users\snrso\AppData\Local\Programs\Python\Python314\Lib\site-packages\telegram\ext\_extbot.py", line 672, in get_updates
    updates = await super().get_updates(
              ^^^^^^^^^^^^^^^^^^^^^^^^^^
    ...<9 lines>...
    )
    ^
  File "C:\Users\snrso\AppData\Local\Programs\Python\Python314\Lib\site-packages\telegram\_bot.py", line 4865, in get_updates
    await self._post(
    ^^^^^^^^^^^^^^^^^
    ...<7 lines>...
    ),
    ^
  File "C:\Users\snrso\AppData\Local\Programs\Python\Python314\Lib\site-packages\telegram\_bot.py", line 704, in _post
    return await self._do_post(
           ^^^^^^^^^^^^^^^^^^^^
    ...<6 lines>...
    )
    ^
  File "C:\Users\snrso\AppData\Local\Programs\Python\Python314\Lib\site-packages\telegram\ext\_extbot.py", line 370, in _do_post
    return await super()._do_post(
           ^^^^^^^^^^^^^^^^^^^^^^^
    ...<6 lines>...
    )
    ^
  File "C:\Users\snrso\AppData\Local\Programs\Python\Python314\Lib\site-packages\telegram\_bot.py", line 733, in _do_post
    result = await request.post(
             ^^^^^^^^^^^^^^^^^^^
    ...<6 lines>...
    )
    ^
  File "C:\Users\snrso\AppData\Local\Programs\Python\Python314\Lib\site-packages\telegram\request\_baserequest.py", line 198, in post
    result = await self._request_wrapper(
             ^^^^^^^^^^^^^^^^^^^^^^^^^^^^
    ...<7 lines>...
    )
    ^
  File "C:\Users\snrso\AppData\Local\Programs\Python\Python314\Lib\site-packages\telegram\request\_baserequest.py", line 375, in _request_wrapper
    raise exception
telegram.error.Conflict: Conflict: terminated by other getUpdates request; make sure that only one bot instance is running
2026-06-06 18:57:30,043 - httpx - INFO - HTTP Request: POST https://api.telegram.org/bot8838756490:AAE1CAsIDfhrFN31LzqwCXZ-3Lu-3tXYN0Y/getUpdates "HTTP/1.1 409 Conflict"
2026-06-06 18:57:30,045 - telegram.ext.Application - ERROR - No error handlers are registered, logging exception.
Traceback (most recent call last):
  File "C:\Users\snrso\AppData\Local\Programs\Python\Python314\Lib\site-packages\telegram\ext\_utils\networkloop.py", line 161, in network_retry_loop
    await do_action()
  File "C:\Users\snrso\AppData\Local\Programs\Python\Python314\Lib\site-packages\telegram\ext\_utils\networkloop.py", line 154, in do_action
    action_cb_task.result()
    ~~~~~~~~~~~~~~~~~~~~~^^
  File "C:\Users\snrso\AppData\Local\Programs\Python\Python314\Lib\site-packages\telegram\ext\_updater.py", line 340, in polling_action_cb
    updates = await self.bot.get_updates(
              ^^^^^^^^^^^^^^^^^^^^^^^^^^^
    ...<3 lines>...
    )
    ^
  File "C:\Users\snrso\AppData\Local\Programs\Python\Python314\Lib\site-packages\telegram\ext\_extbot.py", line 672, in get_updates
    updates = await super().get_updates(
              ^^^^^^^^^^^^^^^^^^^^^^^^^^
    ...<9 lines>...
    )
    ^
  File "C:\Users\snrso\AppData\Local\Programs\Python\Python314\Lib\site-packages\telegram\_bot.py", line 4865, in get_updates
    await self._post(
    ^^^^^^^^^^^^^^^^^
    ...<7 lines>...
    ),
    ^
  File "C:\Users\snrso\AppData\Local\Programs\Python\Python314\Lib\site-packages\telegram\_bot.py", line 704, in _post
    return await self._do_post(
           ^^^^^^^^^^^^^^^^^^^^
    ...<6 lines>...
    )
    ^
  File "C:\Users\snrso\AppData\Local\Programs\Python\Python314\Lib\site-packages\telegram\ext\_extbot.py", line 370, in _do_post
    return await super()._do_post(
           ^^^^^^^^^^^^^^^^^^^^^^^
    ...<6 lines>...
    )
    ^
  File "C:\Users\snrso\AppData\Local\Programs\Python\Python314\Lib\site-packages\telegram\_bot.py", line 733, in _do_post
    result = await request.post(
             ^^^^^^^^^^^^^^^^^^^
    ...<6 lines>...
    )
    ^
  File "C:\Users\snrso\AppData\Local\Programs\Python\Python314\Lib\site-packages\telegram\request\_baserequest.py", line 198, in post
    result = await self._request_wrapper(
             ^^^^^^^^^^^^^^^^^^^^^^^^^^^^
    ...<7 lines>...
    )
    ^
  File "C:\Users\snrso\AppData\Local\Programs\Python\Python314\Lib\site-packages\telegram\request\_baserequest.py", line 375, in _request_wrapper
    raise exception
telegram.error.Conflict: Conflict: terminated by other getUpdates request; make sure that only one bot instance is running
2026-06-06 18:57:37,050 - httpx - INFO - HTTP Request: POST https://api.telegram.org/bot8838756490:AAE1CAsIDfhrFN31LzqwCXZ-3Lu-3tXYN0Y/getUpdates "HTTP/1.1 200 OK"
2026-06-06 18:57:47,217 - httpx - INFO - HTTP Request: POST https://api.telegram.org/bot8838756490:AAE1CAsIDfhrFN31LzqwCXZ-3Lu-3tXYN0Y/getUpdates "HTTP/1.1 200 OK"
2026-06-06 18:57:57,383 - httpx - INFO - HTTP Request: POST https://api.telegram.org/bot8838756490:AAE1CAsIDfhrFN31LzqwCXZ-3Lu-3tXYN0Y/getUpdates "HTTP/1.1 200 OK"
2026-06-06 18:58:00,541 - httpx - INFO - HTTP Request: POST https://api.telegram.org/bot8838756490:AAE1CAsIDfhrFN31LzqwCXZ-3Lu-3tXYN0Y/getUpdates "HTTP/1.1 409 Conflict"
2026-06-06 18:58:00,542 - telegram.ext.Application - ERROR - No error handlers are registered, logging exception.
Traceback (most recent call last):
  File "C:\Users\snrso\AppData\Local\Programs\Python\Python314\Lib\site-packages\telegram\ext\_utils\networkloop.py", line 161, in network_retry_loop
    await do_action()
  File "C:\Users\snrso\AppData\Local\Programs\Python\Python314\Lib\site-packages\telegram\ext\_utils\networkloop.py", line 154, in do_action
    action_cb_task.result()
    ~~~~~~~~~~~~~~~~~~~~~^^
  File "C:\Users\snrso\AppData\Local\Programs\Python\Python314\Lib\site-packages\telegram\ext\_updater.py", line 340, in polling_action_cb
    updates = await self.bot.get_updates(
              ^^^^^^^^^^^^^^^^^^^^^^^^^^^
    ...<3 lines>...
    )
    ^
  File "C:\Users\snrso\AppData\Local\Programs\Python\Python314\Lib\site-packages\telegram\ext\_extbot.py", line 672, in get_updates
    updates = await super().get_updates(
              ^^^^^^^^^^^^^^^^^^^^^^^^^^
    ...<9 lines>...
    )
    ^
  File "C:\Users\snrso\AppData\Local\Programs\Python\Python314\Lib\site-packages\telegram\_bot.py", line 4865, in get_updates
    await self._post(
    ^^^^^^^^^^^^^^^^^
    ...<7 lines>...
    ),
    ^
  File "C:\Users\snrso\AppData\Local\Programs\Python\Python314\Lib\site-packages\telegram\_bot.py", line 704, in _post
    return await self._do_post(
           ^^^^^^^^^^^^^^^^^^^^
    ...<6 lines>...
    )
    ^
  File "C:\Users\snrso\AppData\Local\Programs\Python\Python314\Lib\site-packages\telegram\ext\_extbot.py", line 370, in _do_post
    return await super()._do_post(
           ^^^^^^^^^^^^^^^^^^^^^^^
    ...<6 lines>...
    )
    ^
  File "C:\Users\snrso\AppData\Local\Programs\Python\Python314\Lib\site-packages\telegram\_bot.py", line 733, in _do_post
    result = await request.post(
             ^^^^^^^^^^^^^^^^^^^
    ...<6 lines>...
    )
    ^
  File "C:\Users\snrso\AppData\Local\Programs\Python\Python314\Lib\site-packages\telegram\request\_baserequest.py", line 198, in post
    result = await self._request_wrapper(
             ^^^^^^^^^^^^^^^^^^^^^^^^^^^^
    ...<7 lines>...
    )
    ^
  File "C:\Users\snrso\AppData\Local\Programs\Python\Python314\Lib\site-packages\telegram\request\_baserequest.py", line 375, in _request_wrapper
    raise exception
telegram.error.Conflict: Conflict: terminated by other getUpdates request; make sure that only one bot instance is running
2026-06-06 18:58:04,713 - httpx - INFO - HTTP Request: POST https://api.telegram.org/bot8838756490:AAE1CAsIDfhrFN31LzqwCXZ-3Lu-3tXYN0Y/getUpdates "HTTP/1.1 409 Conflict"
2026-06-06 18:58:04,714 - telegram.ext.Application - ERROR - No error handlers are registered, logging exception.
Traceback (most recent call last):
  File "C:\Users\snrso\AppData\Local\Programs\Python\Python314\Lib\site-packages\telegram\ext\_utils\networkloop.py", line 161, in network_retry_loop
    await do_action()
  File "C:\Users\snrso\AppData\Local\Programs\Python\Python314\Lib\site-packages\telegram\ext\_utils\networkloop.py", line 154, in do_action
    action_cb_task.result()
    ~~~~~~~~~~~~~~~~~~~~~^^
  File "C:\Users\snrso\AppData\Local\Programs\Python\Python314\Lib\site-packages\telegram\ext\_updater.py", line 340, in polling_action_cb
    updates = await self.bot.get_updates(
              ^^^^^^^^^^^^^^^^^^^^^^^^^^^
    ...<3 lines>...
    )
    ^
  File "C:\Users\snrso\AppData\Local\Programs\Python\Python314\Lib\site-packages\telegram\ext\_extbot.py", line 672, in get_updates
    updates = await super().get_updates(
              ^^^^^^^^^^^^^^^^^^^^^^^^^^
    ...<9 lines>...
    )
    ^
  File "C:\Users\snrso\AppData\Local\Programs\Python\Python314\Lib\site-packages\telegram\_bot.py", line 4865, in get_updates
    await self._post(
    ^^^^^^^^^^^^^^^^^
    ...<7 lines>...
    ),
    ^
  File "C:\Users\snrso\AppData\Local\Programs\Python\Python314\Lib\site-packages\telegram\_bot.py", line 704, in _post
    return await self._do_post(
           ^^^^^^^^^^^^^^^^^^^^
    ...<6 lines>...
    )
    ^
  File "C:\Users\snrso\AppData\Local\Programs\Python\Python314\Lib\site-packages\telegram\ext\_extbot.py", line 370, in _do_post
    return await super()._do_post(
           ^^^^^^^^^^^^^^^^^^^^^^^
    ...<6 lines>...
    )
    ^
  File "C:\Users\snrso\AppData\Local\Programs\Python\Python314\Lib\site-packages\telegram\_bot.py", line 733, in _do_post
    result = await request.post(
             ^^^^^^^^^^^^^^^^^^^
    ...<6 lines>...
    )
    ^
  File "C:\Users\snrso\AppData\Local\Programs\Python\Python314\Lib\site-packages\telegram\request\_baserequest.py", line 198, in post
    result = await self._request_wrapper(
             ^^^^^^^^^^^^^^^^^^^^^^^^^^^^
    ...<7 lines>...
    )
    ^
  File "C:\Users\snrso\AppData\Local\Programs\Python\Python314\Lib\site-packages\telegram\request\_baserequest.py", line 375, in _request_wrapper
    raise exception
telegram.error.Conflict: Conflict: terminated by other getUpdates request; make sure that only one bot instance is running
2026-06-06 18:58:11,717 - httpx - INFO - HTTP Request: POST https://api.telegram.org/bot8838756490:AAE1CAsIDfhrFN31LzqwCXZ-3Lu-3tXYN0Y/getUpdates "HTTP/1.1 200 OK"
2026-06-06 18:58:21,891 - httpx - INFO - HTTP Request: POST https://api.telegram.org/bot8838756490:AAE1CAsIDfhrFN31LzqwCXZ-3Lu-3tXYN0Y/getUpdates "HTTP/1.1 200 OK"
2026-06-06 18:58:32,065 - httpx - INFO - HTTP Request: POST https://api.telegram.org/bot8838756490:AAE1CAsIDfhrFN31LzqwCXZ-3Lu-3tXYN0Y/getUpdates "HTTP/1.1 200 OK"
2026-06-06 18:58:35,225 - httpx - INFO - HTTP Request: POST https://api.telegram.org/bot8838756490:AAE1CAsIDfhrFN31LzqwCXZ-3Lu-3tXYN0Y/getUpdates "HTTP/1.1 409 Conflict"
2026-06-06 18:58:35,226 - telegram.ext.Application - ERROR - No error handlers are registered, logging exception.
Traceback (most recent call last):
  File "C:\Users\snrso\AppData\Local\Programs\Python\Python314\Lib\site-packages\telegram\ext\_utils\networkloop.py", line 161, in network_retry_loop
    await do_action()
  File "C:\Users\snrso\AppData\Local\Programs\Python\Python314\Lib\site-packages\telegram\ext\_utils\networkloop.py", line 154, in do_action
    action_cb_task.result()
    ~~~~~~~~~~~~~~~~~~~~~^^
  File "C:\Users\snrso\AppData\Local\Programs\Python\Python314\Lib\site-packages\telegram\ext\_updater.py", line 340, in polling_action_cb
    updates = await self.bot.get_updates(
              ^^^^^^^^^^^^^^^^^^^^^^^^^^^
    ...<3 lines>...
    )
    ^
  File "C:\Users\snrso\AppData\Local\Programs\Python\Python314\Lib\site-packages\telegram\ext\_extbot.py", line 672, in get_updates
    updates = await super().get_updates(
              ^^^^^^^^^^^^^^^^^^^^^^^^^^
    ...<9 lines>...
    )
    ^
  File "C:\Users\snrso\AppData\Local\Programs\Python\Python314\Lib\site-packages\telegram\_bot.py", line 4865, in get_updates
    await self._post(
    ^^^^^^^^^^^^^^^^^
    ...<7 lines>...
    ),
    ^
  File "C:\Users\snrso\AppData\Local\Programs\Python\Python314\Lib\site-packages\telegram\_bot.py", line 704, in _post
    return await self._do_post(
           ^^^^^^^^^^^^^^^^^^^^
    ...<6 lines>...
    )
    ^
  File "C:\Users\snrso\AppData\Local\Programs\Python\Python314\Lib\site-packages\telegram\ext\_extbot.py", line 370, in _do_post
    return await super()._do_post(
           ^^^^^^^^^^^^^^^^^^^^^^^
    ...<6 lines>...
    )
    ^
  File "C:\Users\snrso\AppData\Local\Programs\Python\Python314\Lib\site-packages\telegram\_bot.py", line 733, in _do_post
    result = await request.post(
             ^^^^^^^^^^^^^^^^^^^
    ...<6 lines>...
    )
    ^
  File "C:\Users\snrso\AppData\Local\Programs\Python\Python314\Lib\site-packages\telegram\request\_baserequest.py", line 198, in post
    result = await self._request_wrapper(
             ^^^^^^^^^^^^^^^^^^^^^^^^^^^^
    ...<7 lines>...
    )
    ^
  File "C:\Users\snrso\AppData\Local\Programs\Python\Python314\Lib\site-packages\telegram\request\_baserequest.py", line 375, in _request_wrapper
    raise exception
telegram.error.Conflict: Conflict: terminated by other getUpdates request; make sure that only one bot instance is running
2026-06-06 18:58:39,404 - httpx - INFO - HTTP Request: POST https://api.telegram.org/bot8838756490:AAE1CAsIDfhrFN31LzqwCXZ-3Lu-3tXYN0Y/getUpdates "HTTP/1.1 409 Conflict"
2026-06-06 18:58:39,406 - telegram.ext.Application - ERROR - No error handlers are registered, logging exception.
Traceback (most recent call last):
  File "C:\Users\snrso\AppData\Local\Programs\Python\Python314\Lib\site-packages\telegram\ext\_utils\networkloop.py", line 161, in network_retry_loop
    await do_action()
  File "C:\Users\snrso\AppData\Local\Programs\Python\Python314\Lib\site-packages\telegram\ext\_utils\networkloop.py", line 154, in do_action
    action_cb_task.result()
    ~~~~~~~~~~~~~~~~~~~~~^^
  File "C:\Users\snrso\AppData\Local\Programs\Python\Python314\Lib\site-packages\telegram\ext\_updater.py", line 340, in polling_action_cb
    updates = await self.bot.get_updates(
              ^^^^^^^^^^^^^^^^^^^^^^^^^^^
    ...<3 lines>...
    )
    ^
  File "C:\Users\snrso\AppData\Local\Programs\Python\Python314\Lib\site-packages\telegram\ext\_extbot.py", line 672, in get_updates
    updates = await super().get_updates(
              ^^^^^^^^^^^^^^^^^^^^^^^^^^
    ...<9 lines>...
    )
    ^
  File "C:\Users\snrso\AppData\Local\Programs\Python\Python314\Lib\site-packages\telegram\_bot.py", line 4865, in get_updates
    await self._post(
    ^^^^^^^^^^^^^^^^^
    ...<7 lines>...
    ),
    ^
  File "C:\Users\snrso\AppData\Local\Programs\Python\Python314\Lib\site-packages\telegram\_bot.py", line 704, in _post
    return await self._do_post(
           ^^^^^^^^^^^^^^^^^^^^
    ...<6 lines>...
    )
    ^
  File "C:\Users\snrso\AppData\Local\Programs\Python\Python314\Lib\site-packages\telegram\ext\_extbot.py", line 370, in _do_post
    return await super()._do_post(
           ^^^^^^^^^^^^^^^^^^^^^^^
    ...<6 lines>...
    )
    ^
  File "C:\Users\snrso\AppData\Local\Programs\Python\Python314\Lib\site-packages\telegram\_bot.py", line 733, in _do_post
    result = await request.post(
             ^^^^^^^^^^^^^^^^^^^
    ...<6 lines>...
    )
    ^
  File "C:\Users\snrso\AppData\Local\Programs\Python\Python314\Lib\site-packages\telegram\request\_baserequest.py", line 198, in post
    result = await self._request_wrapper(
             ^^^^^^^^^^^^^^^^^^^^^^^^^^^^
    ...<7 lines>...
    )
    ^
  File "C:\Users\snrso\AppData\Local\Programs\Python\Python314\Lib\site-packages\telegram\request\_baserequest.py", line 375, in _request_wrapper
    raise exception
telegram.error.Conflict: Conflict: terminated by other getUpdates request; make sure that only one bot instance is running
2026-06-06 18:58:46,410 - httpx - INFO - HTTP Request: POST https://api.telegram.org/bot8838756490:AAE1CAsIDfhrFN31LzqwCXZ-3Lu-3tXYN0Y/getUpdates "HTTP/1.1 200 OK"
2026-06-06 18:58:56,576 - httpx - INFO - HTTP Request: POST https://api.telegram.org/bot8838756490:AAE1CAsIDfhrFN31LzqwCXZ-3Lu-3tXYN0Y/getUpdates "HTTP/1.1 200 OK"
2026-06-06 18:59:06,754 - httpx - INFO - HTTP Request: POST https://api.telegram.org/bot8838756490:AAE1CAsIDfhrFN31LzqwCXZ-3Lu-3tXYN0Y/getUpdates "HTTP/1.1 200 OK"
2026-06-06 18:59:09,927 - httpx - INFO - HTTP Request: POST https://api.telegram.org/bot8838756490:AAE1CAsIDfhrFN31LzqwCXZ-3Lu-3tXYN0Y/getUpdates "HTTP/1.1 409 Conflict"
2026-06-06 18:59:09,928 - telegram.ext.Application - ERROR - No error handlers are registered, logging exception.
Traceback (most recent call last):
  File "C:\Users\snrso\AppData\Local\Programs\Python\Python314\Lib\site-packages\telegram\ext\_utils\networkloop.py", line 161, in network_retry_loop
    await do_action()
  File "C:\Users\snrso\AppData\Local\Programs\Python\Python314\Lib\site-packages\telegram\ext\_utils\networkloop.py", line 154, in do_action
    action_cb_task.result()
    ~~~~~~~~~~~~~~~~~~~~~^^
  File "C:\Users\snrso\AppData\Local\Programs\Python\Python314\Lib\site-packages\telegram\ext\_updater.py", line 340, in polling_action_cb
    updates = await self.bot.get_updates(
              ^^^^^^^^^^^^^^^^^^^^^^^^^^^
    ...<3 lines>...
    )
    ^
  File "C:\Users\snrso\AppData\Local\Programs\Python\Python314\Lib\site-packages\telegram\ext\_extbot.py", line 672, in get_updates
    updates = await super().get_updates(
              ^^^^^^^^^^^^^^^^^^^^^^^^^^
    ...<9 lines>...
    )
    ^
  File "C:\Users\snrso\AppData\Local\Programs\Python\Python314\Lib\site-packages\telegram\_bot.py", line 4865, in get_updates
    await self._post(
    ^^^^^^^^^^^^^^^^^
    ...<7 lines>...
    ),
    ^
  File "C:\Users\snrso\AppData\Local\Programs\Python\Python314\Lib\site-packages\telegram\_bot.py", line 704, in _post
    return await self._do_post(
           ^^^^^^^^^^^^^^^^^^^^
    ...<6 lines>...
    )
    ^
  File "C:\Users\snrso\AppData\Local\Programs\Python\Python314\Lib\site-packages\telegram\ext\_extbot.py", line 370, in _do_post
    return await super()._do_post(
           ^^^^^^^^^^^^^^^^^^^^^^^
    ...<6 lines>...
    )
    ^
  File "C:\Users\snrso\AppData\Local\Programs\Python\Python314\Lib\site-packages\telegram\_bot.py", line 733, in _do_post
    result = await request.post(
             ^^^^^^^^^^^^^^^^^^^
    ...<6 lines>...
    )
    ^
  File "C:\Users\snrso\AppData\Local\Programs\Python\Python314\Lib\site-packages\telegram\request\_baserequest.py", line 198, in post
    result = await self._request_wrapper(
             ^^^^^^^^^^^^^^^^^^^^^^^^^^^^
    ...<7 lines>...
    )
    ^
  File "C:\Users\snrso\AppData\Local\Programs\Python\Python314\Lib\site-packages\telegram\request\_baserequest.py", line 375, in _request_wrapper
    raise exception
telegram.error.Conflict: Conflict: terminated by other getUpdates request; make sure that only one bot instance is running
2026-06-06 18:59:14,112 - httpx - INFO - HTTP Request: POST https://api.telegram.org/bot8838756490:AAE1CAsIDfhrFN31LzqwCXZ-3Lu-3tXYN0Y/getUpdates "HTTP/1.1 409 Conflict"
2026-06-06 18:59:14,114 - telegram.ext.Application - ERROR - No error handlers are registered, logging exception.
Traceback (most recent call last):
  File "C:\Users\snrso\AppData\Local\Programs\Python\Python314\Lib\site-packages\telegram\ext\_utils\networkloop.py", line 161, in network_retry_loop
    await do_action()
  File "C:\Users\snrso\AppData\Local\Programs\Python\Python314\Lib\site-packages\telegram\ext\_utils\networkloop.py", line 154, in do_action
    action_cb_task.result()
    ~~~~~~~~~~~~~~~~~~~~~^^
  File "C:\Users\snrso\AppData\Local\Programs\Python\Python314\Lib\site-packages\telegram\ext\_updater.py", line 340, in polling_action_cb
    updates = await self.bot.get_updates(
              ^^^^^^^^^^^^^^^^^^^^^^^^^^^
    ...<3 lines>...
    )
    ^
  File "C:\Users\snrso\AppData\Local\Programs\Python\Python314\Lib\site-packages\telegram\ext\_extbot.py", line 672, in get_updates
    updates = await super().get_updates(
              ^^^^^^^^^^^^^^^^^^^^^^^^^^
    ...<9 lines>...
    )
    ^
  File "C:\Users\snrso\AppData\Local\Programs\Python\Python314\Lib\site-packages\telegram\_bot.py", line 4865, in get_updates
    await self._post(
    ^^^^^^^^^^^^^^^^^
    ...<7 lines>...
    ),
    ^
  File "C:\Users\snrso\AppData\Local\Programs\Python\Python314\Lib\site-packages\telegram\_bot.py", line 704, in _post
    return await self._do_post(
           ^^^^^^^^^^^^^^^^^^^^
    ...<6 lines>...
    )
    ^
  File "C:\Users\snrso\AppData\Local\Programs\Python\Python314\Lib\site-packages\telegram\ext\_extbot.py", line 370, in _do_post
    return await super()._do_post(
           ^^^^^^^^^^^^^^^^^^^^^^^
    ...<6 lines>...
    )
    ^
  File "C:\Users\snrso\AppData\Local\Programs\Python\Python314\Lib\site-packages\telegram\_bot.py", line 733, in _do_post
    result = await request.post(
             ^^^^^^^^^^^^^^^^^^^
    ...<6 lines>...
    )
    ^
  File "C:\Users\snrso\AppData\Local\Programs\Python\Python314\Lib\site-packages\telegram\request\_baserequest.py", line 198, in post
    result = await self._request_wrapper(
             ^^^^^^^^^^^^^^^^^^^^^^^^^^^^
    ...<7 lines>...
    )
    ^
  File "C:\Users\snrso\AppData\Local\Programs\Python\Python314\Lib\site-packages\telegram\request\_baserequest.py", line 375, in _request_wrapper
    raise exception
telegram.error.Conflict: Conflict: terminated by other getUpdates request; make sure that only one bot instance is running
2026-06-06 18:59:21,115 - httpx - INFO - HTTP Request: POST https://api.telegram.org/bot8838756490:AAE1CAsIDfhrFN31LzqwCXZ-3Lu-3tXYN0Y/getUpdates "HTTP/1.1 200 OK"
2026-06-06 18:59:31,284 - httpx - INFO - HTTP Request: POST https://api.telegram.org/bot8838756490:AAE1CAsIDfhrFN31LzqwCXZ-3Lu-3tXYN0Y/getUpdates "HTTP/1.1 200 OK"
2026-06-06 18:59:41,448 - httpx - INFO - HTTP Request: POST https://api.telegram.org/bot8838756490:AAE1CAsIDfhrFN31LzqwCXZ-3Lu-3tXYN0Y/getUpdates "HTTP/1.1 200 OK"
2026-06-06 18:59:44,622 - httpx - INFO - HTTP Request: POST https://api.telegram.org/bot8838756490:AAE1CAsIDfhrFN31LzqwCXZ-3Lu-3tXYN0Y/getUpdates "HTTP/1.1 409 Conflict"
2026-06-06 18:59:44,623 - telegram.ext.Application - ERROR - No error handlers are registered, logging exception.
Traceback (most recent call last):
  File "C:\Users\snrso\AppData\Local\Programs\Python\Python314\Lib\site-packages\telegram\ext\_utils\networkloop.py", line 161, in network_retry_loop
    await do_action()
  File "C:\Users\snrso\AppData\Local\Programs\Python\Python314\Lib\site-packages\telegram\ext\_utils\networkloop.py", line 154, in do_action
    action_cb_task.result()
    ~~~~~~~~~~~~~~~~~~~~~^^
  File "C:\Users\snrso\AppData\Local\Programs\Python\Python314\Lib\site-packages\telegram\ext\_updater.py", line 340, in polling_action_cb
    updates = await self.bot.get_updates(
              ^^^^^^^^^^^^^^^^^^^^^^^^^^^
    ...<3 lines>...
    )
    ^
  File "C:\Users\snrso\AppData\Local\Programs\Python\Python314\Lib\site-packages\telegram\ext\_extbot.py", line 672, in get_updates
    updates = await super().get_updates(
              ^^^^^^^^^^^^^^^^^^^^^^^^^^
    ...<9 lines>...
    )
    ^
  File "C:\Users\snrso\AppData\Local\Programs\Python\Python314\Lib\site-packages\telegram\_bot.py", line 4865, in get_updates
    await self._post(
    ^^^^^^^^^^^^^^^^^
    ...<7 lines>...
    ),
    ^
  File "C:\Users\snrso\AppData\Local\Programs\Python\Python314\Lib\site-packages\telegram\_bot.py", line 704, in _post
    return await self._do_post(
           ^^^^^^^^^^^^^^^^^^^^
    ...<6 lines>...
    )
    ^
  File "C:\Users\snrso\AppData\Local\Programs\Python\Python314\Lib\site-packages\telegram\ext\_extbot.py", line 370, in _do_post
    return await super()._do_post(
           ^^^^^^^^^^^^^^^^^^^^^^^
    ...<6 lines>...
    )
    ^
  File "C:\Users\snrso\AppData\Local\Programs\Python\Python314\Lib\site-packages\telegram\_bot.py", line 733, in _do_post
    result = await request.post(
             ^^^^^^^^^^^^^^^^^^^
    ...<6 lines>...
    )
    ^
  File "C:\Users\snrso\AppData\Local\Programs\Python\Python314\Lib\site-packages\telegram\request\_baserequest.py", line 198, in post
    result = await self._request_wrapper(
             ^^^^^^^^^^^^^^^^^^^^^^^^^^^^
    ...<7 lines>...
    )
    ^
  File "C:\Users\snrso\AppData\Local\Programs\Python\Python314\Lib\site-packages\telegram\request\_baserequest.py", line 375, in _request_wrapper
    raise exception
telegram.error.Conflict: Conflict: terminated by other getUpdates request; make sure that only one bot instance is running
2026-06-06 18:59:48,800 - httpx - INFO - HTTP Request: POST https://api.telegram.org/bot8838756490:AAE1CAsIDfhrFN31LzqwCXZ-3Lu-3tXYN0Y/getUpdates "HTTP/1.1 409 Conflict"
2026-06-06 18:59:48,801 - telegram.ext.Application - ERROR - No error handlers are registered, logging exception.
Traceback (most recent call last):
  File "C:\Users\snrso\AppData\Local\Programs\Python\Python314\Lib\site-packages\telegram\ext\_utils\networkloop.py", line 161, in network_retry_loop
    await do_action()
  File "C:\Users\snrso\AppData\Local\Programs\Python\Python314\Lib\site-packages\telegram\ext\_utils\networkloop.py", line 154, in do_action
    action_cb_task.result()
    ~~~~~~~~~~~~~~~~~~~~~^^
  File "C:\Users\snrso\AppData\Local\Programs\Python\Python314\Lib\site-packages\telegram\ext\_updater.py", line 340, in polling_action_cb
    updates = await self.bot.get_updates(
              ^^^^^^^^^^^^^^^^^^^^^^^^^^^
    ...<3 lines>...
    )
    ^
  File "C:\Users\snrso\AppData\Local\Programs\Python\Python314\Lib\site-packages\telegram\ext\_extbot.py", line 672, in get_updates
    updates = await super().get_updates(
              ^^^^^^^^^^^^^^^^^^^^^^^^^^
    ...<9 lines>...
    )
    ^
  File "C:\Users\snrso\AppData\Local\Programs\Python\Python314\Lib\site-packages\telegram\_bot.py", line 4865, in get_updates
    await self._post(
    ^^^^^^^^^^^^^^^^^
    ...<7 lines>...
    ),
    ^
  File "C:\Users\snrso\AppData\Local\Programs\Python\Python314\Lib\site-packages\telegram\_bot.py", line 704, in _post
    return await self._do_post(
           ^^^^^^^^^^^^^^^^^^^^
    ...<6 lines>...
    )
    ^
  File "C:\Users\snrso\AppData\Local\Programs\Python\Python314\Lib\site-packages\telegram\ext\_extbot.py", line 370, in _do_post
    return await super()._do_post(
           ^^^^^^^^^^^^^^^^^^^^^^^
    ...<6 lines>...
    )
    ^
  File "C:\Users\snrso\AppData\Local\Programs\Python\Python314\Lib\site-packages\telegram\_bot.py", line 733, in _do_post
    result = await request.post(
             ^^^^^^^^^^^^^^^^^^^
    ...<6 lines>...
    )
    ^
  File "C:\Users\snrso\AppData\Local\Programs\Python\Python314\Lib\site-packages\telegram\request\_baserequest.py", line 198, in post
    result = await self._request_wrapper(
             ^^^^^^^^^^^^^^^^^^^^^^^^^^^^
    ...<7 lines>...
    )
    ^
  File "C:\Users\snrso\AppData\Local\Programs\Python\Python314\Lib\site-packages\telegram\request\_baserequest.py", line 375, in _request_wrapper
    raise exception
telegram.error.Conflict: Conflict: terminated by other getUpdates request; make sure that only one bot instance is running
2026-06-06 18:59:55,803 - httpx - INFO - HTTP Request: POST https://api.telegram.org/bot8838756490:AAE1CAsIDfhrFN31LzqwCXZ-3Lu-3tXYN0Y/getUpdates "HTTP/1.1 200 OK"
2026-06-06 19:00:05,968 - httpx - INFO - HTTP Request: POST https://api.telegram.org/bot8838756490:AAE1CAsIDfhrFN31LzqwCXZ-3Lu-3tXYN0Y/getUpdates "HTTP/1.1 200 OK"
2026-06-06 19:00:16,132 - httpx - INFO - HTTP Request: POST https://api.telegram.org/bot8838756490:AAE1CAsIDfhrFN31LzqwCXZ-3Lu-3tXYN0Y/getUpdates "HTTP/1.1 200 OK"
2026-06-06 19:00:19,325 - httpx - INFO - HTTP Request: POST https://api.telegram.org/bot8838756490:AAE1CAsIDfhrFN31LzqwCXZ-3Lu-3tXYN0Y/getUpdates "HTTP/1.1 409 Conflict"
2026-06-06 19:00:19,326 - telegram.ext.Application - ERROR - No error handlers are registered, logging exception.
Traceback (most recent call last):
  File "C:\Users\snrso\AppData\Local\Programs\Python\Python314\Lib\site-packages\telegram\ext\_utils\networkloop.py", line 161, in network_retry_loop
    await do_action()
  File "C:\Users\snrso\AppData\Local\Programs\Python\Python314\Lib\site-packages\telegram\ext\_utils\networkloop.py", line 154, in do_action
    action_cb_task.result()
    ~~~~~~~~~~~~~~~~~~~~~^^
  File "C:\Users\snrso\AppData\Local\Programs\Python\Python314\Lib\site-packages\telegram\ext\_updater.py", line 340, in polling_action_cb
    updates = await self.bot.get_updates(
              ^^^^^^^^^^^^^^^^^^^^^^^^^^^
    ...<3 lines>...
    )
    ^
  File "C:\Users\snrso\AppData\Local\Programs\Python\Python314\Lib\site-packages\telegram\ext\_extbot.py", line 672, in get_updates
    updates = await super().get_updates(
              ^^^^^^^^^^^^^^^^^^^^^^^^^^
    ...<9 lines>...
    )
    ^
  File "C:\Users\snrso\AppData\Local\Programs\Python\Python314\Lib\site-packages\telegram\_bot.py", line 4865, in get_updates
    await self._post(
    ^^^^^^^^^^^^^^^^^
    ...<7 lines>...
    ),
    ^
  File "C:\Users\snrso\AppData\Local\Programs\Python\Python314\Lib\site-packages\telegram\_bot.py", line 704, in _post
    return await self._do_post(
           ^^^^^^^^^^^^^^^^^^^^
    ...<6 lines>...
    )
    ^
  File "C:\Users\snrso\AppData\Local\Programs\Python\Python314\Lib\site-packages\telegram\ext\_extbot.py", line 370, in _do_post
    return await super()._do_post(
           ^^^^^^^^^^^^^^^^^^^^^^^
    ...<6 lines>...
    )
    ^
  File "C:\Users\snrso\AppData\Local\Programs\Python\Python314\Lib\site-packages\telegram\_bot.py", line 733, in _do_post
    result = await request.post(
             ^^^^^^^^^^^^^^^^^^^
    ...<6 lines>...
    )
    ^
  File "C:\Users\snrso\AppData\Local\Programs\Python\Python314\Lib\site-packages\telegram\request\_baserequest.py", line 198, in post
    result = await self._request_wrapper(
             ^^^^^^^^^^^^^^^^^^^^^^^^^^^^
    ...<7 lines>...
    )
    ^
  File "C:\Users\snrso\AppData\Local\Programs\Python\Python314\Lib\site-packages\telegram\request\_baserequest.py", line 375, in _request_wrapper
    raise exception
telegram.error.Conflict: Conflict: terminated by other getUpdates request; make sure that only one bot instance is running
2026-06-06 19:00:23,509 - httpx - INFO - HTTP Request: POST https://api.telegram.org/bot8838756490:AAE1CAsIDfhrFN31LzqwCXZ-3Lu-3tXYN0Y/getUpdates "HTTP/1.1 409 Conflict"
2026-06-06 19:00:23,510 - telegram.ext.Application - ERROR - No error handlers are registered, logging exception.
Traceback (most recent call last):
  File "C:\Users\snrso\AppData\Local\Programs\Python\Python314\Lib\site-packages\telegram\ext\_utils\networkloop.py", line 161, in network_retry_loop
    await do_action()
  File "C:\Users\snrso\AppData\Local\Programs\Python\Python314\Lib\site-packages\telegram\ext\_utils\networkloop.py", line 154, in do_action
    action_cb_task.result()
    ~~~~~~~~~~~~~~~~~~~~~^^
  File "C:\Users\snrso\AppData\Local\Programs\Python\Python314\Lib\site-packages\telegram\ext\_updater.py", line 340, in polling_action_cb
    updates = await self.bot.get_updates(
              ^^^^^^^^^^^^^^^^^^^^^^^^^^^
    ...<3 lines>...
    )
    ^
  File "C:\Users\snrso\AppData\Local\Programs\Python\Python314\Lib\site-packages\telegram\ext\_extbot.py", line 672, in get_updates
    updates = await super().get_updates(
              ^^^^^^^^^^^^^^^^^^^^^^^^^^
    ...<9 lines>...
    )
    ^
  File "C:\Users\snrso\AppData\Local\Programs\Python\Python314\Lib\site-packages\telegram\_bot.py", line 4865, in get_updates
    await self._post(
    ^^^^^^^^^^^^^^^^^
    ...<7 lines>...
    ),
    ^
  File "C:\Users\snrso\AppData\Local\Programs\Python\Python314\Lib\site-packages\telegram\_bot.py", line 704, in _post
    return await self._do_post(
           ^^^^^^^^^^^^^^^^^^^^
    ...<6 lines>...
    )
    ^
  File "C:\Users\snrso\AppData\Local\Programs\Python\Python314\Lib\site-packages\telegram\ext\_extbot.py", line 370, in _do_post
    return await super()._do_post(
           ^^^^^^^^^^^^^^^^^^^^^^^
    ...<6 lines>...
    )
    ^
  File "C:\Users\snrso\AppData\Local\Programs\Python\Python314\Lib\site-packages\telegram\_bot.py", line 733, in _do_post
    result = await request.post(
             ^^^^^^^^^^^^^^^^^^^
    ...<6 lines>...
    )
    ^
  File "C:\Users\snrso\AppData\Local\Programs\Python\Python314\Lib\site-packages\telegram\request\_baserequest.py", line 198, in post
    result = await self._request_wrapper(
             ^^^^^^^^^^^^^^^^^^^^^^^^^^^^
    ...<7 lines>...
    )
    ^
  File "C:\Users\snrso\AppData\Local\Programs\Python\Python314\Lib\site-packages\telegram\request\_baserequest.py", line 375, in _request_wrapper
    raise exception
telegram.error.Conflict: Conflict: terminated by other getUpdates request; make sure that only one bot instance is running
2026-06-06 19:00:30,508 - httpx - INFO - HTTP Request: POST https://api.telegram.org/bot8838756490:AAE1CAsIDfhrFN31LzqwCXZ-3Lu-3tXYN0Y/getUpdates "HTTP/1.1 200 OK"
2026-06-06 19:00:40,677 - httpx - INFO - HTTP Request: POST https://api.telegram.org/bot8838756490:AAE1CAsIDfhrFN31LzqwCXZ-3Lu-3tXYN0Y/getUpdates "HTTP/1.1 200 OK"
2026-06-06 19:00:50,845 - httpx - INFO - HTTP Request: POST https://api.telegram.org/bot8838756490:AAE1CAsIDfhrFN31LzqwCXZ-3Lu-3tXYN0Y/getUpdates "HTTP/1.1 200 OK"
2026-06-06 19:00:54,499 - httpx - INFO - HTTP Request: POST https://api.telegram.org/bot8838756490:AAE1CAsIDfhrFN31LzqwCXZ-3Lu-3tXYN0Y/getUpdates "HTTP/1.1 409 Conflict"
2026-06-06 19:00:54,500 - telegram.ext.Application - ERROR - No error handlers are registered, logging exception.
Traceback (most recent call last):
  File "C:\Users\snrso\AppData\Local\Programs\Python\Python314\Lib\site-packages\telegram\ext\_utils\networkloop.py", line 161, in network_retry_loop
    await do_action()
  File "C:\Users\snrso\AppData\Local\Programs\Python\Python314\Lib\site-packages\telegram\ext\_utils\networkloop.py", line 154, in do_action
    action_cb_task.result()
    ~~~~~~~~~~~~~~~~~~~~~^^
  File "C:\Users\snrso\AppData\Local\Programs\Python\Python314\Lib\site-packages\telegram\ext\_updater.py", line 340, in polling_action_cb
    updates = await self.bot.get_updates(
              ^^^^^^^^^^^^^^^^^^^^^^^^^^^
    ...<3 lines>...
    )
    ^
  File "C:\Users\snrso\AppData\Local\Programs\Python\Python314\Lib\site-packages\telegram\ext\_extbot.py", line 672, in get_updates
    updates = await super().get_updates(
              ^^^^^^^^^^^^^^^^^^^^^^^^^^
    ...<9 lines>...
    )
    ^
  File "C:\Users\snrso\AppData\Local\Programs\Python\Python314\Lib\site-packages\telegram\_bot.py", line 4865, in get_updates
    await self._post(
    ^^^^^^^^^^^^^^^^^
    ...<7 lines>...
    ),
    ^
  File "C:\Users\snrso\AppData\Local\Programs\Python\Python314\Lib\site-packages\telegram\_bot.py", line 704, in _post
    return await self._do_post(
           ^^^^^^^^^^^^^^^^^^^^
    ...<6 lines>...
    )
    ^
  File "C:\Users\snrso\AppData\Local\Programs\Python\Python314\Lib\site-packages\telegram\ext\_extbot.py", line 370, in _do_post
    return await super()._do_post(
           ^^^^^^^^^^^^^^^^^^^^^^^
    ...<6 lines>...
    )
    ^
  File "C:\Users\snrso\AppData\Local\Programs\Python\Python314\Lib\site-packages\telegram\_bot.py", line 733, in _do_post
    result = await request.post(
             ^^^^^^^^^^^^^^^^^^^
    ...<6 lines>...
    )
    ^
  File "C:\Users\snrso\AppData\Local\Programs\Python\Python314\Lib\site-packages\telegram\request\_baserequest.py", line 198, in post
    result = await self._request_wrapper(
             ^^^^^^^^^^^^^^^^^^^^^^^^^^^^
    ...<7 lines>...
    )
    ^
  File "C:\Users\snrso\AppData\Local\Programs\Python\Python314\Lib\site-packages\telegram\request\_baserequest.py", line 375, in _request_wrapper
    raise exception
telegram.error.Conflict: Conflict: terminated by other getUpdates request; make sure that only one bot instance is running
2026-06-06 19:00:58,683 - httpx - INFO - HTTP Request: POST https://api.telegram.org/bot8838756490:AAE1CAsIDfhrFN31LzqwCXZ-3Lu-3tXYN0Y/getUpdates "HTTP/1.1 409 Conflict"
2026-06-06 19:00:58,684 - telegram.ext.Application - ERROR - No error handlers are registered, logging exception.
Traceback (most recent call last):
  File "C:\Users\snrso\AppData\Local\Programs\Python\Python314\Lib\site-packages\telegram\ext\_utils\networkloop.py", line 161, in network_retry_loop
    await do_action()
  File "C:\Users\snrso\AppData\Local\Programs\Python\Python314\Lib\site-packages\telegram\ext\_utils\networkloop.py", line 154, in do_action
    action_cb_task.result()
    ~~~~~~~~~~~~~~~~~~~~~^^
  File "C:\Users\snrso\AppData\Local\Programs\Python\Python314\Lib\site-packages\telegram\ext\_updater.py", line 340, in polling_action_cb
    updates = await self.bot.get_updates(
              ^^^^^^^^^^^^^^^^^^^^^^^^^^^
    ...<3 lines>...
    )
    ^
  File "C:\Users\snrso\AppData\Local\Programs\Python\Python314\Lib\site-packages\telegram\ext\_extbot.py", line 672, in get_updates
    updates = await super().get_updates(
              ^^^^^^^^^^^^^^^^^^^^^^^^^^
    ...<9 lines>...
    )
    ^
  File "C:\Users\snrso\AppData\Local\Programs\Python\Python314\Lib\site-packages\telegram\_bot.py", line 4865, in get_updates
    await self._post(
    ^^^^^^^^^^^^^^^^^
    ...<7 lines>...
    ),
    ^
  File "C:\Users\snrso\AppData\Local\Programs\Python\Python314\Lib\site-packages\telegram\_bot.py", line 704, in _post
    return await self._do_post(
           ^^^^^^^^^^^^^^^^^^^^
    ...<6 lines>...
    )
    ^
  File "C:\Users\snrso\AppData\Local\Programs\Python\Python314\Lib\site-packages\telegram\ext\_extbot.py", line 370, in _do_post
    return await super()._do_post(
           ^^^^^^^^^^^^^^^^^^^^^^^
    ...<6 lines>...
    )
    ^
  File "C:\Users\snrso\AppData\Local\Programs\Python\Python314\Lib\site-packages\telegram\_bot.py", line 733, in _do_post
    result = await request.post(
             ^^^^^^^^^^^^^^^^^^^
    ...<6 lines>...
    )
    ^
  File "C:\Users\snrso\AppData\Local\Programs\Python\Python314\Lib\site-packages\telegram\request\_baserequest.py", line 198, in post
    result = await self._request_wrapper(
             ^^^^^^^^^^^^^^^^^^^^^^^^^^^^
    ...<7 lines>...
    )
    ^
  File "C:\Users\snrso\AppData\Local\Programs\Python\Python314\Lib\site-packages\telegram\request\_baserequest.py", line 375, in _request_wrapper
    raise exception
telegram.error.Conflict: Conflict: terminated by other getUpdates request; make sure that only one bot instance is running
2026-06-06 19:01:05,691 - httpx - INFO - HTTP Request: POST https://api.telegram.org/bot8838756490:AAE1CAsIDfhrFN31LzqwCXZ-3Lu-3tXYN0Y/getUpdates "HTTP/1.1 200 OK"
2026-06-06 19:01:15,864 - httpx - INFO - HTTP Request: POST https://api.telegram.org/bot8838756490:AAE1CAsIDfhrFN31LzqwCXZ-3Lu-3tXYN0Y/getUpdates "HTTP/1.1 200 OK"
2026-06-06 19:01:26,031 - httpx - INFO - HTTP Request: POST https://api.telegram.org/bot8838756490:AAE1CAsIDfhrFN31LzqwCXZ-3Lu-3tXYN0Y/getUpdates "HTTP/1.1 200 OK"
2026-06-06 19:01:29,202 - httpx - INFO - HTTP Request: POST https://api.telegram.org/bot8838756490:AAE1CAsIDfhrFN31LzqwCXZ-3Lu-3tXYN0Y/getUpdates "HTTP/1.1 409 Conflict"
2026-06-06 19:01:29,204 - telegram.ext.Application - ERROR - No error handlers are registered, logging exception.
Traceback (most recent call last):
  File "C:\Users\snrso\AppData\Local\Programs\Python\Python314\Lib\site-packages\telegram\ext\_utils\networkloop.py", line 161, in network_retry_loop
    await do_action()
  File "C:\Users\snrso\AppData\Local\Programs\Python\Python314\Lib\site-packages\telegram\ext\_utils\networkloop.py", line 154, in do_action
    action_cb_task.result()
    ~~~~~~~~~~~~~~~~~~~~~^^
  File "C:\Users\snrso\AppData\Local\Programs\Python\Python314\Lib\site-packages\telegram\ext\_updater.py", line 340, in polling_action_cb
    updates = await self.bot.get_updates(
              ^^^^^^^^^^^^^^^^^^^^^^^^^^^
    ...<3 lines>...
    )
    ^
  File "C:\Users\snrso\AppData\Local\Programs\Python\Python314\Lib\site-packages\telegram\ext\_extbot.py", line 672, in get_updates
    updates = await super().get_updates(
              ^^^^^^^^^^^^^^^^^^^^^^^^^^
    ...<9 lines>...
    )
    ^
  File "C:\Users\snrso\AppData\Local\Programs\Python\Python314\Lib\site-packages\telegram\_bot.py", line 4865, in get_updates
    await self._post(
    ^^^^^^^^^^^^^^^^^
    ...<7 lines>...
    ),
    ^
  File "C:\Users\snrso\AppData\Local\Programs\Python\Python314\Lib\site-packages\telegram\_bot.py", line 704, in _post
    return await self._do_post(
           ^^^^^^^^^^^^^^^^^^^^
    ...<6 lines>...
    )
    ^
  File "C:\Users\snrso\AppData\Local\Programs\Python\Python314\Lib\site-packages\telegram\ext\_extbot.py", line 370, in _do_post
    return await super()._do_post(
           ^^^^^^^^^^^^^^^^^^^^^^^
    ...<6 lines>...
    )
    ^
  File "C:\Users\snrso\AppData\Local\Programs\Python\Python314\Lib\site-packages\telegram\_bot.py", line 733, in _do_post
    result = await request.post(
             ^^^^^^^^^^^^^^^^^^^
    ...<6 lines>...
    )
    ^
  File "C:\Users\snrso\AppData\Local\Programs\Python\Python314\Lib\site-packages\telegram\request\_baserequest.py", line 198, in post
    result = await self._request_wrapper(
             ^^^^^^^^^^^^^^^^^^^^^^^^^^^^
    ...<7 lines>...
    )
    ^
  File "C:\Users\snrso\AppData\Local\Programs\Python\Python314\Lib\site-packages\telegram\request\_baserequest.py", line 375, in _request_wrapper
    raise exception
telegram.error.Conflict: Conflict: terminated by other getUpdates request; make sure that only one bot instance is running
2026-06-06 19:01:33,378 - httpx - INFO - HTTP Request: POST https://api.telegram.org/bot8838756490:AAE1CAsIDfhrFN31LzqwCXZ-3Lu-3tXYN0Y/getUpdates "HTTP/1.1 409 Conflict"
2026-06-06 19:01:33,379 - telegram.ext.Application - ERROR - No error handlers are registered, logging exception.
Traceback (most recent call last):
  File "C:\Users\snrso\AppData\Local\Programs\Python\Python314\Lib\site-packages\telegram\ext\_utils\networkloop.py", line 161, in network_retry_loop
    await do_action()
  File "C:\Users\snrso\AppData\Local\Programs\Python\Python314\Lib\site-packages\telegram\ext\_utils\networkloop.py", line 154, in do_action
    action_cb_task.result()
    ~~~~~~~~~~~~~~~~~~~~~^^
  File "C:\Users\snrso\AppData\Local\Programs\Python\Python314\Lib\site-packages\telegram\ext\_updater.py", line 340, in polling_action_cb
    updates = await self.bot.get_updates(
              ^^^^^^^^^^^^^^^^^^^^^^^^^^^
    ...<3 lines>...
    )
    ^
  File "C:\Users\snrso\AppData\Local\Programs\Python\Python314\Lib\site-packages\telegram\ext\_extbot.py", line 672, in get_updates
    updates = await super().get_updates(
              ^^^^^^^^^^^^^^^^^^^^^^^^^^
    ...<9 lines>...
    )
    ^
  File "C:\Users\snrso\AppData\Local\Programs\Python\Python314\Lib\site-packages\telegram\_bot.py", line 4865, in get_updates
    await self._post(
    ^^^^^^^^^^^^^^^^^
    ...<7 lines>...
    ),
    ^
  File "C:\Users\snrso\AppData\Local\Programs\Python\Python314\Lib\site-packages\telegram\_bot.py", line 704, in _post
    return await self._do_post(
           ^^^^^^^^^^^^^^^^^^^^
    ...<6 lines>...
    )
    ^
  File "C:\Users\snrso\AppData\Local\Programs\Python\Python314\Lib\site-packages\telegram\ext\_extbot.py", line 370, in _do_post
    return await super()._do_post(
           ^^^^^^^^^^^^^^^^^^^^^^^
    ...<6 lines>...
    )
    ^
  File "C:\Users\snrso\AppData\Local\Programs\Python\Python314\Lib\site-packages\telegram\_bot.py", line 733, in _do_post
    result = await request.post(
             ^^^^^^^^^^^^^^^^^^^
    ...<6 lines>...
    )
    ^
  File "C:\Users\snrso\AppData\Local\Programs\Python\Python314\Lib\site-packages\telegram\request\_baserequest.py", line 198, in post
    result = await self._request_wrapper(
             ^^^^^^^^^^^^^^^^^^^^^^^^^^^^
    ...<7 lines>...
    )
    ^
  File "C:\Users\snrso\AppData\Local\Programs\Python\Python314\Lib\site-packages\telegram\request\_baserequest.py", line 375, in _request_wrapper
    raise exception
telegram.error.Conflict: Conflict: terminated by other getUpdates request; make sure that only one bot instance is running
2026-06-06 19:01:40,380 - httpx - INFO - HTTP Request: POST https://api.telegram.org/bot8838756490:AAE1CAsIDfhrFN31LzqwCXZ-3Lu-3tXYN0Y/getUpdates "HTTP/1.1 200 OK"
2026-06-06 19:01:50,546 - httpx - INFO - HTTP Request: POST https://api.telegram.org/bot8838756490:AAE1CAsIDfhrFN31LzqwCXZ-3Lu-3tXYN0Y/getUpdates "HTTP/1.1 200 OK"
2026-06-06 19:02:00,716 - httpx - INFO - HTTP Request: POST https://api.telegram.org/bot8838756490:AAE1CAsIDfhrFN31LzqwCXZ-3Lu-3tXYN0Y/getUpdates "HTTP/1.1 200 OK"
2026-06-06 19:02:03,889 - httpx - INFO - HTTP Request: POST https://api.telegram.org/bot8838756490:AAE1CAsIDfhrFN31LzqwCXZ-3Lu-3tXYN0Y/getUpdates "HTTP/1.1 409 Conflict"
2026-06-06 19:02:03,891 - telegram.ext.Application - ERROR - No error handlers are registered, logging exception.
Traceback (most recent call last):
  File "C:\Users\snrso\AppData\Local\Programs\Python\Python314\Lib\site-packages\telegram\ext\_utils\networkloop.py", line 161, in network_retry_loop
    await do_action()
  File "C:\Users\snrso\AppData\Local\Programs\Python\Python314\Lib\site-packages\telegram\ext\_utils\networkloop.py", line 154, in do_action
    action_cb_task.result()
    ~~~~~~~~~~~~~~~~~~~~~^^
  File "C:\Users\snrso\AppData\Local\Programs\Python\Python314\Lib\site-packages\telegram\ext\_updater.py", line 340, in polling_action_cb
    updates = await self.bot.get_updates(
              ^^^^^^^^^^^^^^^^^^^^^^^^^^^
    ...<3 lines>...
    )
    ^
  File "C:\Users\snrso\AppData\Local\Programs\Python\Python314\Lib\site-packages\telegram\ext\_extbot.py", line 672, in get_updates
    updates = await super().get_updates(
              ^^^^^^^^^^^^^^^^^^^^^^^^^^
    ...<9 lines>...
    )
    ^
  File "C:\Users\snrso\AppData\Local\Programs\Python\Python314\Lib\site-packages\telegram\_bot.py", line 4865, in get_updates
    await self._post(
    ^^^^^^^^^^^^^^^^^
    ...<7 lines>...
    ),
    ^
  File "C:\Users\snrso\AppData\Local\Programs\Python\Python314\Lib\site-packages\telegram\_bot.py", line 704, in _post
    return await self._do_post(
           ^^^^^^^^^^^^^^^^^^^^
    ...<6 lines>...
    )
    ^
  File "C:\Users\snrso\AppData\Local\Programs\Python\Python314\Lib\site-packages\telegram\ext\_extbot.py", line 370, in _do_post
    return await super()._do_post(
           ^^^^^^^^^^^^^^^^^^^^^^^
    ...<6 lines>...
    )
    ^
  File "C:\Users\snrso\AppData\Local\Programs\Python\Python314\Lib\site-packages\telegram\_bot.py", line 733, in _do_post
    result = await request.post(
             ^^^^^^^^^^^^^^^^^^^
    ...<6 lines>...
    )
    ^
  File "C:\Users\snrso\AppData\Local\Programs\Python\Python314\Lib\site-packages\telegram\request\_baserequest.py", line 198, in post
    result = await self._request_wrapper(
             ^^^^^^^^^^^^^^^^^^^^^^^^^^^^
    ...<7 lines>...
    )
    ^
  File "C:\Users\snrso\AppData\Local\Programs\Python\Python314\Lib\site-packages\telegram\request\_baserequest.py", line 375, in _request_wrapper
    raise exception
telegram.error.Conflict: Conflict: terminated by other getUpdates request; make sure that only one bot instance is running
2026-06-06 19:02:08,078 - httpx - INFO - HTTP Request: POST https://api.telegram.org/bot8838756490:AAE1CAsIDfhrFN31LzqwCXZ-3Lu-3tXYN0Y/getUpdates "HTTP/1.1 409 Conflict"
2026-06-06 19:02:08,080 - telegram.ext.Application - ERROR - No error handlers are registered, logging exception.
Traceback (most recent call last):
  File "C:\Users\snrso\AppData\Local\Programs\Python\Python314\Lib\site-packages\telegram\ext\_utils\networkloop.py", line 161, in network_retry_loop
    await do_action()
  File "C:\Users\snrso\AppData\Local\Programs\Python\Python314\Lib\site-packages\telegram\ext\_utils\networkloop.py", line 154, in do_action
    action_cb_task.result()
    ~~~~~~~~~~~~~~~~~~~~~^^
  File "C:\Users\snrso\AppData\Local\Programs\Python\Python314\Lib\site-packages\telegram\ext\_updater.py", line 340, in polling_action_cb
    updates = await self.bot.get_updates(
              ^^^^^^^^^^^^^^^^^^^^^^^^^^^
    ...<3 lines>...
    )
    ^
  File "C:\Users\snrso\AppData\Local\Programs\Python\Python314\Lib\site-packages\telegram\ext\_extbot.py", line 672, in get_updates
    updates = await super().get_updates(
              ^^^^^^^^^^^^^^^^^^^^^^^^^^
    ...<9 lines>...
    )
    ^
  File "C:\Users\snrso\AppData\Local\Programs\Python\Python314\Lib\site-packages\telegram\_bot.py", line 4865, in get_updates
    await self._post(
    ^^^^^^^^^^^^^^^^^
    ...<7 lines>...
    ),
    ^
  File "C:\Users\snrso\AppData\Local\Programs\Python\Python314\Lib\site-packages\telegram\_bot.py", line 704, in _post
    return await self._do_post(
           ^^^^^^^^^^^^^^^^^^^^
    ...<6 lines>...
    )
    ^
  File "C:\Users\snrso\AppData\Local\Programs\Python\Python314\Lib\site-packages\telegram\ext\_extbot.py", line 370, in _do_post
    return await super()._do_post(
           ^^^^^^^^^^^^^^^^^^^^^^^
    ...<6 lines>...
    )
    ^
  File "C:\Users\snrso\AppData\Local\Programs\Python\Python314\Lib\site-packages\telegram\_bot.py", line 733, in _do_post
    result = await request.post(
             ^^^^^^^^^^^^^^^^^^^
    ...<6 lines>...
    )
    ^
  File "C:\Users\snrso\AppData\Local\Programs\Python\Python314\Lib\site-packages\telegram\request\_baserequest.py", line 198, in post
    result = await self._request_wrapper(
             ^^^^^^^^^^^^^^^^^^^^^^^^^^^^
    ...<7 lines>...
    )
    ^
  File "C:\Users\snrso\AppData\Local\Programs\Python\Python314\Lib\site-packages\telegram\request\_baserequest.py", line 375, in _request_wrapper
    raise exception
telegram.error.Conflict: Conflict: terminated by other getUpdates request; make sure that only one bot instance is running
2026-06-06 19:02:15,072 - httpx - INFO - HTTP Request: POST https://api.telegram.org/bot8838756490:AAE1CAsIDfhrFN31LzqwCXZ-3Lu-3tXYN0Y/getUpdates "HTTP/1.1 200 OK"
2026-06-06 19:02:25,248 - httpx - INFO - HTTP Request: POST https://api.telegram.org/bot8838756490:AAE1CAsIDfhrFN31LzqwCXZ-3Lu-3tXYN0Y/getUpdates "HTTP/1.1 200 OK"
2026-06-06 19:02:35,424 - httpx - INFO - HTTP Request: POST https://api.telegram.org/bot8838756490:AAE1CAsIDfhrFN31LzqwCXZ-3Lu-3tXYN0Y/getUpdates "HTTP/1.1 200 OK"
2026-06-06 19:02:38,587 - httpx - INFO - HTTP Request: POST https://api.telegram.org/bot8838756490:AAE1CAsIDfhrFN31LzqwCXZ-3Lu-3tXYN0Y/getUpdates "HTTP/1.1 409 Conflict"
2026-06-06 19:02:38,588 - telegram.ext.Application - ERROR - No error handlers are registered, logging exception.
Traceback (most recent call last):
  File "C:\Users\snrso\AppData\Local\Programs\Python\Python314\Lib\site-packages\telegram\ext\_utils\networkloop.py", line 161, in network_retry_loop
    await do_action()
  File "C:\Users\snrso\AppData\Local\Programs\Python\Python314\Lib\site-packages\telegram\ext\_utils\networkloop.py", line 154, in do_action
    action_cb_task.result()
    ~~~~~~~~~~~~~~~~~~~~~^^
  File "C:\Users\snrso\AppData\Local\Programs\Python\Python314\Lib\site-packages\telegram\ext\_updater.py", line 340, in polling_action_cb
    updates = await self.bot.get_updates(
              ^^^^^^^^^^^^^^^^^^^^^^^^^^^
    ...<3 lines>...
    )
    ^
  File "C:\Users\snrso\AppData\Local\Programs\Python\Python314\Lib\site-packages\telegram\ext\_extbot.py", line 672, in get_updates
    updates = await super().get_updates(
              ^^^^^^^^^^^^^^^^^^^^^^^^^^
    ...<9 lines>...
    )
    ^
  File "C:\Users\snrso\AppData\Local\Programs\Python\Python314\Lib\site-packages\telegram\_bot.py", line 4865, in get_updates
    await self._post(
    ^^^^^^^^^^^^^^^^^
    ...<7 lines>...
    ),
    ^
  File "C:\Users\snrso\AppData\Local\Programs\Python\Python314\Lib\site-packages\telegram\_bot.py", line 704, in _post
    return await self._do_post(
           ^^^^^^^^^^^^^^^^^^^^
    ...<6 lines>...
    )
    ^
  File "C:\Users\snrso\AppData\Local\Programs\Python\Python314\Lib\site-packages\telegram\ext\_extbot.py", line 370, in _do_post
    return await super()._do_post(
           ^^^^^^^^^^^^^^^^^^^^^^^
    ...<6 lines>...
    )
    ^
  File "C:\Users\snrso\AppData\Local\Programs\Python\Python314\Lib\site-packages\telegram\_bot.py", line 733, in _do_post
    result = await request.post(
             ^^^^^^^^^^^^^^^^^^^
    ...<6 lines>...
    )
    ^
  File "C:\Users\snrso\AppData\Local\Programs\Python\Python314\Lib\site-packages\telegram\request\_baserequest.py", line 198, in post
    result = await self._request_wrapper(
             ^^^^^^^^^^^^^^^^^^^^^^^^^^^^
    ...<7 lines>...
    )
    ^
  File "C:\Users\snrso\AppData\Local\Programs\Python\Python314\Lib\site-packages\telegram\request\_baserequest.py", line 375, in _request_wrapper
    raise exception
telegram.error.Conflict: Conflict: terminated by other getUpdates request; make sure that only one bot instance is running
2026-06-06 19:02:42,759 - httpx - INFO - HTTP Request: POST https://api.telegram.org/bot8838756490:AAE1CAsIDfhrFN31LzqwCXZ-3Lu-3tXYN0Y/getUpdates "HTTP/1.1 409 Conflict"
2026-06-06 19:02:42,760 - telegram.ext.Application - ERROR - No error handlers are registered, logging exception.
Traceback (most recent call last):
  File "C:\Users\snrso\AppData\Local\Programs\Python\Python314\Lib\site-packages\telegram\ext\_utils\networkloop.py", line 161, in network_retry_loop
    await do_action()
  File "C:\Users\snrso\AppData\Local\Programs\Python\Python314\Lib\site-packages\telegram\ext\_utils\networkloop.py", line 154, in do_action
    action_cb_task.result()
    ~~~~~~~~~~~~~~~~~~~~~^^
  File "C:\Users\snrso\AppData\Local\Programs\Python\Python314\Lib\site-packages\telegram\ext\_updater.py", line 340, in polling_action_cb
    updates = await self.bot.get_updates(
              ^^^^^^^^^^^^^^^^^^^^^^^^^^^
    ...<3 lines>...
    )
    ^
  File "C:\Users\snrso\AppData\Local\Programs\Python\Python314\Lib\site-packages\telegram\ext\_extbot.py", line 672, in get_updates
    updates = await super().get_updates(
              ^^^^^^^^^^^^^^^^^^^^^^^^^^
    ...<9 lines>...
    )
    ^
  File "C:\Users\snrso\AppData\Local\Programs\Python\Python314\Lib\site-packages\telegram\_bot.py", line 4865, in get_updates
    await self._post(
    ^^^^^^^^^^^^^^^^^
    ...<7 lines>...
    ),
    ^
  File "C:\Users\snrso\AppData\Local\Programs\Python\Python314\Lib\site-packages\telegram\_bot.py", line 704, in _post
    return await self._do_post(
           ^^^^^^^^^^^^^^^^^^^^
    ...<6 lines>...
    )
    ^
  File "C:\Users\snrso\AppData\Local\Programs\Python\Python314\Lib\site-packages\telegram\ext\_extbot.py", line 370, in _do_post
    return await super()._do_post(
           ^^^^^^^^^^^^^^^^^^^^^^^
    ...<6 lines>...
    )
    ^
  File "C:\Users\snrso\AppData\Local\Programs\Python\Python314\Lib\site-packages\telegram\_bot.py", line 733, in _do_post
    result = await request.post(
             ^^^^^^^^^^^^^^^^^^^
    ...<6 lines>...
    )
    ^
  File "C:\Users\snrso\AppData\Local\Programs\Python\Python314\Lib\site-packages\telegram\request\_baserequest.py", line 198, in post
    result = await self._request_wrapper(
             ^^^^^^^^^^^^^^^^^^^^^^^^^^^^
    ...<7 lines>...
    )
    ^
  File "C:\Users\snrso\AppData\Local\Programs\Python\Python314\Lib\site-packages\telegram\request\_baserequest.py", line 375, in _request_wrapper
    raise exception
telegram.error.Conflict: Conflict: terminated by other getUpdates request; make sure that only one bot instance is running
2026-06-06 19:02:49,766 - httpx - INFO - HTTP Request: POST https://api.telegram.org/bot8838756490:AAE1CAsIDfhrFN31LzqwCXZ-3Lu-3tXYN0Y/getUpdates "HTTP/1.1 200 OK"
2026-06-06 19:02:59,942 - httpx - INFO - HTTP Request: POST https://api.telegram.org/bot8838756490:AAE1CAsIDfhrFN31LzqwCXZ-3Lu-3tXYN0Y/getUpdates "HTTP/1.1 200 OK"
2026-06-06 19:03:10,106 - httpx - INFO - HTTP Request: POST https://api.telegram.org/bot8838756490:AAE1CAsIDfhrFN31LzqwCXZ-3Lu-3tXYN0Y/getUpdates "HTTP/1.1 200 OK"
2026-06-06 19:03:13,321 - httpx - INFO - HTTP Request: POST https://api.telegram.org/bot8838756490:AAE1CAsIDfhrFN31LzqwCXZ-3Lu-3tXYN0Y/getUpdates "HTTP/1.1 409 Conflict"
2026-06-06 19:03:13,322 - telegram.ext.Application - ERROR - No error handlers are registered, logging exception.
Traceback (most recent call last):
  File "C:\Users\snrso\AppData\Local\Programs\Python\Python314\Lib\site-packages\telegram\ext\_utils\networkloop.py", line 161, in network_retry_loop
    await do_action()
  File "C:\Users\snrso\AppData\Local\Programs\Python\Python314\Lib\site-packages\telegram\ext\_utils\networkloop.py", line 154, in do_action
    action_cb_task.result()
    ~~~~~~~~~~~~~~~~~~~~~^^
  File "C:\Users\snrso\AppData\Local\Programs\Python\Python314\Lib\site-packages\telegram\ext\_updater.py", line 340, in polling_action_cb
    updates = await self.bot.get_updates(
              ^^^^^^^^^^^^^^^^^^^^^^^^^^^
    ...<3 lines>...
    )
    ^
  File "C:\Users\snrso\AppData\Local\Programs\Python\Python314\Lib\site-packages\telegram\ext\_extbot.py", line 672, in get_updates
    updates = await super().get_updates(
              ^^^^^^^^^^^^^^^^^^^^^^^^^^
    ...<9 lines>...
    )
    ^
  File "C:\Users\snrso\AppData\Local\Programs\Python\Python314\Lib\site-packages\telegram\_bot.py", line 4865, in get_updates
    await self._post(
    ^^^^^^^^^^^^^^^^^
    ...<7 lines>...
    ),
    ^
  File "C:\Users\snrso\AppData\Local\Programs\Python\Python314\Lib\site-packages\telegram\_bot.py", line 704, in _post
    return await self._do_post(
           ^^^^^^^^^^^^^^^^^^^^
    ...<6 lines>...
    )
    ^
  File "C:\Users\snrso\AppData\Local\Programs\Python\Python314\Lib\site-packages\telegram\ext\_extbot.py", line 370, in _do_post
    return await super()._do_post(
           ^^^^^^^^^^^^^^^^^^^^^^^
    ...<6 lines>...
    )
    ^
  File "C:\Users\snrso\AppData\Local\Programs\Python\Python314\Lib\site-packages\telegram\_bot.py", line 733, in _do_post
    result = await request.post(
             ^^^^^^^^^^^^^^^^^^^
    ...<6 lines>...
    )
    ^
  File "C:\Users\snrso\AppData\Local\Programs\Python\Python314\Lib\site-packages\telegram\request\_baserequest.py", line 198, in post
    result = await self._request_wrapper(
             ^^^^^^^^^^^^^^^^^^^^^^^^^^^^
    ...<7 lines>...
    )
    ^
  File "C:\Users\snrso\AppData\Local\Programs\Python\Python314\Lib\site-packages\telegram\request\_baserequest.py", line 375, in _request_wrapper
    raise exception
telegram.error.Conflict: Conflict: terminated by other getUpdates request; make sure that only one bot instance is running
2026-06-06 19:03:17,509 - httpx - INFO - HTTP Request: POST https://api.telegram.org/bot8838756490:AAE1CAsIDfhrFN31LzqwCXZ-3Lu-3tXYN0Y/getUpdates "HTTP/1.1 409 Conflict"
2026-06-06 19:03:17,510 - telegram.ext.Application - ERROR - No error handlers are registered, logging exception.
Traceback (most recent call last):
  File "C:\Users\snrso\AppData\Local\Programs\Python\Python314\Lib\site-packages\telegram\ext\_utils\networkloop.py", line 161, in network_retry_loop
    await do_action()
  File "C:\Users\snrso\AppData\Local\Programs\Python\Python314\Lib\site-packages\telegram\ext\_utils\networkloop.py", line 154, in do_action
    action_cb_task.result()
    ~~~~~~~~~~~~~~~~~~~~~^^
  File "C:\Users\snrso\AppData\Local\Programs\Python\Python314\Lib\site-packages\telegram\ext\_updater.py", line 340, in polling_action_cb
    updates = await self.bot.get_updates(
              ^^^^^^^^^^^^^^^^^^^^^^^^^^^
    ...<3 lines>...
    )
    ^
  File "C:\Users\snrso\AppData\Local\Programs\Python\Python314\Lib\site-packages\telegram\ext\_extbot.py", line 672, in get_updates
    updates = await super().get_updates(
              ^^^^^^^^^^^^^^^^^^^^^^^^^^
    ...<9 lines>...
    )
    ^
  File "C:\Users\snrso\AppData\Local\Programs\Python\Python314\Lib\site-packages\telegram\_bot.py", line 4865, in get_updates
    await self._post(
    ^^^^^^^^^^^^^^^^^
    ...<7 lines>...
    ),
    ^
  File "C:\Users\snrso\AppData\Local\Programs\Python\Python314\Lib\site-packages\telegram\_bot.py", line 704, in _post
    return await self._do_post(
           ^^^^^^^^^^^^^^^^^^^^
    ...<6 lines>...
    )
    ^
  File "C:\Users\snrso\AppData\Local\Programs\Python\Python314\Lib\site-packages\telegram\ext\_extbot.py", line 370, in _do_post
    return await super()._do_post(
           ^^^^^^^^^^^^^^^^^^^^^^^
    ...<6 lines>...
    )
    ^
  File "C:\Users\snrso\AppData\Local\Programs\Python\Python314\Lib\site-packages\telegram\_bot.py", line 733, in _do_post
    result = await request.post(
             ^^^^^^^^^^^^^^^^^^^
    ...<6 lines>...
    )
    ^
  File "C:\Users\snrso\AppData\Local\Programs\Python\Python314\Lib\site-packages\telegram\request\_baserequest.py", line 198, in post
    result = await self._request_wrapper(
             ^^^^^^^^^^^^^^^^^^^^^^^^^^^^
    ...<7 lines>...
    )
    ^
  File "C:\Users\snrso\AppData\Local\Programs\Python\Python314\Lib\site-packages\telegram\request\_baserequest.py", line 375, in _request_wrapper
    raise exception
telegram.error.Conflict: Conflict: terminated by other getUpdates request; make sure that only one bot instance is running
2026-06-06 19:03:24,504 - httpx - INFO - HTTP Request: POST https://api.telegram.org/bot8838756490:AAE1CAsIDfhrFN31LzqwCXZ-3Lu-3tXYN0Y/getUpdates "HTTP/1.1 200 OK"
2026-06-06 19:03:34,673 - httpx - INFO - HTTP Request: POST https://api.telegram.org/bot8838756490:AAE1CAsIDfhrFN31LzqwCXZ-3Lu-3tXYN0Y/getUpdates "HTTP/1.1 200 OK"
2026-06-06 19:03:44,846 - httpx - INFO - HTTP Request: POST https://api.telegram.org/bot8838756490:AAE1CAsIDfhrFN31LzqwCXZ-3Lu-3tXYN0Y/getUpdates "HTTP/1.1 200 OK"
2026-06-06 19:03:47,998 - httpx - INFO - HTTP Request: POST https://api.telegram.org/bot8838756490:AAE1CAsIDfhrFN31LzqwCXZ-3Lu-3tXYN0Y/getUpdates "HTTP/1.1 409 Conflict"
2026-06-06 19:03:47,999 - telegram.ext.Application - ERROR - No error handlers are registered, logging exception.
Traceback (most recent call last):
  File "C:\Users\snrso\AppData\Local\Programs\Python\Python314\Lib\site-packages\telegram\ext\_utils\networkloop.py", line 161, in network_retry_loop
    await do_action()
  File "C:\Users\snrso\AppData\Local\Programs\Python\Python314\Lib\site-packages\telegram\ext\_utils\networkloop.py", line 154, in do_action
    action_cb_task.result()
    ~~~~~~~~~~~~~~~~~~~~~^^
  File "C:\Users\snrso\AppData\Local\Programs\Python\Python314\Lib\site-packages\telegram\ext\_updater.py", line 340, in polling_action_cb
    updates = await self.bot.get_updates(
              ^^^^^^^^^^^^^^^^^^^^^^^^^^^
    ...<3 lines>...
    )
    ^
  File "C:\Users\snrso\AppData\Local\Programs\Python\Python314\Lib\site-packages\telegram\ext\_extbot.py", line 672, in get_updates
    updates = await super().get_updates(
              ^^^^^^^^^^^^^^^^^^^^^^^^^^
    ...<9 lines>...
    )
    ^
  File "C:\Users\snrso\AppData\Local\Programs\Python\Python314\Lib\site-packages\telegram\_bot.py", line 4865, in get_updates
    await self._post(
    ^^^^^^^^^^^^^^^^^
    ...<7 lines>...
    ),
    ^
  File "C:\Users\snrso\AppData\Local\Programs\Python\Python314\Lib\site-packages\telegram\_bot.py", line 704, in _post
    return await self._do_post(
           ^^^^^^^^^^^^^^^^^^^^
    ...<6 lines>...
    )
    ^
  File "C:\Users\snrso\AppData\Local\Programs\Python\Python314\Lib\site-packages\telegram\ext\_extbot.py", line 370, in _do_post
    return await super()._do_post(
           ^^^^^^^^^^^^^^^^^^^^^^^
    ...<6 lines>...
    )
    ^
  File "C:\Users\snrso\AppData\Local\Programs\Python\Python314\Lib\site-packages\telegram\_bot.py", line 733, in _do_post
    result = await request.post(
             ^^^^^^^^^^^^^^^^^^^
    ...<6 lines>...
    )
    ^
  File "C:\Users\snrso\AppData\Local\Programs\Python\Python314\Lib\site-packages\telegram\request\_baserequest.py", line 198, in post
    result = await self._request_wrapper(
             ^^^^^^^^^^^^^^^^^^^^^^^^^^^^
    ...<7 lines>...
    )
    ^
  File "C:\Users\snrso\AppData\Local\Programs\Python\Python314\Lib\site-packages\telegram\request\_baserequest.py", line 375, in _request_wrapper
    raise exception
telegram.error.Conflict: Conflict: terminated by other getUpdates request; make sure that only one bot instance is running
2026-06-06 19:03:52,171 - httpx - INFO - HTTP Request: POST https://api.telegram.org/bot8838756490:AAE1CAsIDfhrFN31LzqwCXZ-3Lu-3tXYN0Y/getUpdates "HTTP/1.1 409 Conflict"
2026-06-06 19:03:52,173 - telegram.ext.Application - ERROR - No error handlers are registered, logging exception.
Traceback (most recent call last):
  File "C:\Users\snrso\AppData\Local\Programs\Python\Python314\Lib\site-packages\telegram\ext\_utils\networkloop.py", line 161, in network_retry_loop
    await do_action()
  File "C:\Users\snrso\AppData\Local\Programs\Python\Python314\Lib\site-packages\telegram\ext\_utils\networkloop.py", line 154, in do_action
    action_cb_task.result()
    ~~~~~~~~~~~~~~~~~~~~~^^
  File "C:\Users\snrso\AppData\Local\Programs\Python\Python314\Lib\site-packages\telegram\ext\_updater.py", line 340, in polling_action_cb
    updates = await self.bot.get_updates(
              ^^^^^^^^^^^^^^^^^^^^^^^^^^^
    ...<3 lines>...
    )
    ^
  File "C:\Users\snrso\AppData\Local\Programs\Python\Python314\Lib\site-packages\telegram\ext\_extbot.py", line 672, in get_updates
    updates = await super().get_updates(
              ^^^^^^^^^^^^^^^^^^^^^^^^^^
    ...<9 lines>...
    )
    ^
  File "C:\Users\snrso\AppData\Local\Programs\Python\Python314\Lib\site-packages\telegram\_bot.py", line 4865, in get_updates
    await self._post(
    ^^^^^^^^^^^^^^^^^
    ...<7 lines>...
    ),
    ^
  File "C:\Users\snrso\AppData\Local\Programs\Python\Python314\Lib\site-packages\telegram\_bot.py", line 704, in _post
    return await self._do_post(
           ^^^^^^^^^^^^^^^^^^^^
    ...<6 lines>...
    )
    ^
  File "C:\Users\snrso\AppData\Local\Programs\Python\Python314\Lib\site-packages\telegram\ext\_extbot.py", line 370, in _do_post
    return await super()._do_post(
           ^^^^^^^^^^^^^^^^^^^^^^^
    ...<6 lines>...
    )
    ^
  File "C:\Users\snrso\AppData\Local\Programs\Python\Python314\Lib\site-packages\telegram\_bot.py", line 733, in _do_post
    result = await request.post(
             ^^^^^^^^^^^^^^^^^^^
    ...<6 lines>...
    )
    ^
  File "C:\Users\snrso\AppData\Local\Programs\Python\Python314\Lib\site-packages\telegram\request\_baserequest.py", line 198, in post
    result = await self._request_wrapper(
             ^^^^^^^^^^^^^^^^^^^^^^^^^^^^
    ...<7 lines>...
    )
    ^
  File "C:\Users\snrso\AppData\Local\Programs\Python\Python314\Lib\site-packages\telegram\request\_baserequest.py", line 375, in _request_wrapper
    raise exception
telegram.error.Conflict: Conflict: terminated by other getUpdates request; make sure that only one bot instance is running
2026-06-06 19:03:59,177 - httpx - INFO - HTTP Request: POST https://api.telegram.org/bot8838756490:AAE1CAsIDfhrFN31LzqwCXZ-3Lu-3tXYN0Y/getUpdates "HTTP/1.1 200 OK"
2026-06-06 19:04:09,346 - httpx - INFO - HTTP Request: POST https://api.telegram.org/bot8838756490:AAE1CAsIDfhrFN31LzqwCXZ-3Lu-3tXYN0Y/getUpdates "HTTP/1.1 200 OK"
2026-06-06 19:04:19,518 - httpx - INFO - HTTP Request: POST https://api.telegram.org/bot8838756490:AAE1CAsIDfhrFN31LzqwCXZ-3Lu-3tXYN0Y/getUpdates "HTTP/1.1 200 OK"
2026-06-06 19:04:22,709 - httpx - INFO - HTTP Request: POST https://api.telegram.org/bot8838756490:AAE1CAsIDfhrFN31LzqwCXZ-3Lu-3tXYN0Y/getUpdates "HTTP/1.1 409 Conflict"
2026-06-06 19:04:22,710 - telegram.ext.Application - ERROR - No error handlers are registered, logging exception.
Traceback (most recent call last):
  File "C:\Users\snrso\AppData\Local\Programs\Python\Python314\Lib\site-packages\telegram\ext\_utils\networkloop.py", line 161, in network_retry_loop
    await do_action()
  File "C:\Users\snrso\AppData\Local\Programs\Python\Python314\Lib\site-packages\telegram\ext\_utils\networkloop.py", line 154, in do_action
    action_cb_task.result()
    ~~~~~~~~~~~~~~~~~~~~~^^
  File "C:\Users\snrso\AppData\Local\Programs\Python\Python314\Lib\site-packages\telegram\ext\_updater.py", line 340, in polling_action_cb
    updates = await self.bot.get_updates(
              ^^^^^^^^^^^^^^^^^^^^^^^^^^^
    ...<3 lines>...
    )
    ^
  File "C:\Users\snrso\AppData\Local\Programs\Python\Python314\Lib\site-packages\telegram\ext\_extbot.py", line 672, in get_updates
    updates = await super().get_updates(
              ^^^^^^^^^^^^^^^^^^^^^^^^^^
    ...<9 lines>...
    )
    ^
  File "C:\Users\snrso\AppData\Local\Programs\Python\Python314\Lib\site-packages\telegram\_bot.py", line 4865, in get_updates
    await self._post(
    ^^^^^^^^^^^^^^^^^
    ...<7 lines>...
    ),
    ^
  File "C:\Users\snrso\AppData\Local\Programs\Python\Python314\Lib\site-packages\telegram\_bot.py", line 704, in _post
    return await self._do_post(
           ^^^^^^^^^^^^^^^^^^^^
    ...<6 lines>...
    )
    ^
  File "C:\Users\snrso\AppData\Local\Programs\Python\Python314\Lib\site-packages\telegram\ext\_extbot.py", line 370, in _do_post
    return await super()._do_post(
           ^^^^^^^^^^^^^^^^^^^^^^^
    ...<6 lines>...
    )
    ^
  File "C:\Users\snrso\AppData\Local\Programs\Python\Python314\Lib\site-packages\telegram\_bot.py", line 733, in _do_post
    result = await request.post(
             ^^^^^^^^^^^^^^^^^^^
    ...<6 lines>...
    )
    ^
  File "C:\Users\snrso\AppData\Local\Programs\Python\Python314\Lib\site-packages\telegram\request\_baserequest.py", line 198, in post
    result = await self._request_wrapper(
             ^^^^^^^^^^^^^^^^^^^^^^^^^^^^
    ...<7 lines>...
    )
    ^
  File "C:\Users\snrso\AppData\Local\Programs\Python\Python314\Lib\site-packages\telegram\request\_baserequest.py", line 375, in _request_wrapper
    raise exception
telegram.error.Conflict: Conflict: terminated by other getUpdates request; make sure that only one bot instance is running
2026-06-06 19:04:26,904 - httpx - INFO - HTTP Request: POST https://api.telegram.org/bot8838756490:AAE1CAsIDfhrFN31LzqwCXZ-3Lu-3tXYN0Y/getUpdates "HTTP/1.1 409 Conflict"
2026-06-06 19:04:26,906 - telegram.ext.Application - ERROR - No error handlers are registered, logging exception.
Traceback (most recent call last):
  File "C:\Users\snrso\AppData\Local\Programs\Python\Python314\Lib\site-packages\telegram\ext\_utils\networkloop.py", line 161, in network_retry_loop
    await do_action()
  File "C:\Users\snrso\AppData\Local\Programs\Python\Python314\Lib\site-packages\telegram\ext\_utils\networkloop.py", line 154, in do_action
    action_cb_task.result()
    ~~~~~~~~~~~~~~~~~~~~~^^
  File "C:\Users\snrso\AppData\Local\Programs\Python\Python314\Lib\site-packages\telegram\ext\_updater.py", line 340, in polling_action_cb
    updates = await self.bot.get_updates(
              ^^^^^^^^^^^^^^^^^^^^^^^^^^^
    ...<3 lines>...
    )
    ^
  File "C:\Users\snrso\AppData\Local\Programs\Python\Python314\Lib\site-packages\telegram\ext\_extbot.py", line 672, in get_updates
    updates = await super().get_updates(
              ^^^^^^^^^^^^^^^^^^^^^^^^^^
    ...<9 lines>...
    )
    ^
  File "C:\Users\snrso\AppData\Local\Programs\Python\Python314\Lib\site-packages\telegram\_bot.py", line 4865, in get_updates
    await self._post(
    ^^^^^^^^^^^^^^^^^
    ...<7 lines>...
    ),
    ^
  File "C:\Users\snrso\AppData\Local\Programs\Python\Python314\Lib\site-packages\telegram\_bot.py", line 704, in _post
    return await self._do_post(
           ^^^^^^^^^^^^^^^^^^^^
    ...<6 lines>...
    )
    ^
  File "C:\Users\snrso\AppData\Local\Programs\Python\Python314\Lib\site-packages\telegram\ext\_extbot.py", line 370, in _do_post
    return await super()._do_post(
           ^^^^^^^^^^^^^^^^^^^^^^^
    ...<6 lines>...
    )
    ^
  File "C:\Users\snrso\AppData\Local\Programs\Python\Python314\Lib\site-packages\telegram\_bot.py", line 733, in _do_post
    result = await request.post(
             ^^^^^^^^^^^^^^^^^^^
    ...<6 lines>...
    )
    ^
  File "C:\Users\snrso\AppData\Local\Programs\Python\Python314\Lib\site-packages\telegram\request\_baserequest.py", line 198, in post
    result = await self._request_wrapper(
             ^^^^^^^^^^^^^^^^^^^^^^^^^^^^
    ...<7 lines>...
    )
    ^
  File "C:\Users\snrso\AppData\Local\Programs\Python\Python314\Lib\site-packages\telegram\request\_baserequest.py", line 375, in _request_wrapper
    raise exception
telegram.error.Conflict: Conflict: terminated by other getUpdates request; make sure that only one bot instance is running
2026-06-06 19:04:33,894 - httpx - INFO - HTTP Request: POST https://api.telegram.org/bot8838756490:AAE1CAsIDfhrFN31LzqwCXZ-3Lu-3tXYN0Y/getUpdates "HTTP/1.1 200 OK"
2026-06-06 19:04:44,070 - httpx - INFO - HTTP Request: POST https://api.telegram.org/bot8838756490:AAE1CAsIDfhrFN31LzqwCXZ-3Lu-3tXYN0Y/getUpdates "HTTP/1.1 200 OK"
2026-06-06 19:04:54,242 - httpx - INFO - HTTP Request: POST https://api.telegram.org/bot8838756490:AAE1CAsIDfhrFN31LzqwCXZ-3Lu-3tXYN0Y/getUpdates "HTTP/1.1 200 OK"
2026-06-06 19:04:57,409 - httpx - INFO - HTTP Request: POST https://api.telegram.org/bot8838756490:AAE1CAsIDfhrFN31LzqwCXZ-3Lu-3tXYN0Y/getUpdates "HTTP/1.1 409 Conflict"
2026-06-06 19:04:57,410 - telegram.ext.Application - ERROR - No error handlers are registered, logging exception.
Traceback (most recent call last):
  File "C:\Users\snrso\AppData\Local\Programs\Python\Python314\Lib\site-packages\telegram\ext\_utils\networkloop.py", line 161, in network_retry_loop
    await do_action()
  File "C:\Users\snrso\AppData\Local\Programs\Python\Python314\Lib\site-packages\telegram\ext\_utils\networkloop.py", line 154, in do_action
    action_cb_task.result()
    ~~~~~~~~~~~~~~~~~~~~~^^
  File "C:\Users\snrso\AppData\Local\Programs\Python\Python314\Lib\site-packages\telegram\ext\_updater.py", line 340, in polling_action_cb
    updates = await self.bot.get_updates(
              ^^^^^^^^^^^^^^^^^^^^^^^^^^^
    ...<3 lines>...
    )
    ^
  File "C:\Users\snrso\AppData\Local\Programs\Python\Python314\Lib\site-packages\telegram\ext\_extbot.py", line 672, in get_updates
    updates = await super().get_updates(
              ^^^^^^^^^^^^^^^^^^^^^^^^^^
    ...<9 lines>...
    )
    ^
  File "C:\Users\snrso\AppData\Local\Programs\Python\Python314\Lib\site-packages\telegram\_bot.py", line 4865, in get_updates
    await self._post(
    ^^^^^^^^^^^^^^^^^
    ...<7 lines>...
    ),
    ^
  File "C:\Users\snrso\AppData\Local\Programs\Python\Python314\Lib\site-packages\telegram\_bot.py", line 704, in _post
    return await self._do_post(
           ^^^^^^^^^^^^^^^^^^^^
    ...<6 lines>...
    )
    ^
  File "C:\Users\snrso\AppData\Local\Programs\Python\Python314\Lib\site-packages\telegram\ext\_extbot.py", line 370, in _do_post
    return await super()._do_post(
           ^^^^^^^^^^^^^^^^^^^^^^^
    ...<6 lines>...
    )
    ^
  File "C:\Users\snrso\AppData\Local\Programs\Python\Python314\Lib\site-packages\telegram\_bot.py", line 733, in _do_post
    result = await request.post(
             ^^^^^^^^^^^^^^^^^^^
    ...<6 lines>...
    )
    ^
  File "C:\Users\snrso\AppData\Local\Programs\Python\Python314\Lib\site-packages\telegram\request\_baserequest.py", line 198, in post
    result = await self._request_wrapper(
             ^^^^^^^^^^^^^^^^^^^^^^^^^^^^
    ...<7 lines>...
    )
    ^
  File "C:\Users\snrso\AppData\Local\Programs\Python\Python314\Lib\site-packages\telegram\request\_baserequest.py", line 375, in _request_wrapper
    raise exception
telegram.error.Conflict: Conflict: terminated by other getUpdates request; make sure that only one bot instance is running
2026-06-06 19:05:01,582 - httpx - INFO - HTTP Request: POST https://api.telegram.org/bot8838756490:AAE1CAsIDfhrFN31LzqwCXZ-3Lu-3tXYN0Y/getUpdates "HTTP/1.1 409 Conflict"
2026-06-06 19:05:01,583 - telegram.ext.Application - ERROR - No error handlers are registered, logging exception.
Traceback (most recent call last):
  File "C:\Users\snrso\AppData\Local\Programs\Python\Python314\Lib\site-packages\telegram\ext\_utils\networkloop.py", line 161, in network_retry_loop
    await do_action()
  File "C:\Users\snrso\AppData\Local\Programs\Python\Python314\Lib\site-packages\telegram\ext\_utils\networkloop.py", line 154, in do_action
    action_cb_task.result()
    ~~~~~~~~~~~~~~~~~~~~~^^
  File "C:\Users\snrso\AppData\Local\Programs\Python\Python314\Lib\site-packages\telegram\ext\_updater.py", line 340, in polling_action_cb
    updates = await self.bot.get_updates(
              ^^^^^^^^^^^^^^^^^^^^^^^^^^^
    ...<3 lines>...
    )
    ^
  File "C:\Users\snrso\AppData\Local\Programs\Python\Python314\Lib\site-packages\telegram\ext\_extbot.py", line 672, in get_updates
    updates = await super().get_updates(
              ^^^^^^^^^^^^^^^^^^^^^^^^^^
    ...<9 lines>...
    )
    ^
  File "C:\Users\snrso\AppData\Local\Programs\Python\Python314\Lib\site-packages\telegram\_bot.py", line 4865, in get_updates
    await self._post(
    ^^^^^^^^^^^^^^^^^
    ...<7 lines>...
    ),
    ^
  File "C:\Users\snrso\AppData\Local\Programs\Python\Python314\Lib\site-packages\telegram\_bot.py", line 704, in _post
    return await self._do_post(
           ^^^^^^^^^^^^^^^^^^^^
    ...<6 lines>...
    )
    ^
  File "C:\Users\snrso\AppData\Local\Programs\Python\Python314\Lib\site-packages\telegram\ext\_extbot.py", line 370, in _do_post
    return await super()._do_post(
           ^^^^^^^^^^^^^^^^^^^^^^^
    ...<6 lines>...
    )
    ^
  File "C:\Users\snrso\AppData\Local\Programs\Python\Python314\Lib\site-packages\telegram\_bot.py", line 733, in _do_post
    result = await request.post(
             ^^^^^^^^^^^^^^^^^^^
    ...<6 lines>...
    )
    ^
  File "C:\Users\snrso\AppData\Local\Programs\Python\Python314\Lib\site-packages\telegram\request\_baserequest.py", line 198, in post
    result = await self._request_wrapper(
             ^^^^^^^^^^^^^^^^^^^^^^^^^^^^
    ...<7 lines>...
    )
    ^
  File "C:\Users\snrso\AppData\Local\Programs\Python\Python314\Lib\site-packages\telegram\request\_baserequest.py", line 375, in _request_wrapper
    raise exception
telegram.error.Conflict: Conflict: terminated by other getUpdates request; make sure that only one bot instance is running
2026-06-06 19:05:08,586 - httpx - INFO - HTTP Request: POST https://api.telegram.org/bot8838756490:AAE1CAsIDfhrFN31LzqwCXZ-3Lu-3tXYN0Y/getUpdates "HTTP/1.1 200 OK"
2026-06-06 19:05:18,756 - httpx - INFO - HTTP Request: POST https://api.telegram.org/bot8838756490:AAE1CAsIDfhrFN31LzqwCXZ-3Lu-3tXYN0Y/getUpdates "HTTP/1.1 200 OK"
2026-06-06 19:05:28,926 - httpx - INFO - HTTP Request: POST https://api.telegram.org/bot8838756490:AAE1CAsIDfhrFN31LzqwCXZ-3Lu-3tXYN0Y/getUpdates "HTTP/1.1 200 OK"
2026-06-06 19:05:32,087 - httpx - INFO - HTTP Request: POST https://api.telegram.org/bot8838756490:AAE1CAsIDfhrFN31LzqwCXZ-3Lu-3tXYN0Y/getUpdates "HTTP/1.1 409 Conflict"
2026-06-06 19:05:32,089 - telegram.ext.Application - ERROR - No error handlers are registered, logging exception.
Traceback (most recent call last):
  File "C:\Users\snrso\AppData\Local\Programs\Python\Python314\Lib\site-packages\telegram\ext\_utils\networkloop.py", line 161, in network_retry_loop
    await do_action()
  File "C:\Users\snrso\AppData\Local\Programs\Python\Python314\Lib\site-packages\telegram\ext\_utils\networkloop.py", line 154, in do_action
    action_cb_task.result()
    ~~~~~~~~~~~~~~~~~~~~~^^
  File "C:\Users\snrso\AppData\Local\Programs\Python\Python314\Lib\site-packages\telegram\ext\_updater.py", line 340, in polling_action_cb
    updates = await self.bot.get_updates(
              ^^^^^^^^^^^^^^^^^^^^^^^^^^^
    ...<3 lines>...
    )
    ^
  File "C:\Users\snrso\AppData\Local\Programs\Python\Python314\Lib\site-packages\telegram\ext\_extbot.py", line 672, in get_updates
    updates = await super().get_updates(
              ^^^^^^^^^^^^^^^^^^^^^^^^^^
    ...<9 lines>...
    )
    ^
  File "C:\Users\snrso\AppData\Local\Programs\Python\Python314\Lib\site-packages\telegram\_bot.py", line 4865, in get_updates
    await self._post(
    ^^^^^^^^^^^^^^^^^
    ...<7 lines>...
    ),
    ^
  File "C:\Users\snrso\AppData\Local\Programs\Python\Python314\Lib\site-packages\telegram\_bot.py", line 704, in _post
    return await self._do_post(
           ^^^^^^^^^^^^^^^^^^^^
    ...<6 lines>...
    )
    ^
  File "C:\Users\snrso\AppData\Local\Programs\Python\Python314\Lib\site-packages\telegram\ext\_extbot.py", line 370, in _do_post
    return await super()._do_post(
           ^^^^^^^^^^^^^^^^^^^^^^^
    ...<6 lines>...
    )
    ^
  File "C:\Users\snrso\AppData\Local\Programs\Python\Python314\Lib\site-packages\telegram\_bot.py", line 733, in _do_post
    result = await request.post(
             ^^^^^^^^^^^^^^^^^^^
    ...<6 lines>...
    )
    ^
  File "C:\Users\snrso\AppData\Local\Programs\Python\Python314\Lib\site-packages\telegram\request\_baserequest.py", line 198, in post
    result = await self._request_wrapper(
             ^^^^^^^^^^^^^^^^^^^^^^^^^^^^
    ...<7 lines>...
    )
    ^
  File "C:\Users\snrso\AppData\Local\Programs\Python\Python314\Lib\site-packages\telegram\request\_baserequest.py", line 375, in _request_wrapper
    raise exception
telegram.error.Conflict: Conflict: terminated by other getUpdates request; make sure that only one bot instance is running
2026-06-06 19:05:36,257 - httpx - INFO - HTTP Request: POST https://api.telegram.org/bot8838756490:AAE1CAsIDfhrFN31LzqwCXZ-3Lu-3tXYN0Y/getUpdates "HTTP/1.1 409 Conflict"
2026-06-06 19:05:36,259 - telegram.ext.Application - ERROR - No error handlers are registered, logging exception.
Traceback (most recent call last):
  File "C:\Users\snrso\AppData\Local\Programs\Python\Python314\Lib\site-packages\telegram\ext\_utils\networkloop.py", line 161, in network_retry_loop
    await do_action()
  File "C:\Users\snrso\AppData\Local\Programs\Python\Python314\Lib\site-packages\telegram\ext\_utils\networkloop.py", line 154, in do_action
    action_cb_task.result()
    ~~~~~~~~~~~~~~~~~~~~~^^
  File "C:\Users\snrso\AppData\Local\Programs\Python\Python314\Lib\site-packages\telegram\ext\_updater.py", line 340, in polling_action_cb
    updates = await self.bot.get_updates(
              ^^^^^^^^^^^^^^^^^^^^^^^^^^^
    ...<3 lines>...
    )
    ^
  File "C:\Users\snrso\AppData\Local\Programs\Python\Python314\Lib\site-packages\telegram\ext\_extbot.py", line 672, in get_updates
    updates = await super().get_updates(
              ^^^^^^^^^^^^^^^^^^^^^^^^^^
    ...<9 lines>...
    )
    ^
  File "C:\Users\snrso\AppData\Local\Programs\Python\Python314\Lib\site-packages\telegram\_bot.py", line 4865, in get_updates
    await self._post(
    ^^^^^^^^^^^^^^^^^
    ...<7 lines>...
    ),
    ^
  File "C:\Users\snrso\AppData\Local\Programs\Python\Python314\Lib\site-packages\telegram\_bot.py", line 704, in _post
    return await self._do_post(
           ^^^^^^^^^^^^^^^^^^^^
    ...<6 lines>...
    )
    ^
  File "C:\Users\snrso\AppData\Local\Programs\Python\Python314\Lib\site-packages\telegram\ext\_extbot.py", line 370, in _do_post
    return await super()._do_post(
           ^^^^^^^^^^^^^^^^^^^^^^^
    ...<6 lines>...
    )
    ^
  File "C:\Users\snrso\AppData\Local\Programs\Python\Python314\Lib\site-packages\telegram\_bot.py", line 733, in _do_post
    result = await request.post(
             ^^^^^^^^^^^^^^^^^^^
    ...<6 lines>...
    )
    ^
  File "C:\Users\snrso\AppData\Local\Programs\Python\Python314\Lib\site-packages\telegram\request\_baserequest.py", line 198, in post
    result = await self._request_wrapper(
             ^^^^^^^^^^^^^^^^^^^^^^^^^^^^
    ...<7 lines>...
    )
    ^
  File "C:\Users\snrso\AppData\Local\Programs\Python\Python314\Lib\site-packages\telegram\request\_baserequest.py", line 375, in _request_wrapper
    raise exception
telegram.error.Conflict: Conflict: terminated by other getUpdates request; make sure that only one bot instance is running
2026-06-06 19:05:43,268 - httpx - INFO - HTTP Request: POST https://api.telegram.org/bot8838756490:AAE1CAsIDfhrFN31LzqwCXZ-3Lu-3tXYN0Y/getUpdates "HTTP/1.1 200 OK"
2026-06-06 19:05:53,444 - httpx - INFO - HTTP Request: POST https://api.telegram.org/bot8838756490:AAE1CAsIDfhrFN31LzqwCXZ-3Lu-3tXYN0Y/getUpdates "HTTP/1.1 200 OK"
2026-06-06 19:06:03,616 - httpx - INFO - HTTP Request: POST https://api.telegram.org/bot8838756490:AAE1CAsIDfhrFN31LzqwCXZ-3Lu-3tXYN0Y/getUpdates "HTTP/1.1 200 OK"
2026-06-06 19:06:06,768 - httpx - INFO - HTTP Request: POST https://api.telegram.org/bot8838756490:AAE1CAsIDfhrFN31LzqwCXZ-3Lu-3tXYN0Y/getUpdates "HTTP/1.1 409 Conflict"
2026-06-06 19:06:06,770 - telegram.ext.Application - ERROR - No error handlers are registered, logging exception.
Traceback (most recent call last):
  File "C:\Users\snrso\AppData\Local\Programs\Python\Python314\Lib\site-packages\telegram\ext\_utils\networkloop.py", line 161, in network_retry_loop
    await do_action()
  File "C:\Users\snrso\AppData\Local\Programs\Python\Python314\Lib\site-packages\telegram\ext\_utils\networkloop.py", line 154, in do_action
    action_cb_task.result()
    ~~~~~~~~~~~~~~~~~~~~~^^
  File "C:\Users\snrso\AppData\Local\Programs\Python\Python314\Lib\site-packages\telegram\ext\_updater.py", line 340, in polling_action_cb
    updates = await self.bot.get_updates(
              ^^^^^^^^^^^^^^^^^^^^^^^^^^^
    ...<3 lines>...
    )
    ^
  File "C:\Users\snrso\AppData\Local\Programs\Python\Python314\Lib\site-packages\telegram\ext\_extbot.py", line 672, in get_updates
    updates = await super().get_updates(
              ^^^^^^^^^^^^^^^^^^^^^^^^^^
    ...<9 lines>...
    )
    ^
  File "C:\Users\snrso\AppData\Local\Programs\Python\Python314\Lib\site-packages\telegram\_bot.py", line 4865, in get_updates
    await self._post(
    ^^^^^^^^^^^^^^^^^
    ...<7 lines>...
    ),
    ^
  File "C:\Users\snrso\AppData\Local\Programs\Python\Python314\Lib\site-packages\telegram\_bot.py", line 704, in _post
    return await self._do_post(
           ^^^^^^^^^^^^^^^^^^^^
    ...<6 lines>...
    )
    ^
  File "C:\Users\snrso\AppData\Local\Programs\Python\Python314\Lib\site-packages\telegram\ext\_extbot.py", line 370, in _do_post
    return await super()._do_post(
           ^^^^^^^^^^^^^^^^^^^^^^^
    ...<6 lines>...
    )
    ^
  File "C:\Users\snrso\AppData\Local\Programs\Python\Python314\Lib\site-packages\telegram\_bot.py", line 733, in _do_post
    result = await request.post(
             ^^^^^^^^^^^^^^^^^^^
    ...<6 lines>...
    )
    ^
  File "C:\Users\snrso\AppData\Local\Programs\Python\Python314\Lib\site-packages\telegram\request\_baserequest.py", line 198, in post
    result = await self._request_wrapper(
             ^^^^^^^^^^^^^^^^^^^^^^^^^^^^
    ...<7 lines>...
    )
    ^
  File "C:\Users\snrso\AppData\Local\Programs\Python\Python314\Lib\site-packages\telegram\request\_baserequest.py", line 375, in _request_wrapper
    raise exception
telegram.error.Conflict: Conflict: terminated by other getUpdates request; make sure that only one bot instance is running
2026-06-06 19:06:10,952 - httpx - INFO - HTTP Request: POST https://api.telegram.org/bot8838756490:AAE1CAsIDfhrFN31LzqwCXZ-3Lu-3tXYN0Y/getUpdates "HTTP/1.1 409 Conflict"
2026-06-06 19:06:10,953 - telegram.ext.Application - ERROR - No error handlers are registered, logging exception.
Traceback (most recent call last):
  File "C:\Users\snrso\AppData\Local\Programs\Python\Python314\Lib\site-packages\telegram\ext\_utils\networkloop.py", line 161, in network_retry_loop
    await do_action()
  File "C:\Users\snrso\AppData\Local\Programs\Python\Python314\Lib\site-packages\telegram\ext\_utils\networkloop.py", line 154, in do_action
    action_cb_task.result()
    ~~~~~~~~~~~~~~~~~~~~~^^
  File "C:\Users\snrso\AppData\Local\Programs\Python\Python314\Lib\site-packages\telegram\ext\_updater.py", line 340, in polling_action_cb
    updates = await self.bot.get_updates(
              ^^^^^^^^^^^^^^^^^^^^^^^^^^^
    ...<3 lines>...
    )
    ^
  File "C:\Users\snrso\AppData\Local\Programs\Python\Python314\Lib\site-packages\telegram\ext\_extbot.py", line 672, in get_updates
    updates = await super().get_updates(
              ^^^^^^^^^^^^^^^^^^^^^^^^^^
    ...<9 lines>...
    )
    ^
  File "C:\Users\snrso\AppData\Local\Programs\Python\Python314\Lib\site-packages\telegram\_bot.py", line 4865, in get_updates
    await self._post(
    ^^^^^^^^^^^^^^^^^
    ...<7 lines>...
    ),
    ^
  File "C:\Users\snrso\AppData\Local\Programs\Python\Python314\Lib\site-packages\telegram\_bot.py", line 704, in _post
    return await self._do_post(
           ^^^^^^^^^^^^^^^^^^^^
    ...<6 lines>...
    )
    ^
  File "C:\Users\snrso\AppData\Local\Programs\Python\Python314\Lib\site-packages\telegram\ext\_extbot.py", line 370, in _do_post
    return await super()._do_post(
           ^^^^^^^^^^^^^^^^^^^^^^^
    ...<6 lines>...
    )
    ^
  File "C:\Users\snrso\AppData\Local\Programs\Python\Python314\Lib\site-packages\telegram\_bot.py", line 733, in _do_post
    result = await request.post(
             ^^^^^^^^^^^^^^^^^^^
    ...<6 lines>...
    )
    ^
  File "C:\Users\snrso\AppData\Local\Programs\Python\Python314\Lib\site-packages\telegram\request\_baserequest.py", line 198, in post
    result = await self._request_wrapper(
             ^^^^^^^^^^^^^^^^^^^^^^^^^^^^
    ...<7 lines>...
    )
    ^
  File "C:\Users\snrso\AppData\Local\Programs\Python\Python314\Lib\site-packages\telegram\request\_baserequest.py", line 375, in _request_wrapper
    raise exception
telegram.error.Conflict: Conflict: terminated by other getUpdates request; make sure that only one bot instance is running
2026-06-06 19:06:17,954 - httpx - INFO - HTTP Request: POST https://api.telegram.org/bot8838756490:AAE1CAsIDfhrFN31LzqwCXZ-3Lu-3tXYN0Y/getUpdates "HTTP/1.1 200 OK"
2026-06-06 19:06:28,128 - httpx - INFO - HTTP Request: POST https://api.telegram.org/bot8838756490:AAE1CAsIDfhrFN31LzqwCXZ-3Lu-3tXYN0Y/getUpdates "HTTP/1.1 200 OK"
2026-06-06 19:06:38,302 - httpx - INFO - HTTP Request: POST https://api.telegram.org/bot8838756490:AAE1CAsIDfhrFN31LzqwCXZ-3Lu-3tXYN0Y/getUpdates "HTTP/1.1 200 OK"
2026-06-06 19:06:41,468 - httpx - INFO - HTTP Request: POST https://api.telegram.org/bot8838756490:AAE1CAsIDfhrFN31LzqwCXZ-3Lu-3tXYN0Y/getUpdates "HTTP/1.1 409 Conflict"
2026-06-06 19:06:41,469 - telegram.ext.Application - ERROR - No error handlers are registered, logging exception.
Traceback (most recent call last):
  File "C:\Users\snrso\AppData\Local\Programs\Python\Python314\Lib\site-packages\telegram\ext\_utils\networkloop.py", line 161, in network_retry_loop
    await do_action()
  File "C:\Users\snrso\AppData\Local\Programs\Python\Python314\Lib\site-packages\telegram\ext\_utils\networkloop.py", line 154, in do_action
    action_cb_task.result()
    ~~~~~~~~~~~~~~~~~~~~~^^
  File "C:\Users\snrso\AppData\Local\Programs\Python\Python314\Lib\site-packages\telegram\ext\_updater.py", line 340, in polling_action_cb
    updates = await self.bot.get_updates(
              ^^^^^^^^^^^^^^^^^^^^^^^^^^^
    ...<3 lines>...
    )
    ^
  File "C:\Users\snrso\AppData\Local\Programs\Python\Python314\Lib\site-packages\telegram\ext\_extbot.py", line 672, in get_updates
    updates = await super().get_updates(
              ^^^^^^^^^^^^^^^^^^^^^^^^^^
    ...<9 lines>...
    )
    ^
  File "C:\Users\snrso\AppData\Local\Programs\Python\Python314\Lib\site-packages\telegram\_bot.py", line 4865, in get_updates
    await self._post(
    ^^^^^^^^^^^^^^^^^
    ...<7 lines>...
    ),
    ^
  File "C:\Users\snrso\AppData\Local\Programs\Python\Python314\Lib\site-packages\telegram\_bot.py", line 704, in _post
    return await self._do_post(
           ^^^^^^^^^^^^^^^^^^^^
    ...<6 lines>...
    )
    ^
  File "C:\Users\snrso\AppData\Local\Programs\Python\Python314\Lib\site-packages\telegram\ext\_extbot.py", line 370, in _do_post
    return await super()._do_post(
           ^^^^^^^^^^^^^^^^^^^^^^^
    ...<6 lines>...
    )
    ^
  File "C:\Users\snrso\AppData\Local\Programs\Python\Python314\Lib\site-packages\telegram\_bot.py", line 733, in _do_post
    result = await request.post(
             ^^^^^^^^^^^^^^^^^^^
    ...<6 lines>...
    )
    ^
  File "C:\Users\snrso\AppData\Local\Programs\Python\Python314\Lib\site-packages\telegram\request\_baserequest.py", line 198, in post
    result = await self._request_wrapper(
             ^^^^^^^^^^^^^^^^^^^^^^^^^^^^
    ...<7 lines>...
    )
    ^
  File "C:\Users\snrso\AppData\Local\Programs\Python\Python314\Lib\site-packages\telegram\request\_baserequest.py", line 375, in _request_wrapper
    raise exception
telegram.error.Conflict: Conflict: terminated by other getUpdates request; make sure that only one bot instance is running
2026-06-06 19:06:45,644 - httpx - INFO - HTTP Request: POST https://api.telegram.org/bot8838756490:AAE1CAsIDfhrFN31LzqwCXZ-3Lu-3tXYN0Y/getUpdates "HTTP/1.1 409 Conflict"
2026-06-06 19:06:45,646 - telegram.ext.Application - ERROR - No error handlers are registered, logging exception.
Traceback (most recent call last):
  File "C:\Users\snrso\AppData\Local\Programs\Python\Python314\Lib\site-packages\telegram\ext\_utils\networkloop.py", line 161, in network_retry_loop
    await do_action()
  File "C:\Users\snrso\AppData\Local\Programs\Python\Python314\Lib\site-packages\telegram\ext\_utils\networkloop.py", line 154, in do_action
    action_cb_task.result()
    ~~~~~~~~~~~~~~~~~~~~~^^
  File "C:\Users\snrso\AppData\Local\Programs\Python\Python314\Lib\site-packages\telegram\ext\_updater.py", line 340, in polling_action_cb
    updates = await self.bot.get_updates(
              ^^^^^^^^^^^^^^^^^^^^^^^^^^^
    ...<3 lines>...
    )
    ^
  File "C:\Users\snrso\AppData\Local\Programs\Python\Python314\Lib\site-packages\telegram\ext\_extbot.py", line 672, in get_updates
    updates = await super().get_updates(
              ^^^^^^^^^^^^^^^^^^^^^^^^^^
    ...<9 lines>...
    )
    ^
  File "C:\Users\snrso\AppData\Local\Programs\Python\Python314\Lib\site-packages\telegram\_bot.py", line 4865, in get_updates
    await self._post(
    ^^^^^^^^^^^^^^^^^
    ...<7 lines>...
    ),
    ^
  File "C:\Users\snrso\AppData\Local\Programs\Python\Python314\Lib\site-packages\telegram\_bot.py", line 704, in _post
    return await self._do_post(
           ^^^^^^^^^^^^^^^^^^^^
    ...<6 lines>...
    )
    ^
  File "C:\Users\snrso\AppData\Local\Programs\Python\Python314\Lib\site-packages\telegram\ext\_extbot.py", line 370, in _do_post
    return await super()._do_post(
           ^^^^^^^^^^^^^^^^^^^^^^^
    ...<6 lines>...
    )
    ^
  File "C:\Users\snrso\AppData\Local\Programs\Python\Python314\Lib\site-packages\telegram\_bot.py", line 733, in _do_post
    result = await request.post(
             ^^^^^^^^^^^^^^^^^^^
    ...<6 lines>...
    )
    ^
  File "C:\Users\snrso\AppData\Local\Programs\Python\Python314\Lib\site-packages\telegram\request\_baserequest.py", line 198, in post
    result = await self._request_wrapper(
             ^^^^^^^^^^^^^^^^^^^^^^^^^^^^
    ...<7 lines>...
    )
    ^
  File "C:\Users\snrso\AppData\Local\Programs\Python\Python314\Lib\site-packages\telegram\request\_baserequest.py", line 375, in _request_wrapper
    raise exception
telegram.error.Conflict: Conflict: terminated by other getUpdates request; make sure that only one bot instance is running
2026-06-06 19:06:52,640 - httpx - INFO - HTTP Request: POST https://api.telegram.org/bot8838756490:AAE1CAsIDfhrFN31LzqwCXZ-3Lu-3tXYN0Y/getUpdates "HTTP/1.1 200 OK"
2026-06-06 19:07:02,808 - httpx - INFO - HTTP Request: POST https://api.telegram.org/bot8838756490:AAE1CAsIDfhrFN31LzqwCXZ-3Lu-3tXYN0Y/getUpdates "HTTP/1.1 200 OK"
2026-06-06 19:07:12,980 - httpx - INFO - HTTP Request: POST https://api.telegram.org/bot8838756490:AAE1CAsIDfhrFN31LzqwCXZ-3Lu-3tXYN0Y/getUpdates "HTTP/1.1 200 OK"
2026-06-06 19:07:16,184 - httpx - INFO - HTTP Request: POST https://api.telegram.org/bot8838756490:AAE1CAsIDfhrFN31LzqwCXZ-3Lu-3tXYN0Y/getUpdates "HTTP/1.1 409 Conflict"
2026-06-06 19:07:16,186 - telegram.ext.Application - ERROR - No error handlers are registered, logging exception.
Traceback (most recent call last):
  File "C:\Users\snrso\AppData\Local\Programs\Python\Python314\Lib\site-packages\telegram\ext\_utils\networkloop.py", line 161, in network_retry_loop
    await do_action()
  File "C:\Users\snrso\AppData\Local\Programs\Python\Python314\Lib\site-packages\telegram\ext\_utils\networkloop.py", line 154, in do_action
    action_cb_task.result()
    ~~~~~~~~~~~~~~~~~~~~~^^
  File "C:\Users\snrso\AppData\Local\Programs\Python\Python314\Lib\site-packages\telegram\ext\_updater.py", line 340, in polling_action_cb
    updates = await self.bot.get_updates(
              ^^^^^^^^^^^^^^^^^^^^^^^^^^^
    ...<3 lines>...
    )
    ^
  File "C:\Users\snrso\AppData\Local\Programs\Python\Python314\Lib\site-packages\telegram\ext\_extbot.py", line 672, in get_updates
    updates = await super().get_updates(
              ^^^^^^^^^^^^^^^^^^^^^^^^^^
    ...<9 lines>...
    )
    ^
  File "C:\Users\snrso\AppData\Local\Programs\Python\Python314\Lib\site-packages\telegram\_bot.py", line 4865, in get_updates
    await self._post(
    ^^^^^^^^^^^^^^^^^
    ...<7 lines>...
    ),
    ^
  File "C:\Users\snrso\AppData\Local\Programs\Python\Python314\Lib\site-packages\telegram\_bot.py", line 704, in _post
    return await self._do_post(
           ^^^^^^^^^^^^^^^^^^^^
    ...<6 lines>...
    )
    ^
  File "C:\Users\snrso\AppData\Local\Programs\Python\Python314\Lib\site-packages\telegram\ext\_extbot.py", line 370, in _do_post
    return await super()._do_post(
           ^^^^^^^^^^^^^^^^^^^^^^^
    ...<6 lines>...
    )
    ^
  File "C:\Users\snrso\AppData\Local\Programs\Python\Python314\Lib\site-packages\telegram\_bot.py", line 733, in _do_post
    result = await request.post(
             ^^^^^^^^^^^^^^^^^^^
    ...<6 lines>...
    )
    ^
  File "C:\Users\snrso\AppData\Local\Programs\Python\Python314\Lib\site-packages\telegram\request\_baserequest.py", line 198, in post
    result = await self._request_wrapper(
             ^^^^^^^^^^^^^^^^^^^^^^^^^^^^
    ...<7 lines>...
    )
    ^
  File "C:\Users\snrso\AppData\Local\Programs\Python\Python314\Lib\site-packages\telegram\request\_baserequest.py", line 375, in _request_wrapper
    raise exception
telegram.error.Conflict: Conflict: terminated by other getUpdates request; make sure that only one bot instance is running
2026-06-06 19:07:20,359 - httpx - INFO - HTTP Request: POST https://api.telegram.org/bot8838756490:AAE1CAsIDfhrFN31LzqwCXZ-3Lu-3tXYN0Y/getUpdates "HTTP/1.1 409 Conflict"
2026-06-06 19:07:20,360 - telegram.ext.Application - ERROR - No error handlers are registered, logging exception.
Traceback (most recent call last):
  File "C:\Users\snrso\AppData\Local\Programs\Python\Python314\Lib\site-packages\telegram\ext\_utils\networkloop.py", line 161, in network_retry_loop
    await do_action()
  File "C:\Users\snrso\AppData\Local\Programs\Python\Python314\Lib\site-packages\telegram\ext\_utils\networkloop.py", line 154, in do_action
    action_cb_task.result()
    ~~~~~~~~~~~~~~~~~~~~~^^
  File "C:\Users\snrso\AppData\Local\Programs\Python\Python314\Lib\site-packages\telegram\ext\_updater.py", line 340, in polling_action_cb
    updates = await self.bot.get_updates(
              ^^^^^^^^^^^^^^^^^^^^^^^^^^^
    ...<3 lines>...
    )
    ^
  File "C:\Users\snrso\AppData\Local\Programs\Python\Python314\Lib\site-packages\telegram\ext\_extbot.py", line 672, in get_updates
    updates = await super().get_updates(
              ^^^^^^^^^^^^^^^^^^^^^^^^^^
    ...<9 lines>...
    )
    ^
  File "C:\Users\snrso\AppData\Local\Programs\Python\Python314\Lib\site-packages\telegram\_bot.py", line 4865, in get_updates
    await self._post(
    ^^^^^^^^^^^^^^^^^
    ...<7 lines>...
    ),
    ^
  File "C:\Users\snrso\AppData\Local\Programs\Python\Python314\Lib\site-packages\telegram\_bot.py", line 704, in _post
    return await self._do_post(
           ^^^^^^^^^^^^^^^^^^^^
    ...<6 lines>...
    )
    ^
  File "C:\Users\snrso\AppData\Local\Programs\Python\Python314\Lib\site-packages\telegram\ext\_extbot.py", line 370, in _do_post
    return await super()._do_post(
           ^^^^^^^^^^^^^^^^^^^^^^^
    ...<6 lines>...
    )
    ^
  File "C:\Users\snrso\AppData\Local\Programs\Python\Python314\Lib\site-packages\telegram\_bot.py", line 733, in _do_post
    result = await request.post(
             ^^^^^^^^^^^^^^^^^^^
    ...<6 lines>...
    )
    ^
  File "C:\Users\snrso\AppData\Local\Programs\Python\Python314\Lib\site-packages\telegram\request\_baserequest.py", line 198, in post
    result = await self._request_wrapper(
             ^^^^^^^^^^^^^^^^^^^^^^^^^^^^
    ...<7 lines>...
    )
    ^
  File "C:\Users\snrso\AppData\Local\Programs\Python\Python314\Lib\site-packages\telegram\request\_baserequest.py", line 375, in _request_wrapper
    raise exception
telegram.error.Conflict: Conflict: terminated by other getUpdates request; make sure that only one bot instance is running
2026-06-06 19:07:27,361 - httpx - INFO - HTTP Request: POST https://api.telegram.org/bot8838756490:AAE1CAsIDfhrFN31LzqwCXZ-3Lu-3tXYN0Y/getUpdates "HTTP/1.1 200 OK"
2026-06-06 19:07:37,532 - httpx - INFO - HTTP Request: POST https://api.telegram.org/bot8838756490:AAE1CAsIDfhrFN31LzqwCXZ-3Lu-3tXYN0Y/getUpdates "HTTP/1.1 200 OK"
2026-06-06 19:07:47,701 - httpx - INFO - HTTP Request: POST https://api.telegram.org/bot8838756490:AAE1CAsIDfhrFN31LzqwCXZ-3Lu-3tXYN0Y/getUpdates "HTTP/1.1 200 OK"
2026-06-06 19:07:50,892 - httpx - INFO - HTTP Request: POST https://api.telegram.org/bot8838756490:AAE1CAsIDfhrFN31LzqwCXZ-3Lu-3tXYN0Y/getUpdates "HTTP/1.1 409 Conflict"
2026-06-06 19:07:50,893 - telegram.ext.Application - ERROR - No error handlers are registered, logging exception.
Traceback (most recent call last):
  File "C:\Users\snrso\AppData\Local\Programs\Python\Python314\Lib\site-packages\telegram\ext\_utils\networkloop.py", line 161, in network_retry_loop
    await do_action()
  File "C:\Users\snrso\AppData\Local\Programs\Python\Python314\Lib\site-packages\telegram\ext\_utils\networkloop.py", line 154, in do_action
    action_cb_task.result()
    ~~~~~~~~~~~~~~~~~~~~~^^
  File "C:\Users\snrso\AppData\Local\Programs\Python\Python314\Lib\site-packages\telegram\ext\_updater.py", line 340, in polling_action_cb
    updates = await self.bot.get_updates(
              ^^^^^^^^^^^^^^^^^^^^^^^^^^^
    ...<3 lines>...
    )
    ^
  File "C:\Users\snrso\AppData\Local\Programs\Python\Python314\Lib\site-packages\telegram\ext\_extbot.py", line 672, in get_updates
    updates = await super().get_updates(
              ^^^^^^^^^^^^^^^^^^^^^^^^^^
    ...<9 lines>...
    )
    ^
  File "C:\Users\snrso\AppData\Local\Programs\Python\Python314\Lib\site-packages\telegram\_bot.py", line 4865, in get_updates
    await self._post(
    ^^^^^^^^^^^^^^^^^
    ...<7 lines>...
    ),
    ^
  File "C:\Users\snrso\AppData\Local\Programs\Python\Python314\Lib\site-packages\telegram\_bot.py", line 704, in _post
    return await self._do_post(
           ^^^^^^^^^^^^^^^^^^^^
    ...<6 lines>...
    )
    ^
  File "C:\Users\snrso\AppData\Local\Programs\Python\Python314\Lib\site-packages\telegram\ext\_extbot.py", line 370, in _do_post
    return await super()._do_post(
           ^^^^^^^^^^^^^^^^^^^^^^^
    ...<6 lines>...
    )
    ^
  File "C:\Users\snrso\AppData\Local\Programs\Python\Python314\Lib\site-packages\telegram\_bot.py", line 733, in _do_post
    result = await request.post(
             ^^^^^^^^^^^^^^^^^^^
    ...<6 lines>...
    )
    ^
  File "C:\Users\snrso\AppData\Local\Programs\Python\Python314\Lib\site-packages\telegram\request\_baserequest.py", line 198, in post
    result = await self._request_wrapper(
             ^^^^^^^^^^^^^^^^^^^^^^^^^^^^
    ...<7 lines>...
    )
    ^
  File "C:\Users\snrso\AppData\Local\Programs\Python\Python314\Lib\site-packages\telegram\request\_baserequest.py", line 375, in _request_wrapper
    raise exception
telegram.error.Conflict: Conflict: terminated by other getUpdates request; make sure that only one bot instance is running
2026-06-06 19:07:55,063 - httpx - INFO - HTTP Request: POST https://api.telegram.org/bot8838756490:AAE1CAsIDfhrFN31LzqwCXZ-3Lu-3tXYN0Y/getUpdates "HTTP/1.1 409 Conflict"
2026-06-06 19:07:55,065 - telegram.ext.Application - ERROR - No error handlers are registered, logging exception.
Traceback (most recent call last):
  File "C:\Users\snrso\AppData\Local\Programs\Python\Python314\Lib\site-packages\telegram\ext\_utils\networkloop.py", line 161, in network_retry_loop
    await do_action()
  File "C:\Users\snrso\AppData\Local\Programs\Python\Python314\Lib\site-packages\telegram\ext\_utils\networkloop.py", line 154, in do_action
    action_cb_task.result()
    ~~~~~~~~~~~~~~~~~~~~~^^
  File "C:\Users\snrso\AppData\Local\Programs\Python\Python314\Lib\site-packages\telegram\ext\_updater.py", line 340, in polling_action_cb
    updates = await self.bot.get_updates(
              ^^^^^^^^^^^^^^^^^^^^^^^^^^^
    ...<3 lines>...
    )
    ^
  File "C:\Users\snrso\AppData\Local\Programs\Python\Python314\Lib\site-packages\telegram\ext\_extbot.py", line 672, in get_updates
    updates = await super().get_updates(
              ^^^^^^^^^^^^^^^^^^^^^^^^^^
    ...<9 lines>...
    )
    ^
  File "C:\Users\snrso\AppData\Local\Programs\Python\Python314\Lib\site-packages\telegram\_bot.py", line 4865, in get_updates
    await self._post(
    ^^^^^^^^^^^^^^^^^
    ...<7 lines>...
    ),
    ^
  File "C:\Users\snrso\AppData\Local\Programs\Python\Python314\Lib\site-packages\telegram\_bot.py", line 704, in _post
    return await self._do_post(
           ^^^^^^^^^^^^^^^^^^^^
    ...<6 lines>...
    )
    ^
  File "C:\Users\snrso\AppData\Local\Programs\Python\Python314\Lib\site-packages\telegram\ext\_extbot.py", line 370, in _do_post
    return await super()._do_post(
           ^^^^^^^^^^^^^^^^^^^^^^^
    ...<6 lines>...
    )
    ^
  File "C:\Users\snrso\AppData\Local\Programs\Python\Python314\Lib\site-packages\telegram\_bot.py", line 733, in _do_post
    result = await request.post(
             ^^^^^^^^^^^^^^^^^^^
    ...<6 lines>...
    )
    ^
  File "C:\Users\snrso\AppData\Local\Programs\Python\Python314\Lib\site-packages\telegram\request\_baserequest.py", line 198, in post
    result = await self._request_wrapper(
             ^^^^^^^^^^^^^^^^^^^^^^^^^^^^
    ...<7 lines>...
    )
    ^
  File "C:\Users\snrso\AppData\Local\Programs\Python\Python314\Lib\site-packages\telegram\request\_baserequest.py", line 375, in _request_wrapper
    raise exception
telegram.error.Conflict: Conflict: terminated by other getUpdates request; make sure that only one bot instance is running
2026-06-06 19:08:02,067 - httpx - INFO - HTTP Request: POST https://api.telegram.org/bot8838756490:AAE1CAsIDfhrFN31LzqwCXZ-3Lu-3tXYN0Y/getUpdates "HTTP/1.1 200 OK"
2026-06-06 19:08:12,238 - httpx - INFO - HTTP Request: POST https://api.telegram.org/bot8838756490:AAE1CAsIDfhrFN31LzqwCXZ-3Lu-3tXYN0Y/getUpdates "HTTP/1.1 200 OK"
2026-06-06 19:08:22,404 - httpx - INFO - HTTP Request: POST https://api.telegram.org/bot8838756490:AAE1CAsIDfhrFN31LzqwCXZ-3Lu-3tXYN0Y/getUpdates "HTTP/1.1 200 OK"
2026-06-06 19:08:25,594 - httpx - INFO - HTTP Request: POST https://api.telegram.org/bot8838756490:AAE1CAsIDfhrFN31LzqwCXZ-3Lu-3tXYN0Y/getUpdates "HTTP/1.1 409 Conflict"
2026-06-06 19:08:25,595 - telegram.ext.Application - ERROR - No error handlers are registered, logging exception.
Traceback (most recent call last):
  File "C:\Users\snrso\AppData\Local\Programs\Python\Python314\Lib\site-packages\telegram\ext\_utils\networkloop.py", line 161, in network_retry_loop
    await do_action()
  File "C:\Users\snrso\AppData\Local\Programs\Python\Python314\Lib\site-packages\telegram\ext\_utils\networkloop.py", line 154, in do_action
    action_cb_task.result()
    ~~~~~~~~~~~~~~~~~~~~~^^
  File "C:\Users\snrso\AppData\Local\Programs\Python\Python314\Lib\site-packages\telegram\ext\_updater.py", line 340, in polling_action_cb
    updates = await self.bot.get_updates(
              ^^^^^^^^^^^^^^^^^^^^^^^^^^^
    ...<3 lines>...
    )
    ^
  File "C:\Users\snrso\AppData\Local\Programs\Python\Python314\Lib\site-packages\telegram\ext\_extbot.py", line 672, in get_updates
    updates = await super().get_updates(
              ^^^^^^^^^^^^^^^^^^^^^^^^^^
    ...<9 lines>...
    )
    ^
  File "C:\Users\snrso\AppData\Local\Programs\Python\Python314\Lib\site-packages\telegram\_bot.py", line 4865, in get_updates
    await self._post(
    ^^^^^^^^^^^^^^^^^
    ...<7 lines>...
    ),
    ^
  File "C:\Users\snrso\AppData\Local\Programs\Python\Python314\Lib\site-packages\telegram\_bot.py", line 704, in _post
    return await self._do_post(
           ^^^^^^^^^^^^^^^^^^^^
    ...<6 lines>...
    )
    ^
  File "C:\Users\snrso\AppData\Local\Programs\Python\Python314\Lib\site-packages\telegram\ext\_extbot.py", line 370, in _do_post
    return await super()._do_post(
           ^^^^^^^^^^^^^^^^^^^^^^^
    ...<6 lines>...
    )
    ^
  File "C:\Users\snrso\AppData\Local\Programs\Python\Python314\Lib\site-packages\telegram\_bot.py", line 733, in _do_post
    result = await request.post(
             ^^^^^^^^^^^^^^^^^^^
    ...<6 lines>...
    )
    ^
  File "C:\Users\snrso\AppData\Local\Programs\Python\Python314\Lib\site-packages\telegram\request\_baserequest.py", line 198, in post
    result = await self._request_wrapper(
             ^^^^^^^^^^^^^^^^^^^^^^^^^^^^
    ...<7 lines>...
    )
    ^
  File "C:\Users\snrso\AppData\Local\Programs\Python\Python314\Lib\site-packages\telegram\request\_baserequest.py", line 375, in _request_wrapper
    raise exception
telegram.error.Conflict: Conflict: terminated by other getUpdates request; make sure that only one bot instance is running
2026-06-06 19:08:29,763 - httpx - INFO - HTTP Request: POST https://api.telegram.org/bot8838756490:AAE1CAsIDfhrFN31LzqwCXZ-3Lu-3tXYN0Y/getUpdates "HTTP/1.1 409 Conflict"
2026-06-06 19:08:29,765 - telegram.ext.Application - ERROR - No error handlers are registered, logging exception.
Traceback (most recent call last):
  File "C:\Users\snrso\AppData\Local\Programs\Python\Python314\Lib\site-packages\telegram\ext\_utils\networkloop.py", line 161, in network_retry_loop
    await do_action()
  File "C:\Users\snrso\AppData\Local\Programs\Python\Python314\Lib\site-packages\telegram\ext\_utils\networkloop.py", line 154, in do_action
    action_cb_task.result()
    ~~~~~~~~~~~~~~~~~~~~~^^
  File "C:\Users\snrso\AppData\Local\Programs\Python\Python314\Lib\site-packages\telegram\ext\_updater.py", line 340, in polling_action_cb
    updates = await self.bot.get_updates(
              ^^^^^^^^^^^^^^^^^^^^^^^^^^^
    ...<3 lines>...
    )
    ^
  File "C:\Users\snrso\AppData\Local\Programs\Python\Python314\Lib\site-packages\telegram\ext\_extbot.py", line 672, in get_updates
    updates = await super().get_updates(
              ^^^^^^^^^^^^^^^^^^^^^^^^^^
    ...<9 lines>...
    )
    ^
  File "C:\Users\snrso\AppData\Local\Programs\Python\Python314\Lib\site-packages\telegram\_bot.py", line 4865, in get_updates
    await self._post(
    ^^^^^^^^^^^^^^^^^
    ...<7 lines>...
    ),
    ^
  File "C:\Users\snrso\AppData\Local\Programs\Python\Python314\Lib\site-packages\telegram\_bot.py", line 704, in _post
    return await self._do_post(
           ^^^^^^^^^^^^^^^^^^^^
    ...<6 lines>...
    )
    ^
  File "C:\Users\snrso\AppData\Local\Programs\Python\Python314\Lib\site-packages\telegram\ext\_extbot.py", line 370, in _do_post
    return await super()._do_post(
           ^^^^^^^^^^^^^^^^^^^^^^^
    ...<6 lines>...
    )
    ^
  File "C:\Users\snrso\AppData\Local\Programs\Python\Python314\Lib\site-packages\telegram\_bot.py", line 733, in _do_post
    result = await request.post(
             ^^^^^^^^^^^^^^^^^^^
    ...<6 lines>...
    )
    ^
  File "C:\Users\snrso\AppData\Local\Programs\Python\Python314\Lib\site-packages\telegram\request\_baserequest.py", line 198, in post
    result = await self._request_wrapper(
             ^^^^^^^^^^^^^^^^^^^^^^^^^^^^
    ...<7 lines>...
    )
    ^
  File "C:\Users\snrso\AppData\Local\Programs\Python\Python314\Lib\site-packages\telegram\request\_baserequest.py", line 375, in _request_wrapper
    raise exception
telegram.error.Conflict: Conflict: terminated by other getUpdates request; make sure that only one bot instance is running
2026-06-06 19:08:36,773 - httpx - INFO - HTTP Request: POST https://api.telegram.org/bot8838756490:AAE1CAsIDfhrFN31LzqwCXZ-3Lu-3tXYN0Y/getUpdates "HTTP/1.1 200 OK"
2026-06-06 19:08:46,938 - httpx - INFO - HTTP Request: POST https://api.telegram.org/bot8838756490:AAE1CAsIDfhrFN31LzqwCXZ-3Lu-3tXYN0Y/getUpdates "HTTP/1.1 200 OK"
2026-06-06 19:08:57,106 - httpx - INFO - HTTP Request: POST https://api.telegram.org/bot8838756490:AAE1CAsIDfhrFN31LzqwCXZ-3Lu-3tXYN0Y/getUpdates "HTTP/1.1 200 OK"
2026-06-06 19:09:00,275 - httpx - INFO - HTTP Request: POST https://api.telegram.org/bot8838756490:AAE1CAsIDfhrFN31LzqwCXZ-3Lu-3tXYN0Y/getUpdates "HTTP/1.1 409 Conflict"
2026-06-06 19:09:00,277 - telegram.ext.Application - ERROR - No error handlers are registered, logging exception.
Traceback (most recent call last):
  File "C:\Users\snrso\AppData\Local\Programs\Python\Python314\Lib\site-packages\telegram\ext\_utils\networkloop.py", line 161, in network_retry_loop
    await do_action()
  File "C:\Users\snrso\AppData\Local\Programs\Python\Python314\Lib\site-packages\telegram\ext\_utils\networkloop.py", line 154, in do_action
    action_cb_task.result()
    ~~~~~~~~~~~~~~~~~~~~~^^
  File "C:\Users\snrso\AppData\Local\Programs\Python\Python314\Lib\site-packages\telegram\ext\_updater.py", line 340, in polling_action_cb
    updates = await self.bot.get_updates(
              ^^^^^^^^^^^^^^^^^^^^^^^^^^^
    ...<3 lines>...
    )
    ^
  File "C:\Users\snrso\AppData\Local\Programs\Python\Python314\Lib\site-packages\telegram\ext\_extbot.py", line 672, in get_updates
    updates = await super().get_updates(
              ^^^^^^^^^^^^^^^^^^^^^^^^^^
    ...<9 lines>...
    )
    ^
  File "C:\Users\snrso\AppData\Local\Programs\Python\Python314\Lib\site-packages\telegram\_bot.py", line 4865, in get_updates
    await self._post(
    ^^^^^^^^^^^^^^^^^
    ...<7 lines>...
    ),
    ^
  File "C:\Users\snrso\AppData\Local\Programs\Python\Python314\Lib\site-packages\telegram\_bot.py", line 704, in _post
    return await self._do_post(
           ^^^^^^^^^^^^^^^^^^^^
    ...<6 lines>...
    )
    ^
  File "C:\Users\snrso\AppData\Local\Programs\Python\Python314\Lib\site-packages\telegram\ext\_extbot.py", line 370, in _do_post
    return await super()._do_post(
           ^^^^^^^^^^^^^^^^^^^^^^^
    ...<6 lines>...
    )
    ^
  File "C:\Users\snrso\AppData\Local\Programs\Python\Python314\Lib\site-packages\telegram\_bot.py", line 733, in _do_post
    result = await request.post(
             ^^^^^^^^^^^^^^^^^^^
    ...<6 lines>...
    )
    ^
  File "C:\Users\snrso\AppData\Local\Programs\Python\Python314\Lib\site-packages\telegram\request\_baserequest.py", line 198, in post
    result = await self._request_wrapper(
             ^^^^^^^^^^^^^^^^^^^^^^^^^^^^
    ...<7 lines>...
    )
    ^
  File "C:\Users\snrso\AppData\Local\Programs\Python\Python314\Lib\site-packages\telegram\request\_baserequest.py", line 375, in _request_wrapper
    raise exception
telegram.error.Conflict: Conflict: terminated by other getUpdates request; make sure that only one bot instance is running
2026-06-06 19:09:04,445 - httpx - INFO - HTTP Request: POST https://api.telegram.org/bot8838756490:AAE1CAsIDfhrFN31LzqwCXZ-3Lu-3tXYN0Y/getUpdates "HTTP/1.1 409 Conflict"
2026-06-06 19:09:04,447 - telegram.ext.Application - ERROR - No error handlers are registered, logging exception.
Traceback (most recent call last):
  File "C:\Users\snrso\AppData\Local\Programs\Python\Python314\Lib\site-packages\telegram\ext\_utils\networkloop.py", line 161, in network_retry_loop
    await do_action()
  File "C:\Users\snrso\AppData\Local\Programs\Python\Python314\Lib\site-packages\telegram\ext\_utils\networkloop.py", line 154, in do_action
    action_cb_task.result()
    ~~~~~~~~~~~~~~~~~~~~~^^
  File "C:\Users\snrso\AppData\Local\Programs\Python\Python314\Lib\site-packages\telegram\ext\_updater.py", line 340, in polling_action_cb
    updates = await self.bot.get_updates(
              ^^^^^^^^^^^^^^^^^^^^^^^^^^^
    ...<3 lines>...
    )
    ^
  File "C:\Users\snrso\AppData\Local\Programs\Python\Python314\Lib\site-packages\telegram\ext\_extbot.py", line 672, in get_updates
    updates = await super().get_updates(
              ^^^^^^^^^^^^^^^^^^^^^^^^^^
    ...<9 lines>...
    )
    ^
  File "C:\Users\snrso\AppData\Local\Programs\Python\Python314\Lib\site-packages\telegram\_bot.py", line 4865, in get_updates
    await self._post(
    ^^^^^^^^^^^^^^^^^
    ...<7 lines>...
    ),
    ^
  File "C:\Users\snrso\AppData\Local\Programs\Python\Python314\Lib\site-packages\telegram\_bot.py", line 704, in _post
    return await self._do_post(
           ^^^^^^^^^^^^^^^^^^^^
    ...<6 lines>...
    )
    ^
  File "C:\Users\snrso\AppData\Local\Programs\Python\Python314\Lib\site-packages\telegram\ext\_extbot.py", line 370, in _do_post
    return await super()._do_post(
           ^^^^^^^^^^^^^^^^^^^^^^^
    ...<6 lines>...
    )
    ^
  File "C:\Users\snrso\AppData\Local\Programs\Python\Python314\Lib\site-packages\telegram\_bot.py", line 733, in _do_post
    result = await request.post(
             ^^^^^^^^^^^^^^^^^^^
    ...<6 lines>...
    )
    ^
  File "C:\Users\snrso\AppData\Local\Programs\Python\Python314\Lib\site-packages\telegram\request\_baserequest.py", line 198, in post
    result = await self._request_wrapper(
             ^^^^^^^^^^^^^^^^^^^^^^^^^^^^
    ...<7 lines>...
    )
    ^
  File "C:\Users\snrso\AppData\Local\Programs\Python\Python314\Lib\site-packages\telegram\request\_baserequest.py", line 375, in _request_wrapper
    raise exception
telegram.error.Conflict: Conflict: terminated by other getUpdates request; make sure that only one bot instance is running
2026-06-06 19:09:11,444 - httpx - INFO - HTTP Request: POST https://api.telegram.org/bot8838756490:AAE1CAsIDfhrFN31LzqwCXZ-3Lu-3tXYN0Y/getUpdates "HTTP/1.1 200 OK"
2026-06-06 19:09:21,612 - httpx - INFO - HTTP Request: POST https://api.telegram.org/bot8838756490:AAE1CAsIDfhrFN31LzqwCXZ-3Lu-3tXYN0Y/getUpdates "HTTP/1.1 200 OK"
2026-06-06 19:09:31,776 - httpx - INFO - HTTP Request: POST https://api.telegram.org/bot8838756490:AAE1CAsIDfhrFN31LzqwCXZ-3Lu-3tXYN0Y/getUpdates "HTTP/1.1 200 OK"
2026-06-06 19:09:34,986 - httpx - INFO - HTTP Request: POST https://api.telegram.org/bot8838756490:AAE1CAsIDfhrFN31LzqwCXZ-3Lu-3tXYN0Y/getUpdates "HTTP/1.1 409 Conflict"
2026-06-06 19:09:34,987 - telegram.ext.Application - ERROR - No error handlers are registered, logging exception.
Traceback (most recent call last):
  File "C:\Users\snrso\AppData\Local\Programs\Python\Python314\Lib\site-packages\telegram\ext\_utils\networkloop.py", line 161, in network_retry_loop
    await do_action()
  File "C:\Users\snrso\AppData\Local\Programs\Python\Python314\Lib\site-packages\telegram\ext\_utils\networkloop.py", line 154, in do_action
    action_cb_task.result()
    ~~~~~~~~~~~~~~~~~~~~~^^
  File "C:\Users\snrso\AppData\Local\Programs\Python\Python314\Lib\site-packages\telegram\ext\_updater.py", line 340, in polling_action_cb
    updates = await self.bot.get_updates(
              ^^^^^^^^^^^^^^^^^^^^^^^^^^^
    ...<3 lines>...
    )
    ^
  File "C:\Users\snrso\AppData\Local\Programs\Python\Python314\Lib\site-packages\telegram\ext\_extbot.py", line 672, in get_updates
    updates = await super().get_updates(
              ^^^^^^^^^^^^^^^^^^^^^^^^^^
    ...<9 lines>...
    )
    ^
  File "C:\Users\snrso\AppData\Local\Programs\Python\Python314\Lib\site-packages\telegram\_bot.py", line 4865, in get_updates
    await self._post(
    ^^^^^^^^^^^^^^^^^
    ...<7 lines>...
    ),
    ^
  File "C:\Users\snrso\AppData\Local\Programs\Python\Python314\Lib\site-packages\telegram\_bot.py", line 704, in _post
    return await self._do_post(
           ^^^^^^^^^^^^^^^^^^^^
    ...<6 lines>...
    )
    ^
  File "C:\Users\snrso\AppData\Local\Programs\Python\Python314\Lib\site-packages\telegram\ext\_extbot.py", line 370, in _do_post
    return await super()._do_post(
           ^^^^^^^^^^^^^^^^^^^^^^^
    ...<6 lines>...
    )
    ^
  File "C:\Users\snrso\AppData\Local\Programs\Python\Python314\Lib\site-packages\telegram\_bot.py", line 733, in _do_post
    result = await request.post(
             ^^^^^^^^^^^^^^^^^^^
    ...<6 lines>...
    )
    ^
  File "C:\Users\snrso\AppData\Local\Programs\Python\Python314\Lib\site-packages\telegram\request\_baserequest.py", line 198, in post
    result = await self._request_wrapper(
             ^^^^^^^^^^^^^^^^^^^^^^^^^^^^
    ...<7 lines>...
    )
    ^
  File "C:\Users\snrso\AppData\Local\Programs\Python\Python314\Lib\site-packages\telegram\request\_baserequest.py", line 375, in _request_wrapper
    raise exception
telegram.error.Conflict: Conflict: terminated by other getUpdates request; make sure that only one bot instance is running
2026-06-06 19:09:39,197 - httpx - INFO - HTTP Request: POST https://api.telegram.org/bot8838756490:AAE1CAsIDfhrFN31LzqwCXZ-3Lu-3tXYN0Y/getUpdates "HTTP/1.1 409 Conflict"
2026-06-06 19:09:39,199 - telegram.ext.Application - ERROR - No error handlers are registered, logging exception.
Traceback (most recent call last):
  File "C:\Users\snrso\AppData\Local\Programs\Python\Python314\Lib\site-packages\telegram\ext\_utils\networkloop.py", line 161, in network_retry_loop
    await do_action()
  File "C:\Users\snrso\AppData\Local\Programs\Python\Python314\Lib\site-packages\telegram\ext\_utils\networkloop.py", line 154, in do_action
    action_cb_task.result()
    ~~~~~~~~~~~~~~~~~~~~~^^
  File "C:\Users\snrso\AppData\Local\Programs\Python\Python314\Lib\site-packages\telegram\ext\_updater.py", line 340, in polling_action_cb
    updates = await self.bot.get_updates(
              ^^^^^^^^^^^^^^^^^^^^^^^^^^^
    ...<3 lines>...
    )
    ^
  File "C:\Users\snrso\AppData\Local\Programs\Python\Python314\Lib\site-packages\telegram\ext\_extbot.py", line 672, in get_updates
    updates = await super().get_updates(
              ^^^^^^^^^^^^^^^^^^^^^^^^^^
    ...<9 lines>...
    )
    ^
  File "C:\Users\snrso\AppData\Local\Programs\Python\Python314\Lib\site-packages\telegram\_bot.py", line 4865, in get_updates
    await self._post(
    ^^^^^^^^^^^^^^^^^
    ...<7 lines>...
    ),
    ^
  File "C:\Users\snrso\AppData\Local\Programs\Python\Python314\Lib\site-packages\telegram\_bot.py", line 704, in _post
    return await self._do_post(
           ^^^^^^^^^^^^^^^^^^^^
    ...<6 lines>...
    )
    ^
  File "C:\Users\snrso\AppData\Local\Programs\Python\Python314\Lib\site-packages\telegram\ext\_extbot.py", line 370, in _do_post
    return await super()._do_post(
           ^^^^^^^^^^^^^^^^^^^^^^^
    ...<6 lines>...
    )
    ^
  File "C:\Users\snrso\AppData\Local\Programs\Python\Python314\Lib\site-packages\telegram\_bot.py", line 733, in _do_post
    result = await request.post(
             ^^^^^^^^^^^^^^^^^^^
    ...<6 lines>...
    )
    ^
  File "C:\Users\snrso\AppData\Local\Programs\Python\Python314\Lib\site-packages\telegram\request\_baserequest.py", line 198, in post
    result = await self._request_wrapper(
             ^^^^^^^^^^^^^^^^^^^^^^^^^^^^
    ...<7 lines>...
    )
    ^
  File "C:\Users\snrso\AppData\Local\Programs\Python\Python314\Lib\site-packages\telegram\request\_baserequest.py", line 375, in _request_wrapper
    raise exception
telegram.error.Conflict: Conflict: terminated by other getUpdates request; make sure that only one bot instance is running
2026-06-06 19:09:46,181 - httpx - INFO - HTTP Request: POST https://api.telegram.org/bot8838756490:AAE1CAsIDfhrFN31LzqwCXZ-3Lu-3tXYN0Y/getUpdates "HTTP/1.1 200 OK"
2026-06-06 19:09:56,348 - httpx - INFO - HTTP Request: POST https://api.telegram.org/bot8838756490:AAE1CAsIDfhrFN31LzqwCXZ-3Lu-3tXYN0Y/getUpdates "HTTP/1.1 200 OK"
2026-06-06 19:10:06,520 - httpx - INFO - HTTP Request: POST https://api.telegram.org/bot8838756490:AAE1CAsIDfhrFN31LzqwCXZ-3Lu-3tXYN0Y/getUpdates "HTTP/1.1 200 OK"
2026-06-06 19:10:09,696 - httpx - INFO - HTTP Request: POST https://api.telegram.org/bot8838756490:AAE1CAsIDfhrFN31LzqwCXZ-3Lu-3tXYN0Y/getUpdates "HTTP/1.1 409 Conflict"
2026-06-06 19:10:09,697 - telegram.ext.Application - ERROR - No error handlers are registered, logging exception.
Traceback (most recent call last):
  File "C:\Users\snrso\AppData\Local\Programs\Python\Python314\Lib\site-packages\telegram\ext\_utils\networkloop.py", line 161, in network_retry_loop
    await do_action()
  File "C:\Users\snrso\AppData\Local\Programs\Python\Python314\Lib\site-packages\telegram\ext\_utils\networkloop.py", line 154, in do_action
    action_cb_task.result()
    ~~~~~~~~~~~~~~~~~~~~~^^
  File "C:\Users\snrso\AppData\Local\Programs\Python\Python314\Lib\site-packages\telegram\ext\_updater.py", line 340, in polling_action_cb
    updates = await self.bot.get_updates(
              ^^^^^^^^^^^^^^^^^^^^^^^^^^^
    ...<3 lines>...
    )
    ^
  File "C:\Users\snrso\AppData\Local\Programs\Python\Python314\Lib\site-packages\telegram\ext\_extbot.py", line 672, in get_updates
    updates = await super().get_updates(
              ^^^^^^^^^^^^^^^^^^^^^^^^^^
    ...<9 lines>...
    )
    ^
  File "C:\Users\snrso\AppData\Local\Programs\Python\Python314\Lib\site-packages\telegram\_bot.py", line 4865, in get_updates
    await self._post(
    ^^^^^^^^^^^^^^^^^
    ...<7 lines>...
    ),
    ^
  File "C:\Users\snrso\AppData\Local\Programs\Python\Python314\Lib\site-packages\telegram\_bot.py", line 704, in _post
    return await self._do_post(
           ^^^^^^^^^^^^^^^^^^^^
    ...<6 lines>...
    )
    ^
  File "C:\Users\snrso\AppData\Local\Programs\Python\Python314\Lib\site-packages\telegram\ext\_extbot.py", line 370, in _do_post
    return await super()._do_post(
           ^^^^^^^^^^^^^^^^^^^^^^^
    ...<6 lines>...
    )
    ^
  File "C:\Users\snrso\AppData\Local\Programs\Python\Python314\Lib\site-packages\telegram\_bot.py", line 733, in _do_post
    result = await request.post(
             ^^^^^^^^^^^^^^^^^^^
    ...<6 lines>...
    )
    ^
  File "C:\Users\snrso\AppData\Local\Programs\Python\Python314\Lib\site-packages\telegram\request\_baserequest.py", line 198, in post
    result = await self._request_wrapper(
             ^^^^^^^^^^^^^^^^^^^^^^^^^^^^
    ...<7 lines>...
    )
    ^
  File "C:\Users\snrso\AppData\Local\Programs\Python\Python314\Lib\site-packages\telegram\request\_baserequest.py", line 375, in _request_wrapper
    raise exception
telegram.error.Conflict: Conflict: terminated by other getUpdates request; make sure that only one bot instance is running
2026-06-06 19:10:13,874 - httpx - INFO - HTTP Request: POST https://api.telegram.org/bot8838756490:AAE1CAsIDfhrFN31LzqwCXZ-3Lu-3tXYN0Y/getUpdates "HTTP/1.1 409 Conflict"
2026-06-06 19:10:13,876 - telegram.ext.Application - ERROR - No error handlers are registered, logging exception.
Traceback (most recent call last):
  File "C:\Users\snrso\AppData\Local\Programs\Python\Python314\Lib\site-packages\telegram\ext\_utils\networkloop.py", line 161, in network_retry_loop
    await do_action()
  File "C:\Users\snrso\AppData\Local\Programs\Python\Python314\Lib\site-packages\telegram\ext\_utils\networkloop.py", line 154, in do_action
    action_cb_task.result()
    ~~~~~~~~~~~~~~~~~~~~~^^
  File "C:\Users\snrso\AppData\Local\Programs\Python\Python314\Lib\site-packages\telegram\ext\_updater.py", line 340, in polling_action_cb
    updates = await self.bot.get_updates(
              ^^^^^^^^^^^^^^^^^^^^^^^^^^^
    ...<3 lines>...
    )
    ^
  File "C:\Users\snrso\AppData\Local\Programs\Python\Python314\Lib\site-packages\telegram\ext\_extbot.py", line 672, in get_updates
    updates = await super().get_updates(
              ^^^^^^^^^^^^^^^^^^^^^^^^^^
    ...<9 lines>...
    )
    ^
  File "C:\Users\snrso\AppData\Local\Programs\Python\Python314\Lib\site-packages\telegram\_bot.py", line 4865, in get_updates
    await self._post(
    ^^^^^^^^^^^^^^^^^
    ...<7 lines>...
    ),
    ^
  File "C:\Users\snrso\AppData\Local\Programs\Python\Python314\Lib\site-packages\telegram\_bot.py", line 704, in _post
    return await self._do_post(
           ^^^^^^^^^^^^^^^^^^^^
    ...<6 lines>...
    )
    ^
  File "C:\Users\snrso\AppData\Local\Programs\Python\Python314\Lib\site-packages\telegram\ext\_extbot.py", line 370, in _do_post
    return await super()._do_post(
           ^^^^^^^^^^^^^^^^^^^^^^^
    ...<6 lines>...
    )
    ^
  File "C:\Users\snrso\AppData\Local\Programs\Python\Python314\Lib\site-packages\telegram\_bot.py", line 733, in _do_post
    result = await request.post(
             ^^^^^^^^^^^^^^^^^^^
    ...<6 lines>...
    )
    ^
  File "C:\Users\snrso\AppData\Local\Programs\Python\Python314\Lib\site-packages\telegram\request\_baserequest.py", line 198, in post
    result = await self._request_wrapper(
             ^^^^^^^^^^^^^^^^^^^^^^^^^^^^
    ...<7 lines>...
    )
    ^
  File "C:\Users\snrso\AppData\Local\Programs\Python\Python314\Lib\site-packages\telegram\request\_baserequest.py", line 375, in _request_wrapper
    raise exception
telegram.error.Conflict: Conflict: terminated by other getUpdates request; make sure that only one bot instance is running
2026-06-06 19:10:20,877 - httpx - INFO - HTTP Request: POST https://api.telegram.org/bot8838756490:AAE1CAsIDfhrFN31LzqwCXZ-3Lu-3tXYN0Y/getUpdates "HTTP/1.1 200 OK"
2026-06-06 19:10:31,039 - httpx - INFO - HTTP Request: POST https://api.telegram.org/bot8838756490:AAE1CAsIDfhrFN31LzqwCXZ-3Lu-3tXYN0Y/getUpdates "HTTP/1.1 200 OK"
2026-06-06 19:10:41,208 - httpx - INFO - HTTP Request: POST https://api.telegram.org/bot8838756490:AAE1CAsIDfhrFN31LzqwCXZ-3Lu-3tXYN0Y/getUpdates "HTTP/1.1 200 OK"
2026-06-06 19:10:44,374 - httpx - INFO - HTTP Request: POST https://api.telegram.org/bot8838756490:AAE1CAsIDfhrFN31LzqwCXZ-3Lu-3tXYN0Y/getUpdates "HTTP/1.1 409 Conflict"
2026-06-06 19:10:44,375 - telegram.ext.Application - ERROR - No error handlers are registered, logging exception.
Traceback (most recent call last):
  File "C:\Users\snrso\AppData\Local\Programs\Python\Python314\Lib\site-packages\telegram\ext\_utils\networkloop.py", line 161, in network_retry_loop
    await do_action()
  File "C:\Users\snrso\AppData\Local\Programs\Python\Python314\Lib\site-packages\telegram\ext\_utils\networkloop.py", line 154, in do_action
    action_cb_task.result()
    ~~~~~~~~~~~~~~~~~~~~~^^
  File "C:\Users\snrso\AppData\Local\Programs\Python\Python314\Lib\site-packages\telegram\ext\_updater.py", line 340, in polling_action_cb
    updates = await self.bot.get_updates(
              ^^^^^^^^^^^^^^^^^^^^^^^^^^^
    ...<3 lines>...
    )
    ^
  File "C:\Users\snrso\AppData\Local\Programs\Python\Python314\Lib\site-packages\telegram\ext\_extbot.py", line 672, in get_updates
    updates = await super().get_updates(
              ^^^^^^^^^^^^^^^^^^^^^^^^^^
    ...<9 lines>...
    )
    ^
  File "C:\Users\snrso\AppData\Local\Programs\Python\Python314\Lib\site-packages\telegram\_bot.py", line 4865, in get_updates
    await self._post(
    ^^^^^^^^^^^^^^^^^
    ...<7 lines>...
    ),
    ^
  File "C:\Users\snrso\AppData\Local\Programs\Python\Python314\Lib\site-packages\telegram\_bot.py", line 704, in _post
    return await self._do_post(
           ^^^^^^^^^^^^^^^^^^^^
    ...<6 lines>...
    )
    ^
  File "C:\Users\snrso\AppData\Local\Programs\Python\Python314\Lib\site-packages\telegram\ext\_extbot.py", line 370, in _do_post
    return await super()._do_post(
           ^^^^^^^^^^^^^^^^^^^^^^^
    ...<6 lines>...
    )
    ^
  File "C:\Users\snrso\AppData\Local\Programs\Python\Python314\Lib\site-packages\telegram\_bot.py", line 733, in _do_post
    result = await request.post(
             ^^^^^^^^^^^^^^^^^^^
    ...<6 lines>...
    )
    ^
  File "C:\Users\snrso\AppData\Local\Programs\Python\Python314\Lib\site-packages\telegram\request\_baserequest.py", line 198, in post
    result = await self._request_wrapper(
             ^^^^^^^^^^^^^^^^^^^^^^^^^^^^
    ...<7 lines>...
    )
    ^
  File "C:\Users\snrso\AppData\Local\Programs\Python\Python314\Lib\site-packages\telegram\request\_baserequest.py", line 375, in _request_wrapper
    raise exception
telegram.error.Conflict: Conflict: terminated by other getUpdates request; make sure that only one bot instance is running
2026-06-06 19:10:48,544 - httpx - INFO - HTTP Request: POST https://api.telegram.org/bot8838756490:AAE1CAsIDfhrFN31LzqwCXZ-3Lu-3tXYN0Y/getUpdates "HTTP/1.1 409 Conflict"
2026-06-06 19:10:48,545 - telegram.ext.Application - ERROR - No error handlers are registered, logging exception.
Traceback (most recent call last):
  File "C:\Users\snrso\AppData\Local\Programs\Python\Python314\Lib\site-packages\telegram\ext\_utils\networkloop.py", line 161, in network_retry_loop
    await do_action()
  File "C:\Users\snrso\AppData\Local\Programs\Python\Python314\Lib\site-packages\telegram\ext\_utils\networkloop.py", line 154, in do_action
    action_cb_task.result()
    ~~~~~~~~~~~~~~~~~~~~~^^
  File "C:\Users\snrso\AppData\Local\Programs\Python\Python314\Lib\site-packages\telegram\ext\_updater.py", line 340, in polling_action_cb
    updates = await self.bot.get_updates(
              ^^^^^^^^^^^^^^^^^^^^^^^^^^^
    ...<3 lines>...
    )
    ^
  File "C:\Users\snrso\AppData\Local\Programs\Python\Python314\Lib\site-packages\telegram\ext\_extbot.py", line 672, in get_updates
    updates = await super().get_updates(
              ^^^^^^^^^^^^^^^^^^^^^^^^^^
    ...<9 lines>...
    )
    ^
  File "C:\Users\snrso\AppData\Local\Programs\Python\Python314\Lib\site-packages\telegram\_bot.py", line 4865, in get_updates
    await self._post(
    ^^^^^^^^^^^^^^^^^
    ...<7 lines>...
    ),
    ^
  File "C:\Users\snrso\AppData\Local\Programs\Python\Python314\Lib\site-packages\telegram\_bot.py", line 704, in _post
    return await self._do_post(
           ^^^^^^^^^^^^^^^^^^^^
    ...<6 lines>...
    )
    ^
  File "C:\Users\snrso\AppData\Local\Programs\Python\Python314\Lib\site-packages\telegram\ext\_extbot.py", line 370, in _do_post
    return await super()._do_post(
           ^^^^^^^^^^^^^^^^^^^^^^^
    ...<6 lines>...
    )
    ^
  File "C:\Users\snrso\AppData\Local\Programs\Python\Python314\Lib\site-packages\telegram\_bot.py", line 733, in _do_post
    result = await request.post(
             ^^^^^^^^^^^^^^^^^^^
    ...<6 lines>...
    )
    ^
  File "C:\Users\snrso\AppData\Local\Programs\Python\Python314\Lib\site-packages\telegram\request\_baserequest.py", line 198, in post
    result = await self._request_wrapper(
             ^^^^^^^^^^^^^^^^^^^^^^^^^^^^
    ...<7 lines>...
    )
    ^
  File "C:\Users\snrso\AppData\Local\Programs\Python\Python314\Lib\site-packages\telegram\request\_baserequest.py", line 375, in _request_wrapper
    raise exception
telegram.error.Conflict: Conflict: terminated by other getUpdates request; make sure that only one bot instance is running
2026-06-06 19:10:55,547 - httpx - INFO - HTTP Request: POST https://api.telegram.org/bot8838756490:AAE1CAsIDfhrFN31LzqwCXZ-3Lu-3tXYN0Y/getUpdates "HTTP/1.1 200 OK"
2026-06-06 19:11:05,712 - httpx - INFO - HTTP Request: POST https://api.telegram.org/bot8838756490:AAE1CAsIDfhrFN31LzqwCXZ-3Lu-3tXYN0Y/getUpdates "HTTP/1.1 200 OK"
2026-06-06 19:11:15,884 - httpx - INFO - HTTP Request: POST https://api.telegram.org/bot8838756490:AAE1CAsIDfhrFN31LzqwCXZ-3Lu-3tXYN0Y/getUpdates "HTTP/1.1 200 OK"
2026-06-06 19:11:19,040 - httpx - INFO - HTTP Request: POST https://api.telegram.org/bot8838756490:AAE1CAsIDfhrFN31LzqwCXZ-3Lu-3tXYN0Y/getUpdates "HTTP/1.1 409 Conflict"
2026-06-06 19:11:19,042 - telegram.ext.Application - ERROR - No error handlers are registered, logging exception.
Traceback (most recent call last):
  File "C:\Users\snrso\AppData\Local\Programs\Python\Python314\Lib\site-packages\telegram\ext\_utils\networkloop.py", line 161, in network_retry_loop
    await do_action()
  File "C:\Users\snrso\AppData\Local\Programs\Python\Python314\Lib\site-packages\telegram\ext\_utils\networkloop.py", line 154, in do_action
    action_cb_task.result()
    ~~~~~~~~~~~~~~~~~~~~~^^
  File "C:\Users\snrso\AppData\Local\Programs\Python\Python314\Lib\site-packages\telegram\ext\_updater.py", line 340, in polling_action_cb
    updates = await self.bot.get_updates(
              ^^^^^^^^^^^^^^^^^^^^^^^^^^^
    ...<3 lines>...
    )
    ^
  File "C:\Users\snrso\AppData\Local\Programs\Python\Python314\Lib\site-packages\telegram\ext\_extbot.py", line 672, in get_updates
    updates = await super().get_updates(
              ^^^^^^^^^^^^^^^^^^^^^^^^^^
    ...<9 lines>...
    )
    ^
  File "C:\Users\snrso\AppData\Local\Programs\Python\Python314\Lib\site-packages\telegram\_bot.py", line 4865, in get_updates
    await self._post(
    ^^^^^^^^^^^^^^^^^
    ...<7 lines>...
    ),
    ^
  File "C:\Users\snrso\AppData\Local\Programs\Python\Python314\Lib\site-packages\telegram\_bot.py", line 704, in _post
    return await self._do_post(
           ^^^^^^^^^^^^^^^^^^^^
    ...<6 lines>...
    )
    ^
  File "C:\Users\snrso\AppData\Local\Programs\Python\Python314\Lib\site-packages\telegram\ext\_extbot.py", line 370, in _do_post
    return await super()._do_post(
           ^^^^^^^^^^^^^^^^^^^^^^^
    ...<6 lines>...
    )
    ^
  File "C:\Users\snrso\AppData\Local\Programs\Python\Python314\Lib\site-packages\telegram\_bot.py", line 733, in _do_post
    result = await request.post(
             ^^^^^^^^^^^^^^^^^^^
    ...<6 lines>...
    )
    ^
  File "C:\Users\snrso\AppData\Local\Programs\Python\Python314\Lib\site-packages\telegram\request\_baserequest.py", line 198, in post
    result = await self._request_wrapper(
             ^^^^^^^^^^^^^^^^^^^^^^^^^^^^
    ...<7 lines>...
    )
    ^
  File "C:\Users\snrso\AppData\Local\Programs\Python\Python314\Lib\site-packages\telegram\request\_baserequest.py", line 375, in _request_wrapper
    raise exception
telegram.error.Conflict: Conflict: terminated by other getUpdates request; make sure that only one bot instance is running
2026-06-06 19:11:23,224 - httpx - INFO - HTTP Request: POST https://api.telegram.org/bot8838756490:AAE1CAsIDfhrFN31LzqwCXZ-3Lu-3tXYN0Y/getUpdates "HTTP/1.1 409 Conflict"
2026-06-06 19:11:23,226 - telegram.ext.Application - ERROR - No error handlers are registered, logging exception.
Traceback (most recent call last):
  File "C:\Users\snrso\AppData\Local\Programs\Python\Python314\Lib\site-packages\telegram\ext\_utils\networkloop.py", line 161, in network_retry_loop
    await do_action()
  File "C:\Users\snrso\AppData\Local\Programs\Python\Python314\Lib\site-packages\telegram\ext\_utils\networkloop.py", line 154, in do_action
    action_cb_task.result()
    ~~~~~~~~~~~~~~~~~~~~~^^
  File "C:\Users\snrso\AppData\Local\Programs\Python\Python314\Lib\site-packages\telegram\ext\_updater.py", line 340, in polling_action_cb
    updates = await self.bot.get_updates(
              ^^^^^^^^^^^^^^^^^^^^^^^^^^^
    ...<3 lines>...
    )
    ^
  File "C:\Users\snrso\AppData\Local\Programs\Python\Python314\Lib\site-packages\telegram\ext\_extbot.py", line 672, in get_updates
    updates = await super().get_updates(
              ^^^^^^^^^^^^^^^^^^^^^^^^^^
    ...<9 lines>...
    )
    ^
  File "C:\Users\snrso\AppData\Local\Programs\Python\Python314\Lib\site-packages\telegram\_bot.py", line 4865, in get_updates
    await self._post(
    ^^^^^^^^^^^^^^^^^
    ...<7 lines>...
    ),
    ^
  File "C:\Users\snrso\AppData\Local\Programs\Python\Python314\Lib\site-packages\telegram\_bot.py", line 704, in _post
    return await self._do_post(
           ^^^^^^^^^^^^^^^^^^^^
    ...<6 lines>...
    )
    ^
  File "C:\Users\snrso\AppData\Local\Programs\Python\Python314\Lib\site-packages\telegram\ext\_extbot.py", line 370, in _do_post
    return await super()._do_post(
           ^^^^^^^^^^^^^^^^^^^^^^^
    ...<6 lines>...
    )
    ^
  File "C:\Users\snrso\AppData\Local\Programs\Python\Python314\Lib\site-packages\telegram\_bot.py", line 733, in _do_post
    result = await request.post(
             ^^^^^^^^^^^^^^^^^^^
    ...<6 lines>...
    )
    ^
  File "C:\Users\snrso\AppData\Local\Programs\Python\Python314\Lib\site-packages\telegram\request\_baserequest.py", line 198, in post
    result = await self._request_wrapper(
             ^^^^^^^^^^^^^^^^^^^^^^^^^^^^
    ...<7 lines>...
    )
    ^
  File "C:\Users\snrso\AppData\Local\Programs\Python\Python314\Lib\site-packages\telegram\request\_baserequest.py", line 375, in _request_wrapper
    raise exception
telegram.error.Conflict: Conflict: terminated by other getUpdates request; make sure that only one bot instance is running
2026-06-06 19:11:30,230 - httpx - INFO - HTTP Request: POST https://api.telegram.org/bot8838756490:AAE1CAsIDfhrFN31LzqwCXZ-3Lu-3tXYN0Y/getUpdates "HTTP/1.1 200 OK"
2026-06-06 19:11:40,398 - httpx - INFO - HTTP Request: POST https://api.telegram.org/bot8838756490:AAE1CAsIDfhrFN31LzqwCXZ-3Lu-3tXYN0Y/getUpdates "HTTP/1.1 200 OK"
2026-06-06 19:11:50,576 - httpx - INFO - HTTP Request: POST https://api.telegram.org/bot8838756490:AAE1CAsIDfhrFN31LzqwCXZ-3Lu-3tXYN0Y/getUpdates "HTTP/1.1 200 OK"
2026-06-06 19:11:53,760 - httpx - INFO - HTTP Request: POST https://api.telegram.org/bot8838756490:AAE1CAsIDfhrFN31LzqwCXZ-3Lu-3tXYN0Y/getUpdates "HTTP/1.1 409 Conflict"
2026-06-06 19:11:53,762 - telegram.ext.Application - ERROR - No error handlers are registered, logging exception.
Traceback (most recent call last):
  File "C:\Users\snrso\AppData\Local\Programs\Python\Python314\Lib\site-packages\telegram\ext\_utils\networkloop.py", line 161, in network_retry_loop
    await do_action()
  File "C:\Users\snrso\AppData\Local\Programs\Python\Python314\Lib\site-packages\telegram\ext\_utils\networkloop.py", line 154, in do_action
    action_cb_task.result()
    ~~~~~~~~~~~~~~~~~~~~~^^
  File "C:\Users\snrso\AppData\Local\Programs\Python\Python314\Lib\site-packages\telegram\ext\_updater.py", line 340, in polling_action_cb
    updates = await self.bot.get_updates(
              ^^^^^^^^^^^^^^^^^^^^^^^^^^^
    ...<3 lines>...
    )
    ^
  File "C:\Users\snrso\AppData\Local\Programs\Python\Python314\Lib\site-packages\telegram\ext\_extbot.py", line 672, in get_updates
    updates = await super().get_updates(
              ^^^^^^^^^^^^^^^^^^^^^^^^^^
    ...<9 lines>...
    )
    ^
  File "C:\Users\snrso\AppData\Local\Programs\Python\Python314\Lib\site-packages\telegram\_bot.py", line 4865, in get_updates
    await self._post(
    ^^^^^^^^^^^^^^^^^
    ...<7 lines>...
    ),
    ^
  File "C:\Users\snrso\AppData\Local\Programs\Python\Python314\Lib\site-packages\telegram\_bot.py", line 704, in _post
    return await self._do_post(
           ^^^^^^^^^^^^^^^^^^^^
    ...<6 lines>...
    )
    ^
  File "C:\Users\snrso\AppData\Local\Programs\Python\Python314\Lib\site-packages\telegram\ext\_extbot.py", line 370, in _do_post
    return await super()._do_post(
           ^^^^^^^^^^^^^^^^^^^^^^^
    ...<6 lines>...
    )
    ^
  File "C:\Users\snrso\AppData\Local\Programs\Python\Python314\Lib\site-packages\telegram\_bot.py", line 733, in _do_post
    result = await request.post(
             ^^^^^^^^^^^^^^^^^^^
    ...<6 lines>...
    )
    ^
  File "C:\Users\snrso\AppData\Local\Programs\Python\Python314\Lib\site-packages\telegram\request\_baserequest.py", line 198, in post
    result = await self._request_wrapper(
             ^^^^^^^^^^^^^^^^^^^^^^^^^^^^
    ...<7 lines>...
    )
    ^
  File "C:\Users\snrso\AppData\Local\Programs\Python\Python314\Lib\site-packages\telegram\request\_baserequest.py", line 375, in _request_wrapper
    raise exception
telegram.error.Conflict: Conflict: terminated by other getUpdates request; make sure that only one bot instance is running
2026-06-06 19:11:57,929 - httpx - INFO - HTTP Request: POST https://api.telegram.org/bot8838756490:AAE1CAsIDfhrFN31LzqwCXZ-3Lu-3tXYN0Y/getUpdates "HTTP/1.1 409 Conflict"
2026-06-06 19:11:57,931 - telegram.ext.Application - ERROR - No error handlers are registered, logging exception.
Traceback (most recent call last):
  File "C:\Users\snrso\AppData\Local\Programs\Python\Python314\Lib\site-packages\telegram\ext\_utils\networkloop.py", line 161, in network_retry_loop
    await do_action()
  File "C:\Users\snrso\AppData\Local\Programs\Python\Python314\Lib\site-packages\telegram\ext\_utils\networkloop.py", line 154, in do_action
    action_cb_task.result()
    ~~~~~~~~~~~~~~~~~~~~~^^
  File "C:\Users\snrso\AppData\Local\Programs\Python\Python314\Lib\site-packages\telegram\ext\_updater.py", line 340, in polling_action_cb
    updates = await self.bot.get_updates(
              ^^^^^^^^^^^^^^^^^^^^^^^^^^^
    ...<3 lines>...
    )
    ^
  File "C:\Users\snrso\AppData\Local\Programs\Python\Python314\Lib\site-packages\telegram\ext\_extbot.py", line 672, in get_updates
    updates = await super().get_updates(
              ^^^^^^^^^^^^^^^^^^^^^^^^^^
    ...<9 lines>...
    )
    ^
  File "C:\Users\snrso\AppData\Local\Programs\Python\Python314\Lib\site-packages\telegram\_bot.py", line 4865, in get_updates
    await self._post(
    ^^^^^^^^^^^^^^^^^
    ...<7 lines>...
    ),
    ^
  File "C:\Users\snrso\AppData\Local\Programs\Python\Python314\Lib\site-packages\telegram\_bot.py", line 704, in _post
    return await self._do_post(
           ^^^^^^^^^^^^^^^^^^^^
    ...<6 lines>...
    )
    ^
  File "C:\Users\snrso\AppData\Local\Programs\Python\Python314\Lib\site-packages\telegram\ext\_extbot.py", line 370, in _do_post
    return await super()._do_post(
           ^^^^^^^^^^^^^^^^^^^^^^^
    ...<6 lines>...
    )
    ^
  File "C:\Users\snrso\AppData\Local\Programs\Python\Python314\Lib\site-packages\telegram\_bot.py", line 733, in _do_post
    result = await request.post(
             ^^^^^^^^^^^^^^^^^^^
    ...<6 lines>...
    )
    ^
  File "C:\Users\snrso\AppData\Local\Programs\Python\Python314\Lib\site-packages\telegram\request\_baserequest.py", line 198, in post
    result = await self._request_wrapper(
             ^^^^^^^^^^^^^^^^^^^^^^^^^^^^
    ...<7 lines>...
    )
    ^
  File "C:\Users\snrso\AppData\Local\Programs\Python\Python314\Lib\site-packages\telegram\request\_baserequest.py", line 375, in _request_wrapper
    raise exception
telegram.error.Conflict: Conflict: terminated by other getUpdates request; make sure that only one bot instance is running
2026-06-06 19:12:04,935 - httpx - INFO - HTTP Request: POST https://api.telegram.org/bot8838756490:AAE1CAsIDfhrFN31LzqwCXZ-3Lu-3tXYN0Y/getUpdates "HTTP/1.1 200 OK"
2026-06-06 19:12:15,103 - httpx - INFO - HTTP Request: POST https://api.telegram.org/bot8838756490:AAE1CAsIDfhrFN31LzqwCXZ-3Lu-3tXYN0Y/getUpdates "HTTP/1.1 200 OK"
2026-06-06 19:12:25,273 - httpx - INFO - HTTP Request: POST https://api.telegram.org/bot8838756490:AAE1CAsIDfhrFN31LzqwCXZ-3Lu-3tXYN0Y/getUpdates "HTTP/1.1 200 OK"
2026-06-06 19:12:28,460 - httpx - INFO - HTTP Request: POST https://api.telegram.org/bot8838756490:AAE1CAsIDfhrFN31LzqwCXZ-3Lu-3tXYN0Y/getUpdates "HTTP/1.1 409 Conflict"
2026-06-06 19:12:28,461 - telegram.ext.Application - ERROR - No error handlers are registered, logging exception.
Traceback (most recent call last):
  File "C:\Users\snrso\AppData\Local\Programs\Python\Python314\Lib\site-packages\telegram\ext\_utils\networkloop.py", line 161, in network_retry_loop
    await do_action()
  File "C:\Users\snrso\AppData\Local\Programs\Python\Python314\Lib\site-packages\telegram\ext\_utils\networkloop.py", line 154, in do_action
    action_cb_task.result()
    ~~~~~~~~~~~~~~~~~~~~~^^
  File "C:\Users\snrso\AppData\Local\Programs\Python\Python314\Lib\site-packages\telegram\ext\_updater.py", line 340, in polling_action_cb
    updates = await self.bot.get_updates(
              ^^^^^^^^^^^^^^^^^^^^^^^^^^^
    ...<3 lines>...
    )
    ^
  File "C:\Users\snrso\AppData\Local\Programs\Python\Python314\Lib\site-packages\telegram\ext\_extbot.py", line 672, in get_updates
    updates = await super().get_updates(
              ^^^^^^^^^^^^^^^^^^^^^^^^^^
    ...<9 lines>...
    )
    ^
  File "C:\Users\snrso\AppData\Local\Programs\Python\Python314\Lib\site-packages\telegram\_bot.py", line 4865, in get_updates
    await self._post(
    ^^^^^^^^^^^^^^^^^
    ...<7 lines>...
    ),
    ^
  File "C:\Users\snrso\AppData\Local\Programs\Python\Python314\Lib\site-packages\telegram\_bot.py", line 704, in _post
    return await self._do_post(
           ^^^^^^^^^^^^^^^^^^^^
    ...<6 lines>...
    )
    ^
  File "C:\Users\snrso\AppData\Local\Programs\Python\Python314\Lib\site-packages\telegram\ext\_extbot.py", line 370, in _do_post
    return await super()._do_post(
           ^^^^^^^^^^^^^^^^^^^^^^^
    ...<6 lines>...
    )
    ^
  File "C:\Users\snrso\AppData\Local\Programs\Python\Python314\Lib\site-packages\telegram\_bot.py", line 733, in _do_post
    result = await request.post(
             ^^^^^^^^^^^^^^^^^^^
    ...<6 lines>...
    )
    ^
  File "C:\Users\snrso\AppData\Local\Programs\Python\Python314\Lib\site-packages\telegram\request\_baserequest.py", line 198, in post
    result = await self._request_wrapper(
             ^^^^^^^^^^^^^^^^^^^^^^^^^^^^
    ...<7 lines>...
    )
    ^
  File "C:\Users\snrso\AppData\Local\Programs\Python\Python314\Lib\site-packages\telegram\request\_baserequest.py", line 375, in _request_wrapper
    raise exception
telegram.error.Conflict: Conflict: terminated by other getUpdates request; make sure that only one bot instance is running
2026-06-06 19:12:32,625 - httpx - INFO - HTTP Request: POST https://api.telegram.org/bot8838756490:AAE1CAsIDfhrFN31LzqwCXZ-3Lu-3tXYN0Y/getUpdates "HTTP/1.1 409 Conflict"
2026-06-06 19:12:32,630 - telegram.ext.Application - ERROR - No error handlers are registered, logging exception.
Traceback (most recent call last):
  File "C:\Users\snrso\AppData\Local\Programs\Python\Python314\Lib\site-packages\telegram\ext\_utils\networkloop.py", line 161, in network_retry_loop
    await do_action()
  File "C:\Users\snrso\AppData\Local\Programs\Python\Python314\Lib\site-packages\telegram\ext\_utils\networkloop.py", line 154, in do_action
    action_cb_task.result()
    ~~~~~~~~~~~~~~~~~~~~~^^
  File "C:\Users\snrso\AppData\Local\Programs\Python\Python314\Lib\site-packages\telegram\ext\_updater.py", line 340, in polling_action_cb
    updates = await self.bot.get_updates(
              ^^^^^^^^^^^^^^^^^^^^^^^^^^^
    ...<3 lines>...
    )
    ^
  File "C:\Users\snrso\AppData\Local\Programs\Python\Python314\Lib\site-packages\telegram\ext\_extbot.py", line 672, in get_updates
    updates = await super().get_updates(
              ^^^^^^^^^^^^^^^^^^^^^^^^^^
    ...<9 lines>...
    )
    ^
  File "C:\Users\snrso\AppData\Local\Programs\Python\Python314\Lib\site-packages\telegram\_bot.py", line 4865, in get_updates
    await self._post(
    ^^^^^^^^^^^^^^^^^
    ...<7 lines>...
    ),
    ^
  File "C:\Users\snrso\AppData\Local\Programs\Python\Python314\Lib\site-packages\telegram\_bot.py", line 704, in _post
    return await self._do_post(
           ^^^^^^^^^^^^^^^^^^^^
    ...<6 lines>...
    )
    ^
  File "C:\Users\snrso\AppData\Local\Programs\Python\Python314\Lib\site-packages\telegram\ext\_extbot.py", line 370, in _do_post
    return await super()._do_post(
           ^^^^^^^^^^^^^^^^^^^^^^^
    ...<6 lines>...
    )
    ^
  File "C:\Users\snrso\AppData\Local\Programs\Python\Python314\Lib\site-packages\telegram\_bot.py", line 733, in _do_post
    result = await request.post(
             ^^^^^^^^^^^^^^^^^^^
    ...<6 lines>...
    )
    ^
  File "C:\Users\snrso\AppData\Local\Programs\Python\Python314\Lib\site-packages\telegram\request\_baserequest.py", line 198, in post
    result = await self._request_wrapper(
             ^^^^^^^^^^^^^^^^^^^^^^^^^^^^
    ...<7 lines>...
    )
    ^
  File "C:\Users\snrso\AppData\Local\Programs\Python\Python314\Lib\site-packages\telegram\request\_baserequest.py", line 375, in _request_wrapper
    raise exception
telegram.error.Conflict: Conflict: terminated by other getUpdates request; make sure that only one bot instance is running
2026-06-06 19:12:39,633 - httpx - INFO - HTTP Request: POST https://api.telegram.org/bot8838756490:AAE1CAsIDfhrFN31LzqwCXZ-3Lu-3tXYN0Y/getUpdates "HTTP/1.1 200 OK"
2026-06-06 19:12:49,802 - httpx - INFO - HTTP Request: POST https://api.telegram.org/bot8838756490:AAE1CAsIDfhrFN31LzqwCXZ-3Lu-3tXYN0Y/getUpdates "HTTP/1.1 200 OK"
2026-06-06 19:12:59,978 - httpx - INFO - HTTP Request: POST https://api.telegram.org/bot8838756490:AAE1CAsIDfhrFN31LzqwCXZ-3Lu-3tXYN0Y/getUpdates "HTTP/1.1 200 OK"
2026-06-06 19:13:03,164 - httpx - INFO - HTTP Request: POST https://api.telegram.org/bot8838756490:AAE1CAsIDfhrFN31LzqwCXZ-3Lu-3tXYN0Y/getUpdates "HTTP/1.1 409 Conflict"
2026-06-06 19:13:03,164 - telegram.ext.Application - ERROR - No error handlers are registered, logging exception.
Traceback (most recent call last):
  File "C:\Users\snrso\AppData\Local\Programs\Python\Python314\Lib\site-packages\telegram\ext\_utils\networkloop.py", line 161, in network_retry_loop
    await do_action()
  File "C:\Users\snrso\AppData\Local\Programs\Python\Python314\Lib\site-packages\telegram\ext\_utils\networkloop.py", line 154, in do_action
    action_cb_task.result()
    ~~~~~~~~~~~~~~~~~~~~~^^
  File "C:\Users\snrso\AppData\Local\Programs\Python\Python314\Lib\site-packages\telegram\ext\_updater.py", line 340, in polling_action_cb
    updates = await self.bot.get_updates(
              ^^^^^^^^^^^^^^^^^^^^^^^^^^^
    ...<3 lines>...
    )
    ^
  File "C:\Users\snrso\AppData\Local\Programs\Python\Python314\Lib\site-packages\telegram\ext\_extbot.py", line 672, in get_updates
    updates = await super().get_updates(
              ^^^^^^^^^^^^^^^^^^^^^^^^^^
    ...<9 lines>...
    )
    ^
  File "C:\Users\snrso\AppData\Local\Programs\Python\Python314\Lib\site-packages\telegram\_bot.py", line 4865, in get_updates
    await self._post(
    ^^^^^^^^^^^^^^^^^
    ...<7 lines>...
    ),
    ^
  File "C:\Users\snrso\AppData\Local\Programs\Python\Python314\Lib\site-packages\telegram\_bot.py", line 704, in _post
    return await self._do_post(
           ^^^^^^^^^^^^^^^^^^^^
    ...<6 lines>...
    )
    ^
  File "C:\Users\snrso\AppData\Local\Programs\Python\Python314\Lib\site-packages\telegram\ext\_extbot.py", line 370, in _do_post
    return await super()._do_post(
           ^^^^^^^^^^^^^^^^^^^^^^^
    ...<6 lines>...
    )
    ^
  File "C:\Users\snrso\AppData\Local\Programs\Python\Python314\Lib\site-packages\telegram\_bot.py", line 733, in _do_post
    result = await request.post(
             ^^^^^^^^^^^^^^^^^^^
    ...<6 lines>...
    )
    ^
  File "C:\Users\snrso\AppData\Local\Programs\Python\Python314\Lib\site-packages\telegram\request\_baserequest.py", line 198, in post
    result = await self._request_wrapper(
             ^^^^^^^^^^^^^^^^^^^^^^^^^^^^
    ...<7 lines>...
    )
    ^
  File "C:\Users\snrso\AppData\Local\Programs\Python\Python314\Lib\site-packages\telegram\request\_baserequest.py", line 375, in _request_wrapper
    raise exception
telegram.error.Conflict: Conflict: terminated by other getUpdates request; make sure that only one bot instance is running
2026-06-06 19:13:07,349 - httpx - INFO - HTTP Request: POST https://api.telegram.org/bot8838756490:AAE1CAsIDfhrFN31LzqwCXZ-3Lu-3tXYN0Y/getUpdates "HTTP/1.1 409 Conflict"
2026-06-06 19:13:07,350 - telegram.ext.Application - ERROR - No error handlers are registered, logging exception.
Traceback (most recent call last):
  File "C:\Users\snrso\AppData\Local\Programs\Python\Python314\Lib\site-packages\telegram\ext\_utils\networkloop.py", line 161, in network_retry_loop
    await do_action()
  File "C:\Users\snrso\AppData\Local\Programs\Python\Python314\Lib\site-packages\telegram\ext\_utils\networkloop.py", line 154, in do_action
    action_cb_task.result()
    ~~~~~~~~~~~~~~~~~~~~~^^
  File "C:\Users\snrso\AppData\Local\Programs\Python\Python314\Lib\site-packages\telegram\ext\_updater.py", line 340, in polling_action_cb
    updates = await self.bot.get_updates(
              ^^^^^^^^^^^^^^^^^^^^^^^^^^^
    ...<3 lines>...
    )
    ^
  File "C:\Users\snrso\AppData\Local\Programs\Python\Python314\Lib\site-packages\telegram\ext\_extbot.py", line 672, in get_updates
    updates = await super().get_updates(
              ^^^^^^^^^^^^^^^^^^^^^^^^^^
    ...<9 lines>...
    )
    ^
  File "C:\Users\snrso\AppData\Local\Programs\Python\Python314\Lib\site-packages\telegram\_bot.py", line 4865, in get_updates
    await self._post(
    ^^^^^^^^^^^^^^^^^
    ...<7 lines>...
    ),
    ^
  File "C:\Users\snrso\AppData\Local\Programs\Python\Python314\Lib\site-packages\telegram\_bot.py", line 704, in _post
    return await self._do_post(
           ^^^^^^^^^^^^^^^^^^^^
    ...<6 lines>...
    )
    ^
  File "C:\Users\snrso\AppData\Local\Programs\Python\Python314\Lib\site-packages\telegram\ext\_extbot.py", line 370, in _do_post
    return await super()._do_post(
           ^^^^^^^^^^^^^^^^^^^^^^^
    ...<6 lines>...
    )
    ^
  File "C:\Users\snrso\AppData\Local\Programs\Python\Python314\Lib\site-packages\telegram\_bot.py", line 733, in _do_post
    result = await request.post(
             ^^^^^^^^^^^^^^^^^^^
    ...<6 lines>...
    )
    ^
  File "C:\Users\snrso\AppData\Local\Programs\Python\Python314\Lib\site-packages\telegram\request\_baserequest.py", line 198, in post
    result = await self._request_wrapper(
             ^^^^^^^^^^^^^^^^^^^^^^^^^^^^
    ...<7 lines>...
    )
    ^
  File "C:\Users\snrso\AppData\Local\Programs\Python\Python314\Lib\site-packages\telegram\request\_baserequest.py", line 375, in _request_wrapper
    raise exception
telegram.error.Conflict: Conflict: terminated by other getUpdates request; make sure that only one bot instance is running
2026-06-06 19:13:14,347 - httpx - INFO - HTTP Request: POST https://api.telegram.org/bot8838756490:AAE1CAsIDfhrFN31LzqwCXZ-3Lu-3tXYN0Y/getUpdates "HTTP/1.1 200 OK"
2026-06-06 19:13:24,520 - httpx - INFO - HTTP Request: POST https://api.telegram.org/bot8838756490:AAE1CAsIDfhrFN31LzqwCXZ-3Lu-3tXYN0Y/getUpdates "HTTP/1.1 200 OK"
2026-06-06 19:13:34,684 - httpx - INFO - HTTP Request: POST https://api.telegram.org/bot8838756490:AAE1CAsIDfhrFN31LzqwCXZ-3Lu-3tXYN0Y/getUpdates "HTTP/1.1 200 OK"
2026-06-06 19:13:37,863 - httpx - INFO - HTTP Request: POST https://api.telegram.org/bot8838756490:AAE1CAsIDfhrFN31LzqwCXZ-3Lu-3tXYN0Y/getUpdates "HTTP/1.1 409 Conflict"
2026-06-06 19:13:37,865 - telegram.ext.Application - ERROR - No error handlers are registered, logging exception.
Traceback (most recent call last):
  File "C:\Users\snrso\AppData\Local\Programs\Python\Python314\Lib\site-packages\telegram\ext\_utils\networkloop.py", line 161, in network_retry_loop
    await do_action()
  File "C:\Users\snrso\AppData\Local\Programs\Python\Python314\Lib\site-packages\telegram\ext\_utils\networkloop.py", line 154, in do_action
    action_cb_task.result()
    ~~~~~~~~~~~~~~~~~~~~~^^
  File "C:\Users\snrso\AppData\Local\Programs\Python\Python314\Lib\site-packages\telegram\ext\_updater.py", line 340, in polling_action_cb
    updates = await self.bot.get_updates(
              ^^^^^^^^^^^^^^^^^^^^^^^^^^^
    ...<3 lines>...
    )
    ^
  File "C:\Users\snrso\AppData\Local\Programs\Python\Python314\Lib\site-packages\telegram\ext\_extbot.py", line 672, in get_updates
    updates = await super().get_updates(
              ^^^^^^^^^^^^^^^^^^^^^^^^^^
    ...<9 lines>...
    )
    ^
  File "C:\Users\snrso\AppData\Local\Programs\Python\Python314\Lib\site-packages\telegram\_bot.py", line 4865, in get_updates
    await self._post(
    ^^^^^^^^^^^^^^^^^
    ...<7 lines>...
    ),
    ^
  File "C:\Users\snrso\AppData\Local\Programs\Python\Python314\Lib\site-packages\telegram\_bot.py", line 704, in _post
    return await self._do_post(
           ^^^^^^^^^^^^^^^^^^^^
    ...<6 lines>...
    )
    ^
  File "C:\Users\snrso\AppData\Local\Programs\Python\Python314\Lib\site-packages\telegram\ext\_extbot.py", line 370, in _do_post
    return await super()._do_post(
           ^^^^^^^^^^^^^^^^^^^^^^^
    ...<6 lines>...
    )
    ^
  File "C:\Users\snrso\AppData\Local\Programs\Python\Python314\Lib\site-packages\telegram\_bot.py", line 733, in _do_post
    result = await request.post(
             ^^^^^^^^^^^^^^^^^^^
    ...<6 lines>...
    )
    ^
  File "C:\Users\snrso\AppData\Local\Programs\Python\Python314\Lib\site-packages\telegram\request\_baserequest.py", line 198, in post
    result = await self._request_wrapper(
             ^^^^^^^^^^^^^^^^^^^^^^^^^^^^
    ...<7 lines>...
    )
    ^
  File "C:\Users\snrso\AppData\Local\Programs\Python\Python314\Lib\site-packages\telegram\request\_baserequest.py", line 375, in _request_wrapper
    raise exception
telegram.error.Conflict: Conflict: terminated by other getUpdates request; make sure that only one bot instance is running
2026-06-06 19:13:42,051 - httpx - INFO - HTTP Request: POST https://api.telegram.org/bot8838756490:AAE1CAsIDfhrFN31LzqwCXZ-3Lu-3tXYN0Y/getUpdates "HTTP/1.1 409 Conflict"
2026-06-06 19:13:42,052 - telegram.ext.Application - ERROR - No error handlers are registered, logging exception.
Traceback (most recent call last):
  File "C:\Users\snrso\AppData\Local\Programs\Python\Python314\Lib\site-packages\telegram\ext\_utils\networkloop.py", line 161, in network_retry_loop
    await do_action()
  File "C:\Users\snrso\AppData\Local\Programs\Python\Python314\Lib\site-packages\telegram\ext\_utils\networkloop.py", line 154, in do_action
    action_cb_task.result()
    ~~~~~~~~~~~~~~~~~~~~~^^
  File "C:\Users\snrso\AppData\Local\Programs\Python\Python314\Lib\site-packages\telegram\ext\_updater.py", line 340, in polling_action_cb
    updates = await self.bot.get_updates(
              ^^^^^^^^^^^^^^^^^^^^^^^^^^^
    ...<3 lines>...
    )
    ^
  File "C:\Users\snrso\AppData\Local\Programs\Python\Python314\Lib\site-packages\telegram\ext\_extbot.py", line 672, in get_updates
    updates = await super().get_updates(
              ^^^^^^^^^^^^^^^^^^^^^^^^^^
    ...<9 lines>...
    )
    ^
  File "C:\Users\snrso\AppData\Local\Programs\Python\Python314\Lib\site-packages\telegram\_bot.py", line 4865, in get_updates
    await self._post(
    ^^^^^^^^^^^^^^^^^
    ...<7 lines>...
    ),
    ^
  File "C:\Users\snrso\AppData\Local\Programs\Python\Python314\Lib\site-packages\telegram\_bot.py", line 704, in _post
    return await self._do_post(
           ^^^^^^^^^^^^^^^^^^^^
    ...<6 lines>...
    )
    ^
  File "C:\Users\snrso\AppData\Local\Programs\Python\Python314\Lib\site-packages\telegram\ext\_extbot.py", line 370, in _do_post
    return await super()._do_post(
           ^^^^^^^^^^^^^^^^^^^^^^^
    ...<6 lines>...
    )
    ^
  File "C:\Users\snrso\AppData\Local\Programs\Python\Python314\Lib\site-packages\telegram\_bot.py", line 733, in _do_post
    result = await request.post(
             ^^^^^^^^^^^^^^^^^^^
    ...<6 lines>...
    )
    ^
  File "C:\Users\snrso\AppData\Local\Programs\Python\Python314\Lib\site-packages\telegram\request\_baserequest.py", line 198, in post
    result = await self._request_wrapper(
             ^^^^^^^^^^^^^^^^^^^^^^^^^^^^
    ...<7 lines>...
    )
    ^
  File "C:\Users\snrso\AppData\Local\Programs\Python\Python314\Lib\site-packages\telegram\request\_baserequest.py", line 375, in _request_wrapper
    raise exception
telegram.error.Conflict: Conflict: terminated by other getUpdates request; make sure that only one bot instance is running
2026-06-06 19:13:49,050 - httpx - INFO - HTTP Request: POST https://api.telegram.org/bot8838756490:AAE1CAsIDfhrFN31LzqwCXZ-3Lu-3tXYN0Y/getUpdates "HTTP/1.1 200 OK"
2026-06-06 19:13:59,230 - httpx - INFO - HTTP Request: POST https://api.telegram.org/bot8838756490:AAE1CAsIDfhrFN31LzqwCXZ-3Lu-3tXYN0Y/getUpdates "HTTP/1.1 200 OK"
2026-06-06 19:14:09,398 - httpx - INFO - HTTP Request: POST https://api.telegram.org/bot8838756490:AAE1CAsIDfhrFN31LzqwCXZ-3Lu-3tXYN0Y/getUpdates "HTTP/1.1 200 OK"
2026-06-06 19:14:12,568 - httpx - INFO - HTTP Request: POST https://api.telegram.org/bot8838756490:AAE1CAsIDfhrFN31LzqwCXZ-3Lu-3tXYN0Y/getUpdates "HTTP/1.1 409 Conflict"
2026-06-06 19:14:12,569 - telegram.ext.Application - ERROR - No error handlers are registered, logging exception.
Traceback (most recent call last):
  File "C:\Users\snrso\AppData\Local\Programs\Python\Python314\Lib\site-packages\telegram\ext\_utils\networkloop.py", line 161, in network_retry_loop
    await do_action()
  File "C:\Users\snrso\AppData\Local\Programs\Python\Python314\Lib\site-packages\telegram\ext\_utils\networkloop.py", line 154, in do_action
    action_cb_task.result()
    ~~~~~~~~~~~~~~~~~~~~~^^
  File "C:\Users\snrso\AppData\Local\Programs\Python\Python314\Lib\site-packages\telegram\ext\_updater.py", line 340, in polling_action_cb
    updates = await self.bot.get_updates(
              ^^^^^^^^^^^^^^^^^^^^^^^^^^^
    ...<3 lines>...
    )
    ^
  File "C:\Users\snrso\AppData\Local\Programs\Python\Python314\Lib\site-packages\telegram\ext\_extbot.py", line 672, in get_updates
    updates = await super().get_updates(
              ^^^^^^^^^^^^^^^^^^^^^^^^^^
    ...<9 lines>...
    )
    ^
  File "C:\Users\snrso\AppData\Local\Programs\Python\Python314\Lib\site-packages\telegram\_bot.py", line 4865, in get_updates
    await self._post(
    ^^^^^^^^^^^^^^^^^
    ...<7 lines>...
    ),
    ^
  File "C:\Users\snrso\AppData\Local\Programs\Python\Python314\Lib\site-packages\telegram\_bot.py", line 704, in _post
    return await self._do_post(
           ^^^^^^^^^^^^^^^^^^^^
    ...<6 lines>...
    )
    ^
  File "C:\Users\snrso\AppData\Local\Programs\Python\Python314\Lib\site-packages\telegram\ext\_extbot.py", line 370, in _do_post
    return await super()._do_post(
           ^^^^^^^^^^^^^^^^^^^^^^^
    ...<6 lines>...
    )
    ^
  File "C:\Users\snrso\AppData\Local\Programs\Python\Python314\Lib\site-packages\telegram\_bot.py", line 733, in _do_post
    result = await request.post(
             ^^^^^^^^^^^^^^^^^^^
    ...<6 lines>...
    )
    ^
  File "C:\Users\snrso\AppData\Local\Programs\Python\Python314\Lib\site-packages\telegram\request\_baserequest.py", line 198, in post
    result = await self._request_wrapper(
             ^^^^^^^^^^^^^^^^^^^^^^^^^^^^
    ...<7 lines>...
    )
    ^
  File "C:\Users\snrso\AppData\Local\Programs\Python\Python314\Lib\site-packages\telegram\request\_baserequest.py", line 375, in _request_wrapper
    raise exception
telegram.error.Conflict: Conflict: terminated by other getUpdates request; make sure that only one bot instance is running
2026-06-06 19:14:16,731 - httpx - INFO - HTTP Request: POST https://api.telegram.org/bot8838756490:AAE1CAsIDfhrFN31LzqwCXZ-3Lu-3tXYN0Y/getUpdates "HTTP/1.1 409 Conflict"
2026-06-06 19:14:16,733 - telegram.ext.Application - ERROR - No error handlers are registered, logging exception.
Traceback (most recent call last):
  File "C:\Users\snrso\AppData\Local\Programs\Python\Python314\Lib\site-packages\telegram\ext\_utils\networkloop.py", line 161, in network_retry_loop
    await do_action()
  File "C:\Users\snrso\AppData\Local\Programs\Python\Python314\Lib\site-packages\telegram\ext\_utils\networkloop.py", line 154, in do_action
    action_cb_task.result()
    ~~~~~~~~~~~~~~~~~~~~~^^
  File "C:\Users\snrso\AppData\Local\Programs\Python\Python314\Lib\site-packages\telegram\ext\_updater.py", line 340, in polling_action_cb
    updates = await self.bot.get_updates(
              ^^^^^^^^^^^^^^^^^^^^^^^^^^^
    ...<3 lines>...
    )
    ^
  File "C:\Users\snrso\AppData\Local\Programs\Python\Python314\Lib\site-packages\telegram\ext\_extbot.py", line 672, in get_updates
    updates = await super().get_updates(
              ^^^^^^^^^^^^^^^^^^^^^^^^^^
    ...<9 lines>...
    )
    ^
  File "C:\Users\snrso\AppData\Local\Programs\Python\Python314\Lib\site-packages\telegram\_bot.py", line 4865, in get_updates
    await self._post(
    ^^^^^^^^^^^^^^^^^
    ...<7 lines>...
    ),
    ^
  File "C:\Users\snrso\AppData\Local\Programs\Python\Python314\Lib\site-packages\telegram\_bot.py", line 704, in _post
    return await self._do_post(
           ^^^^^^^^^^^^^^^^^^^^
    ...<6 lines>...
    )
    ^
  File "C:\Users\snrso\AppData\Local\Programs\Python\Python314\Lib\site-packages\telegram\ext\_extbot.py", line 370, in _do_post
    return await super()._do_post(
           ^^^^^^^^^^^^^^^^^^^^^^^
    ...<6 lines>...
    )
    ^
  File "C:\Users\snrso\AppData\Local\Programs\Python\Python314\Lib\site-packages\telegram\_bot.py", line 733, in _do_post
    result = await request.post(
             ^^^^^^^^^^^^^^^^^^^
    ...<6 lines>...
    )
    ^
  File "C:\Users\snrso\AppData\Local\Programs\Python\Python314\Lib\site-packages\telegram\request\_baserequest.py", line 198, in post
    result = await self._request_wrapper(
             ^^^^^^^^^^^^^^^^^^^^^^^^^^^^
    ...<7 lines>...
    )
    ^
  File "C:\Users\snrso\AppData\Local\Programs\Python\Python314\Lib\site-packages\telegram\request\_baserequest.py", line 375, in _request_wrapper
    raise exception
telegram.error.Conflict: Conflict: terminated by other getUpdates request; make sure that only one bot instance is running
2026-06-06 19:14:23,736 - httpx - INFO - HTTP Request: POST https://api.telegram.org/bot8838756490:AAE1CAsIDfhrFN31LzqwCXZ-3Lu-3tXYN0Y/getUpdates "HTTP/1.1 200 OK"
2026-06-06 19:14:33,904 - httpx - INFO - HTTP Request: POST https://api.telegram.org/bot8838756490:AAE1CAsIDfhrFN31LzqwCXZ-3Lu-3tXYN0Y/getUpdates "HTTP/1.1 200 OK"
2026-06-06 19:14:44,072 - httpx - INFO - HTTP Request: POST https://api.telegram.org/bot8838756490:AAE1CAsIDfhrFN31LzqwCXZ-3Lu-3tXYN0Y/getUpdates "HTTP/1.1 200 OK"
2026-06-06 19:14:47,264 - httpx - INFO - HTTP Request: POST https://api.telegram.org/bot8838756490:AAE1CAsIDfhrFN31LzqwCXZ-3Lu-3tXYN0Y/getUpdates "HTTP/1.1 409 Conflict"
2026-06-06 19:14:47,266 - telegram.ext.Application - ERROR - No error handlers are registered, logging exception.
Traceback (most recent call last):
  File "C:\Users\snrso\AppData\Local\Programs\Python\Python314\Lib\site-packages\telegram\ext\_utils\networkloop.py", line 161, in network_retry_loop
    await do_action()
  File "C:\Users\snrso\AppData\Local\Programs\Python\Python314\Lib\site-packages\telegram\ext\_utils\networkloop.py", line 154, in do_action
    action_cb_task.result()
    ~~~~~~~~~~~~~~~~~~~~~^^
  File "C:\Users\snrso\AppData\Local\Programs\Python\Python314\Lib\site-packages\telegram\ext\_updater.py", line 340, in polling_action_cb
    updates = await self.bot.get_updates(
              ^^^^^^^^^^^^^^^^^^^^^^^^^^^
    ...<3 lines>...
    )
    ^
  File "C:\Users\snrso\AppData\Local\Programs\Python\Python314\Lib\site-packages\telegram\ext\_extbot.py", line 672, in get_updates
    updates = await super().get_updates(
              ^^^^^^^^^^^^^^^^^^^^^^^^^^
    ...<9 lines>...
    )
    ^
  File "C:\Users\snrso\AppData\Local\Programs\Python\Python314\Lib\site-packages\telegram\_bot.py", line 4865, in get_updates
    await self._post(
    ^^^^^^^^^^^^^^^^^
    ...<7 lines>...
    ),
    ^
  File "C:\Users\snrso\AppData\Local\Programs\Python\Python314\Lib\site-packages\telegram\_bot.py", line 704, in _post
    return await self._do_post(
           ^^^^^^^^^^^^^^^^^^^^
    ...<6 lines>...
    )
    ^
  File "C:\Users\snrso\AppData\Local\Programs\Python\Python314\Lib\site-packages\telegram\ext\_extbot.py", line 370, in _do_post
    return await super()._do_post(
           ^^^^^^^^^^^^^^^^^^^^^^^
    ...<6 lines>...
    )
    ^
  File "C:\Users\snrso\AppData\Local\Programs\Python\Python314\Lib\site-packages\telegram\_bot.py", line 733, in _do_post
    result = await request.post(
             ^^^^^^^^^^^^^^^^^^^
    ...<6 lines>...
    )
    ^
  File "C:\Users\snrso\AppData\Local\Programs\Python\Python314\Lib\site-packages\telegram\request\_baserequest.py", line 198, in post
    result = await self._request_wrapper(
             ^^^^^^^^^^^^^^^^^^^^^^^^^^^^
    ...<7 lines>...
    )
    ^
  File "C:\Users\snrso\AppData\Local\Programs\Python\Python314\Lib\site-packages\telegram\request\_baserequest.py", line 375, in _request_wrapper
    raise exception
telegram.error.Conflict: Conflict: terminated by other getUpdates request; make sure that only one bot instance is running
2026-06-06 19:14:51,442 - httpx - INFO - HTTP Request: POST https://api.telegram.org/bot8838756490:AAE1CAsIDfhrFN31LzqwCXZ-3Lu-3tXYN0Y/getUpdates "HTTP/1.1 409 Conflict"
2026-06-06 19:14:51,444 - telegram.ext.Application - ERROR - No error handlers are registered, logging exception.
Traceback (most recent call last):
  File "C:\Users\snrso\AppData\Local\Programs\Python\Python314\Lib\site-packages\telegram\ext\_utils\networkloop.py", line 161, in network_retry_loop
    await do_action()
  File "C:\Users\snrso\AppData\Local\Programs\Python\Python314\Lib\site-packages\telegram\ext\_utils\networkloop.py", line 154, in do_action
    action_cb_task.result()
    ~~~~~~~~~~~~~~~~~~~~~^^
  File "C:\Users\snrso\AppData\Local\Programs\Python\Python314\Lib\site-packages\telegram\ext\_updater.py", line 340, in polling_action_cb
    updates = await self.bot.get_updates(
              ^^^^^^^^^^^^^^^^^^^^^^^^^^^
    ...<3 lines>...
    )
    ^
  File "C:\Users\snrso\AppData\Local\Programs\Python\Python314\Lib\site-packages\telegram\ext\_extbot.py", line 672, in get_updates
    updates = await super().get_updates(
              ^^^^^^^^^^^^^^^^^^^^^^^^^^
    ...<9 lines>...
    )
    ^
  File "C:\Users\snrso\AppData\Local\Programs\Python\Python314\Lib\site-packages\telegram\_bot.py", line 4865, in get_updates
    await self._post(
    ^^^^^^^^^^^^^^^^^
    ...<7 lines>...
    ),
    ^
  File "C:\Users\snrso\AppData\Local\Programs\Python\Python314\Lib\site-packages\telegram\_bot.py", line 704, in _post
    return await self._do_post(
           ^^^^^^^^^^^^^^^^^^^^
    ...<6 lines>...
    )
    ^
  File "C:\Users\snrso\AppData\Local\Programs\Python\Python314\Lib\site-packages\telegram\ext\_extbot.py", line 370, in _do_post
    return await super()._do_post(
           ^^^^^^^^^^^^^^^^^^^^^^^
    ...<6 lines>...
    )
    ^
  File "C:\Users\snrso\AppData\Local\Programs\Python\Python314\Lib\site-packages\telegram\_bot.py", line 733, in _do_post
    result = await request.post(
             ^^^^^^^^^^^^^^^^^^^
    ...<6 lines>...
    )
    ^
  File "C:\Users\snrso\AppData\Local\Programs\Python\Python314\Lib\site-packages\telegram\request\_baserequest.py", line 198, in post
    result = await self._request_wrapper(
             ^^^^^^^^^^^^^^^^^^^^^^^^^^^^
    ...<7 lines>...
    )
    ^
  File "C:\Users\snrso\AppData\Local\Programs\Python\Python314\Lib\site-packages\telegram\request\_baserequest.py", line 375, in _request_wrapper
    raise exception
telegram.error.Conflict: Conflict: terminated by other getUpdates request; make sure that only one bot instance is running
2026-06-06 19:14:58,443 - httpx - INFO - HTTP Request: POST https://api.telegram.org/bot8838756490:AAE1CAsIDfhrFN31LzqwCXZ-3Lu-3tXYN0Y/getUpdates "HTTP/1.1 200 OK"
2026-06-06 19:15:08,612 - httpx - INFO - HTTP Request: POST https://api.telegram.org/bot8838756490:AAE1CAsIDfhrFN31LzqwCXZ-3Lu-3tXYN0Y/getUpdates "HTTP/1.1 200 OK"
2026-06-06 19:15:18,783 - httpx - INFO - HTTP Request: POST https://api.telegram.org/bot8838756490:AAE1CAsIDfhrFN31LzqwCXZ-3Lu-3tXYN0Y/getUpdates "HTTP/1.1 200 OK"
2026-06-06 19:15:21,963 - httpx - INFO - HTTP Request: POST https://api.telegram.org/bot8838756490:AAE1CAsIDfhrFN31LzqwCXZ-3Lu-3tXYN0Y/getUpdates "HTTP/1.1 409 Conflict"
2026-06-06 19:15:21,964 - telegram.ext.Application - ERROR - No error handlers are registered, logging exception.
Traceback (most recent call last):
  File "C:\Users\snrso\AppData\Local\Programs\Python\Python314\Lib\site-packages\telegram\ext\_utils\networkloop.py", line 161, in network_retry_loop
    await do_action()
  File "C:\Users\snrso\AppData\Local\Programs\Python\Python314\Lib\site-packages\telegram\ext\_utils\networkloop.py", line 154, in do_action
    action_cb_task.result()
    ~~~~~~~~~~~~~~~~~~~~~^^
  File "C:\Users\snrso\AppData\Local\Programs\Python\Python314\Lib\site-packages\telegram\ext\_updater.py", line 340, in polling_action_cb
    updates = await self.bot.get_updates(
              ^^^^^^^^^^^^^^^^^^^^^^^^^^^
    ...<3 lines>...
    )
    ^
  File "C:\Users\snrso\AppData\Local\Programs\Python\Python314\Lib\site-packages\telegram\ext\_extbot.py", line 672, in get_updates
    updates = await super().get_updates(
              ^^^^^^^^^^^^^^^^^^^^^^^^^^
    ...<9 lines>...
    )
    ^
  File "C:\Users\snrso\AppData\Local\Programs\Python\Python314\Lib\site-packages\telegram\_bot.py", line 4865, in get_updates
    await self._post(
    ^^^^^^^^^^^^^^^^^
    ...<7 lines>...
    ),
    ^
  File "C:\Users\snrso\AppData\Local\Programs\Python\Python314\Lib\site-packages\telegram\_bot.py", line 704, in _post
    return await self._do_post(
           ^^^^^^^^^^^^^^^^^^^^
    ...<6 lines>...
    )
    ^
  File "C:\Users\snrso\AppData\Local\Programs\Python\Python314\Lib\site-packages\telegram\ext\_extbot.py", line 370, in _do_post
    return await super()._do_post(
           ^^^^^^^^^^^^^^^^^^^^^^^
    ...<6 lines>...
    )
    ^
  File "C:\Users\snrso\AppData\Local\Programs\Python\Python314\Lib\site-packages\telegram\_bot.py", line 733, in _do_post
    result = await request.post(
             ^^^^^^^^^^^^^^^^^^^
    ...<6 lines>...
    )
    ^
  File "C:\Users\snrso\AppData\Local\Programs\Python\Python314\Lib\site-packages\telegram\request\_baserequest.py", line 198, in post
    result = await self._request_wrapper(
             ^^^^^^^^^^^^^^^^^^^^^^^^^^^^
    ...<7 lines>...
    )
    ^
  File "C:\Users\snrso\AppData\Local\Programs\Python\Python314\Lib\site-packages\telegram\request\_baserequest.py", line 375, in _request_wrapper
    raise exception
telegram.error.Conflict: Conflict: terminated by other getUpdates request; make sure that only one bot instance is running
2026-06-06 19:15:26,142 - httpx - INFO - HTTP Request: POST https://api.telegram.org/bot8838756490:AAE1CAsIDfhrFN31LzqwCXZ-3Lu-3tXYN0Y/getUpdates "HTTP/1.1 409 Conflict"
2026-06-06 19:15:26,144 - telegram.ext.Application - ERROR - No error handlers are registered, logging exception.
Traceback (most recent call last):
  File "C:\Users\snrso\AppData\Local\Programs\Python\Python314\Lib\site-packages\telegram\ext\_utils\networkloop.py", line 161, in network_retry_loop
    await do_action()
  File "C:\Users\snrso\AppData\Local\Programs\Python\Python314\Lib\site-packages\telegram\ext\_utils\networkloop.py", line 154, in do_action
    action_cb_task.result()
    ~~~~~~~~~~~~~~~~~~~~~^^
  File "C:\Users\snrso\AppData\Local\Programs\Python\Python314\Lib\site-packages\telegram\ext\_updater.py", line 340, in polling_action_cb
    updates = await self.bot.get_updates(
              ^^^^^^^^^^^^^^^^^^^^^^^^^^^
    ...<3 lines>...
    )
    ^
  File "C:\Users\snrso\AppData\Local\Programs\Python\Python314\Lib\site-packages\telegram\ext\_extbot.py", line 672, in get_updates
    updates = await super().get_updates(
              ^^^^^^^^^^^^^^^^^^^^^^^^^^
    ...<9 lines>...
    )
    ^
  File "C:\Users\snrso\AppData\Local\Programs\Python\Python314\Lib\site-packages\telegram\_bot.py", line 4865, in get_updates
    await self._post(
    ^^^^^^^^^^^^^^^^^
    ...<7 lines>...
    ),
    ^
  File "C:\Users\snrso\AppData\Local\Programs\Python\Python314\Lib\site-packages\telegram\_bot.py", line 704, in _post
    return await self._do_post(
           ^^^^^^^^^^^^^^^^^^^^
    ...<6 lines>...
    )
    ^
  File "C:\Users\snrso\AppData\Local\Programs\Python\Python314\Lib\site-packages\telegram\ext\_extbot.py", line 370, in _do_post
    return await super()._do_post(
           ^^^^^^^^^^^^^^^^^^^^^^^
    ...<6 lines>...
    )
    ^
  File "C:\Users\snrso\AppData\Local\Programs\Python\Python314\Lib\site-packages\telegram\_bot.py", line 733, in _do_post
    result = await request.post(
             ^^^^^^^^^^^^^^^^^^^
    ...<6 lines>...
    )
    ^
  File "C:\Users\snrso\AppData\Local\Programs\Python\Python314\Lib\site-packages\telegram\request\_baserequest.py", line 198, in post
    result = await self._request_wrapper(
             ^^^^^^^^^^^^^^^^^^^^^^^^^^^^
    ...<7 lines>...
    )
    ^
  File "C:\Users\snrso\AppData\Local\Programs\Python\Python314\Lib\site-packages\telegram\request\_baserequest.py", line 375, in _request_wrapper
    raise exception
telegram.error.Conflict: Conflict: terminated by other getUpdates request; make sure that only one bot instance is running
2026-06-06 19:15:33,145 - httpx - INFO - HTTP Request: POST https://api.telegram.org/bot8838756490:AAE1CAsIDfhrFN31LzqwCXZ-3Lu-3tXYN0Y/getUpdates "HTTP/1.1 200 OK"
2026-06-06 19:15:43,317 - httpx - INFO - HTTP Request: POST https://api.telegram.org/bot8838756490:AAE1CAsIDfhrFN31LzqwCXZ-3Lu-3tXYN0Y/getUpdates "HTTP/1.1 200 OK"
2026-06-06 19:15:53,482 - httpx - INFO - HTTP Request: POST https://api.telegram.org/bot8838756490:AAE1CAsIDfhrFN31LzqwCXZ-3Lu-3tXYN0Y/getUpdates "HTTP/1.1 200 OK"
2026-06-06 19:15:56,655 - httpx - INFO - HTTP Request: POST https://api.telegram.org/bot8838756490:AAE1CAsIDfhrFN31LzqwCXZ-3Lu-3tXYN0Y/getUpdates "HTTP/1.1 409 Conflict"
2026-06-06 19:15:56,656 - telegram.ext.Application - ERROR - No error handlers are registered, logging exception.
Traceback (most recent call last):
  File "C:\Users\snrso\AppData\Local\Programs\Python\Python314\Lib\site-packages\telegram\ext\_utils\networkloop.py", line 161, in network_retry_loop
    await do_action()
  File "C:\Users\snrso\AppData\Local\Programs\Python\Python314\Lib\site-packages\telegram\ext\_utils\networkloop.py", line 154, in do_action
    action_cb_task.result()
    ~~~~~~~~~~~~~~~~~~~~~^^
  File "C:\Users\snrso\AppData\Local\Programs\Python\Python314\Lib\site-packages\telegram\ext\_updater.py", line 340, in polling_action_cb
    updates = await self.bot.get_updates(
              ^^^^^^^^^^^^^^^^^^^^^^^^^^^
    ...<3 lines>...
    )
    ^
  File "C:\Users\snrso\AppData\Local\Programs\Python\Python314\Lib\site-packages\telegram\ext\_extbot.py", line 672, in get_updates
    updates = await super().get_updates(
              ^^^^^^^^^^^^^^^^^^^^^^^^^^
    ...<9 lines>...
    )
    ^
  File "C:\Users\snrso\AppData\Local\Programs\Python\Python314\Lib\site-packages\telegram\_bot.py", line 4865, in get_updates
    await self._post(
    ^^^^^^^^^^^^^^^^^
    ...<7 lines>...
    ),
    ^
  File "C:\Users\snrso\AppData\Local\Programs\Python\Python314\Lib\site-packages\telegram\_bot.py", line 704, in _post
    return await self._do_post(
           ^^^^^^^^^^^^^^^^^^^^
    ...<6 lines>...
    )
    ^
  File "C:\Users\snrso\AppData\Local\Programs\Python\Python314\Lib\site-packages\telegram\ext\_extbot.py", line 370, in _do_post
    return await super()._do_post(
           ^^^^^^^^^^^^^^^^^^^^^^^
    ...<6 lines>...
    )
    ^
  File "C:\Users\snrso\AppData\Local\Programs\Python\Python314\Lib\site-packages\telegram\_bot.py", line 733, in _do_post
    result = await request.post(
             ^^^^^^^^^^^^^^^^^^^
    ...<6 lines>...
    )
    ^
  File "C:\Users\snrso\AppData\Local\Programs\Python\Python314\Lib\site-packages\telegram\request\_baserequest.py", line 198, in post
    result = await self._request_wrapper(
             ^^^^^^^^^^^^^^^^^^^^^^^^^^^^
    ...<7 lines>...
    )
    ^
  File "C:\Users\snrso\AppData\Local\Programs\Python\Python314\Lib\site-packages\telegram\request\_baserequest.py", line 375, in _request_wrapper
    raise exception
telegram.error.Conflict: Conflict: terminated by other getUpdates request; make sure that only one bot instance is running
2026-06-06 19:16:00,831 - httpx - INFO - HTTP Request: POST https://api.telegram.org/bot8838756490:AAE1CAsIDfhrFN31LzqwCXZ-3Lu-3tXYN0Y/getUpdates "HTTP/1.1 409 Conflict"
2026-06-06 19:16:00,833 - telegram.ext.Application - ERROR - No error handlers are registered, logging exception.
Traceback (most recent call last):
  File "C:\Users\snrso\AppData\Local\Programs\Python\Python314\Lib\site-packages\telegram\ext\_utils\networkloop.py", line 161, in network_retry_loop
    await do_action()
  File "C:\Users\snrso\AppData\Local\Programs\Python\Python314\Lib\site-packages\telegram\ext\_utils\networkloop.py", line 154, in do_action
    action_cb_task.result()
    ~~~~~~~~~~~~~~~~~~~~~^^
  File "C:\Users\snrso\AppData\Local\Programs\Python\Python314\Lib\site-packages\telegram\ext\_updater.py", line 340, in polling_action_cb
    updates = await self.bot.get_updates(
              ^^^^^^^^^^^^^^^^^^^^^^^^^^^
    ...<3 lines>...
    )
    ^
  File "C:\Users\snrso\AppData\Local\Programs\Python\Python314\Lib\site-packages\telegram\ext\_extbot.py", line 672, in get_updates
    updates = await super().get_updates(
              ^^^^^^^^^^^^^^^^^^^^^^^^^^
    ...<9 lines>...
    )
    ^
  File "C:\Users\snrso\AppData\Local\Programs\Python\Python314\Lib\site-packages\telegram\_bot.py", line 4865, in get_updates
    await self._post(
    ^^^^^^^^^^^^^^^^^
    ...<7 lines>...
    ),
    ^
  File "C:\Users\snrso\AppData\Local\Programs\Python\Python314\Lib\site-packages\telegram\_bot.py", line 704, in _post
    return await self._do_post(
           ^^^^^^^^^^^^^^^^^^^^
    ...<6 lines>...
    )
    ^
  File "C:\Users\snrso\AppData\Local\Programs\Python\Python314\Lib\site-packages\telegram\ext\_extbot.py", line 370, in _do_post
    return await super()._do_post(
           ^^^^^^^^^^^^^^^^^^^^^^^
    ...<6 lines>...
    )
    ^
  File "C:\Users\snrso\AppData\Local\Programs\Python\Python314\Lib\site-packages\telegram\_bot.py", line 733, in _do_post
    result = await request.post(
             ^^^^^^^^^^^^^^^^^^^
    ...<6 lines>...
    )
    ^
  File "C:\Users\snrso\AppData\Local\Programs\Python\Python314\Lib\site-packages\telegram\request\_baserequest.py", line 198, in post
    result = await self._request_wrapper(
             ^^^^^^^^^^^^^^^^^^^^^^^^^^^^
    ...<7 lines>...
    )
    ^
  File "C:\Users\snrso\AppData\Local\Programs\Python\Python314\Lib\site-packages\telegram\request\_baserequest.py", line 375, in _request_wrapper
    raise exception
telegram.error.Conflict: Conflict: terminated by other getUpdates request; make sure that only one bot instance is running
2026-06-06 19:16:07,832 - httpx - INFO - HTTP Request: POST https://api.telegram.org/bot8838756490:AAE1CAsIDfhrFN31LzqwCXZ-3Lu-3tXYN0Y/getUpdates "HTTP/1.1 200 OK"
2026-06-06 19:16:18,001 - httpx - INFO - HTTP Request: POST https://api.telegram.org/bot8838756490:AAE1CAsIDfhrFN31LzqwCXZ-3Lu-3tXYN0Y/getUpdates "HTTP/1.1 200 OK"
2026-06-06 19:16:28,165 - httpx - INFO - HTTP Request: POST https://api.telegram.org/bot8838756490:AAE1CAsIDfhrFN31LzqwCXZ-3Lu-3tXYN0Y/getUpdates "HTTP/1.1 200 OK"
2026-06-06 19:16:31,355 - httpx - INFO - HTTP Request: POST https://api.telegram.org/bot8838756490:AAE1CAsIDfhrFN31LzqwCXZ-3Lu-3tXYN0Y/getUpdates "HTTP/1.1 409 Conflict"
2026-06-06 19:16:31,356 - telegram.ext.Application - ERROR - No error handlers are registered, logging exception.
Traceback (most recent call last):
  File "C:\Users\snrso\AppData\Local\Programs\Python\Python314\Lib\site-packages\telegram\ext\_utils\networkloop.py", line 161, in network_retry_loop
    await do_action()
  File "C:\Users\snrso\AppData\Local\Programs\Python\Python314\Lib\site-packages\telegram\ext\_utils\networkloop.py", line 154, in do_action
    action_cb_task.result()
    ~~~~~~~~~~~~~~~~~~~~~^^
  File "C:\Users\snrso\AppData\Local\Programs\Python\Python314\Lib\site-packages\telegram\ext\_updater.py", line 340, in polling_action_cb
    updates = await self.bot.get_updates(
              ^^^^^^^^^^^^^^^^^^^^^^^^^^^
    ...<3 lines>...
    )
    ^
  File "C:\Users\snrso\AppData\Local\Programs\Python\Python314\Lib\site-packages\telegram\ext\_extbot.py", line 672, in get_updates
    updates = await super().get_updates(
              ^^^^^^^^^^^^^^^^^^^^^^^^^^
    ...<9 lines>...
    )
    ^
  File "C:\Users\snrso\AppData\Local\Programs\Python\Python314\Lib\site-packages\telegram\_bot.py", line 4865, in get_updates
    await self._post(
    ^^^^^^^^^^^^^^^^^
    ...<7 lines>...
    ),
    ^
  File "C:\Users\snrso\AppData\Local\Programs\Python\Python314\Lib\site-packages\telegram\_bot.py", line 704, in _post
    return await self._do_post(
           ^^^^^^^^^^^^^^^^^^^^
    ...<6 lines>...
    )
    ^
  File "C:\Users\snrso\AppData\Local\Programs\Python\Python314\Lib\site-packages\telegram\ext\_extbot.py", line 370, in _do_post
    return await super()._do_post(
           ^^^^^^^^^^^^^^^^^^^^^^^
    ...<6 lines>...
    )
    ^
  File "C:\Users\snrso\AppData\Local\Programs\Python\Python314\Lib\site-packages\telegram\_bot.py", line 733, in _do_post
    result = await request.post(
             ^^^^^^^^^^^^^^^^^^^
    ...<6 lines>...
    )
    ^
  File "C:\Users\snrso\AppData\Local\Programs\Python\Python314\Lib\site-packages\telegram\request\_baserequest.py", line 198, in post
    result = await self._request_wrapper(
             ^^^^^^^^^^^^^^^^^^^^^^^^^^^^
    ...<7 lines>...
    )
    ^
  File "C:\Users\snrso\AppData\Local\Programs\Python\Python314\Lib\site-packages\telegram\request\_baserequest.py", line 375, in _request_wrapper
    raise exception
telegram.error.Conflict: Conflict: terminated by other getUpdates request; make sure that only one bot instance is running
2026-06-06 19:16:35,522 - httpx - INFO - HTTP Request: POST https://api.telegram.org/bot8838756490:AAE1CAsIDfhrFN31LzqwCXZ-3Lu-3tXYN0Y/getUpdates "HTTP/1.1 409 Conflict"
2026-06-06 19:16:35,523 - telegram.ext.Application - ERROR - No error handlers are registered, logging exception.
Traceback (most recent call last):
  File "C:\Users\snrso\AppData\Local\Programs\Python\Python314\Lib\site-packages\telegram\ext\_utils\networkloop.py", line 161, in network_retry_loop
    await do_action()
  File "C:\Users\snrso\AppData\Local\Programs\Python\Python314\Lib\site-packages\telegram\ext\_utils\networkloop.py", line 154, in do_action
    action_cb_task.result()
    ~~~~~~~~~~~~~~~~~~~~~^^
  File "C:\Users\snrso\AppData\Local\Programs\Python\Python314\Lib\site-packages\telegram\ext\_updater.py", line 340, in polling_action_cb
    updates = await self.bot.get_updates(
              ^^^^^^^^^^^^^^^^^^^^^^^^^^^
    ...<3 lines>...
    )
    ^
  File "C:\Users\snrso\AppData\Local\Programs\Python\Python314\Lib\site-packages\telegram\ext\_extbot.py", line 672, in get_updates
    updates = await super().get_updates(
              ^^^^^^^^^^^^^^^^^^^^^^^^^^
    ...<9 lines>...
    )
    ^
  File "C:\Users\snrso\AppData\Local\Programs\Python\Python314\Lib\site-packages\telegram\_bot.py", line 4865, in get_updates
    await self._post(
    ^^^^^^^^^^^^^^^^^
    ...<7 lines>...
    ),
    ^
  File "C:\Users\snrso\AppData\Local\Programs\Python\Python314\Lib\site-packages\telegram\_bot.py", line 704, in _post
    return await self._do_post(
           ^^^^^^^^^^^^^^^^^^^^
    ...<6 lines>...
    )
    ^
  File "C:\Users\snrso\AppData\Local\Programs\Python\Python314\Lib\site-packages\telegram\ext\_extbot.py", line 370, in _do_post
    return await super()._do_post(
           ^^^^^^^^^^^^^^^^^^^^^^^
    ...<6 lines>...
    )
    ^
  File "C:\Users\snrso\AppData\Local\Programs\Python\Python314\Lib\site-packages\telegram\_bot.py", line 733, in _do_post
    result = await request.post(
             ^^^^^^^^^^^^^^^^^^^
    ...<6 lines>...
    )
    ^
  File "C:\Users\snrso\AppData\Local\Programs\Python\Python314\Lib\site-packages\telegram\request\_baserequest.py", line 198, in post
    result = await self._request_wrapper(
             ^^^^^^^^^^^^^^^^^^^^^^^^^^^^
    ...<7 lines>...
    )
    ^
  File "C:\Users\snrso\AppData\Local\Programs\Python\Python314\Lib\site-packages\telegram\request\_baserequest.py", line 375, in _request_wrapper
    raise exception
telegram.error.Conflict: Conflict: terminated by other getUpdates request; make sure that only one bot instance is running
2026-06-06 19:16:42,532 - httpx - INFO - HTTP Request: POST https://api.telegram.org/bot8838756490:AAE1CAsIDfhrFN31LzqwCXZ-3Lu-3tXYN0Y/getUpdates "HTTP/1.1 200 OK"
2026-06-06 19:16:52,700 - httpx - INFO - HTTP Request: POST https://api.telegram.org/bot8838756490:AAE1CAsIDfhrFN31LzqwCXZ-3Lu-3tXYN0Y/getUpdates "HTTP/1.1 200 OK"
2026-06-06 19:17:02,869 - httpx - INFO - HTTP Request: POST https://api.telegram.org/bot8838756490:AAE1CAsIDfhrFN31LzqwCXZ-3Lu-3tXYN0Y/getUpdates "HTTP/1.1 200 OK"
2026-06-06 19:17:06,037 - httpx - INFO - HTTP Request: POST https://api.telegram.org/bot8838756490:AAE1CAsIDfhrFN31LzqwCXZ-3Lu-3tXYN0Y/getUpdates "HTTP/1.1 409 Conflict"
2026-06-06 19:17:06,038 - telegram.ext.Application - ERROR - No error handlers are registered, logging exception.
Traceback (most recent call last):
  File "C:\Users\snrso\AppData\Local\Programs\Python\Python314\Lib\site-packages\telegram\ext\_utils\networkloop.py", line 161, in network_retry_loop
    await do_action()
  File "C:\Users\snrso\AppData\Local\Programs\Python\Python314\Lib\site-packages\telegram\ext\_utils\networkloop.py", line 154, in do_action
    action_cb_task.result()
    ~~~~~~~~~~~~~~~~~~~~~^^
  File "C:\Users\snrso\AppData\Local\Programs\Python\Python314\Lib\site-packages\telegram\ext\_updater.py", line 340, in polling_action_cb
    updates = await self.bot.get_updates(
              ^^^^^^^^^^^^^^^^^^^^^^^^^^^
    ...<3 lines>...
    )
    ^
  File "C:\Users\snrso\AppData\Local\Programs\Python\Python314\Lib\site-packages\telegram\ext\_extbot.py", line 672, in get_updates
    updates = await super().get_updates(
              ^^^^^^^^^^^^^^^^^^^^^^^^^^
    ...<9 lines>...
    )
    ^
  File "C:\Users\snrso\AppData\Local\Programs\Python\Python314\Lib\site-packages\telegram\_bot.py", line 4865, in get_updates
    await self._post(
    ^^^^^^^^^^^^^^^^^
    ...<7 lines>...
    ),
    ^
  File "C:\Users\snrso\AppData\Local\Programs\Python\Python314\Lib\site-packages\telegram\_bot.py", line 704, in _post
    return await self._do_post(
           ^^^^^^^^^^^^^^^^^^^^
    ...<6 lines>...
    )
    ^
  File "C:\Users\snrso\AppData\Local\Programs\Python\Python314\Lib\site-packages\telegram\ext\_extbot.py", line 370, in _do_post
    return await super()._do_post(
           ^^^^^^^^^^^^^^^^^^^^^^^
    ...<6 lines>...
    )
    ^
  File "C:\Users\snrso\AppData\Local\Programs\Python\Python314\Lib\site-packages\telegram\_bot.py", line 733, in _do_post
    result = await request.post(
             ^^^^^^^^^^^^^^^^^^^
    ...<6 lines>...
    )
    ^
  File "C:\Users\snrso\AppData\Local\Programs\Python\Python314\Lib\site-packages\telegram\request\_baserequest.py", line 198, in post
    result = await self._request_wrapper(
             ^^^^^^^^^^^^^^^^^^^^^^^^^^^^
    ...<7 lines>...
    )
    ^
  File "C:\Users\snrso\AppData\Local\Programs\Python\Python314\Lib\site-packages\telegram\request\_baserequest.py", line 375, in _request_wrapper
    raise exception
telegram.error.Conflict: Conflict: terminated by other getUpdates request; make sure that only one bot instance is running
2026-06-06 19:17:10,215 - httpx - INFO - HTTP Request: POST https://api.telegram.org/bot8838756490:AAE1CAsIDfhrFN31LzqwCXZ-3Lu-3tXYN0Y/getUpdates "HTTP/1.1 409 Conflict"
2026-06-06 19:17:10,217 - telegram.ext.Application - ERROR - No error handlers are registered, logging exception.
Traceback (most recent call last):
  File "C:\Users\snrso\AppData\Local\Programs\Python\Python314\Lib\site-packages\telegram\ext\_utils\networkloop.py", line 161, in network_retry_loop
    await do_action()
  File "C:\Users\snrso\AppData\Local\Programs\Python\Python314\Lib\site-packages\telegram\ext\_utils\networkloop.py", line 154, in do_action
    action_cb_task.result()
    ~~~~~~~~~~~~~~~~~~~~~^^
  File "C:\Users\snrso\AppData\Local\Programs\Python\Python314\Lib\site-packages\telegram\ext\_updater.py", line 340, in polling_action_cb
    updates = await self.bot.get_updates(
              ^^^^^^^^^^^^^^^^^^^^^^^^^^^
    ...<3 lines>...
    )
    ^
  File "C:\Users\snrso\AppData\Local\Programs\Python\Python314\Lib\site-packages\telegram\ext\_extbot.py", line 672, in get_updates
    updates = await super().get_updates(
              ^^^^^^^^^^^^^^^^^^^^^^^^^^
    ...<9 lines>...
    )
    ^
  File "C:\Users\snrso\AppData\Local\Programs\Python\Python314\Lib\site-packages\telegram\_bot.py", line 4865, in get_updates
    await self._post(
    ^^^^^^^^^^^^^^^^^
    ...<7 lines>...
    ),
    ^
  File "C:\Users\snrso\AppData\Local\Programs\Python\Python314\Lib\site-packages\telegram\_bot.py", line 704, in _post
    return await self._do_post(
           ^^^^^^^^^^^^^^^^^^^^
    ...<6 lines>...
    )
    ^
  File "C:\Users\snrso\AppData\Local\Programs\Python\Python314\Lib\site-packages\telegram\ext\_extbot.py", line 370, in _do_post
    return await super()._do_post(
           ^^^^^^^^^^^^^^^^^^^^^^^
    ...<6 lines>...
    )
    ^
  File "C:\Users\snrso\AppData\Local\Programs\Python\Python314\Lib\site-packages\telegram\_bot.py", line 733, in _do_post
    result = await request.post(
             ^^^^^^^^^^^^^^^^^^^
    ...<6 lines>...
    )
    ^
  File "C:\Users\snrso\AppData\Local\Programs\Python\Python314\Lib\site-packages\telegram\request\_baserequest.py", line 198, in post
    result = await self._request_wrapper(
             ^^^^^^^^^^^^^^^^^^^^^^^^^^^^
    ...<7 lines>...
    )
    ^
  File "C:\Users\snrso\AppData\Local\Programs\Python\Python314\Lib\site-packages\telegram\request\_baserequest.py", line 375, in _request_wrapper
    raise exception
telegram.error.Conflict: Conflict: terminated by other getUpdates request; make sure that only one bot instance is running
2026-06-06 19:17:17,216 - httpx - INFO - HTTP Request: POST https://api.telegram.org/bot8838756490:AAE1CAsIDfhrFN31LzqwCXZ-3Lu-3tXYN0Y/getUpdates "HTTP/1.1 200 OK"
2026-06-06 19:17:27,388 - httpx - INFO - HTTP Request: POST https://api.telegram.org/bot8838756490:AAE1CAsIDfhrFN31LzqwCXZ-3Lu-3tXYN0Y/getUpdates "HTTP/1.1 200 OK"
2026-06-06 19:17:37,564 - httpx - INFO - HTTP Request: POST https://api.telegram.org/bot8838756490:AAE1CAsIDfhrFN31LzqwCXZ-3Lu-3tXYN0Y/getUpdates "HTTP/1.1 200 OK"
2026-06-06 19:17:40,727 - httpx - INFO - HTTP Request: POST https://api.telegram.org/bot8838756490:AAE1CAsIDfhrFN31LzqwCXZ-3Lu-3tXYN0Y/getUpdates "HTTP/1.1 409 Conflict"
2026-06-06 19:17:40,729 - telegram.ext.Application - ERROR - No error handlers are registered, logging exception.
Traceback (most recent call last):
  File "C:\Users\snrso\AppData\Local\Programs\Python\Python314\Lib\site-packages\telegram\ext\_utils\networkloop.py", line 161, in network_retry_loop
    await do_action()
  File "C:\Users\snrso\AppData\Local\Programs\Python\Python314\Lib\site-packages\telegram\ext\_utils\networkloop.py", line 154, in do_action
    action_cb_task.result()
    ~~~~~~~~~~~~~~~~~~~~~^^
  File "C:\Users\snrso\AppData\Local\Programs\Python\Python314\Lib\site-packages\telegram\ext\_updater.py", line 340, in polling_action_cb
    updates = await self.bot.get_updates(
              ^^^^^^^^^^^^^^^^^^^^^^^^^^^
    ...<3 lines>...
    )
    ^
  File "C:\Users\snrso\AppData\Local\Programs\Python\Python314\Lib\site-packages\telegram\ext\_extbot.py", line 672, in get_updates
    updates = await super().get_updates(
              ^^^^^^^^^^^^^^^^^^^^^^^^^^
    ...<9 lines>...
    )
    ^
  File "C:\Users\snrso\AppData\Local\Programs\Python\Python314\Lib\site-packages\telegram\_bot.py", line 4865, in get_updates
    await self._post(
    ^^^^^^^^^^^^^^^^^
    ...<7 lines>...
    ),
    ^
  File "C:\Users\snrso\AppData\Local\Programs\Python\Python314\Lib\site-packages\telegram\_bot.py", line 704, in _post
    return await self._do_post(
           ^^^^^^^^^^^^^^^^^^^^
    ...<6 lines>...
    )
    ^
  File "C:\Users\snrso\AppData\Local\Programs\Python\Python314\Lib\site-packages\telegram\ext\_extbot.py", line 370, in _do_post
    return await super()._do_post(
           ^^^^^^^^^^^^^^^^^^^^^^^
    ...<6 lines>...
    )
    ^
  File "C:\Users\snrso\AppData\Local\Programs\Python\Python314\Lib\site-packages\telegram\_bot.py", line 733, in _do_post
    result = await request.post(
             ^^^^^^^^^^^^^^^^^^^
    ...<6 lines>...
    )
    ^
  File "C:\Users\snrso\AppData\Local\Programs\Python\Python314\Lib\site-packages\telegram\request\_baserequest.py", line 198, in post
    result = await self._request_wrapper(
             ^^^^^^^^^^^^^^^^^^^^^^^^^^^^
    ...<7 lines>...
    )
    ^
  File "C:\Users\snrso\AppData\Local\Programs\Python\Python314\Lib\site-packages\telegram\request\_baserequest.py", line 375, in _request_wrapper
    raise exception
telegram.error.Conflict: Conflict: terminated by other getUpdates request; make sure that only one bot instance is running
2026-06-06 19:17:44,901 - httpx - INFO - HTTP Request: POST https://api.telegram.org/bot8838756490:AAE1CAsIDfhrFN31LzqwCXZ-3Lu-3tXYN0Y/getUpdates "HTTP/1.1 409 Conflict"
2026-06-06 19:17:44,903 - telegram.ext.Application - ERROR - No error handlers are registered, logging exception.
Traceback (most recent call last):
  File "C:\Users\snrso\AppData\Local\Programs\Python\Python314\Lib\site-packages\telegram\ext\_utils\networkloop.py", line 161, in network_retry_loop
    await do_action()
  File "C:\Users\snrso\AppData\Local\Programs\Python\Python314\Lib\site-packages\telegram\ext\_utils\networkloop.py", line 154, in do_action
    action_cb_task.result()
    ~~~~~~~~~~~~~~~~~~~~~^^
  File "C:\Users\snrso\AppData\Local\Programs\Python\Python314\Lib\site-packages\telegram\ext\_updater.py", line 340, in polling_action_cb
    updates = await self.bot.get_updates(
              ^^^^^^^^^^^^^^^^^^^^^^^^^^^
    ...<3 lines>...
    )
    ^
  File "C:\Users\snrso\AppData\Local\Programs\Python\Python314\Lib\site-packages\telegram\ext\_extbot.py", line 672, in get_updates
    updates = await super().get_updates(
              ^^^^^^^^^^^^^^^^^^^^^^^^^^
    ...<9 lines>...
    )
    ^
  File "C:\Users\snrso\AppData\Local\Programs\Python\Python314\Lib\site-packages\telegram\_bot.py", line 4865, in get_updates
    await self._post(
    ^^^^^^^^^^^^^^^^^
    ...<7 lines>...
    ),
    ^
  File "C:\Users\snrso\AppData\Local\Programs\Python\Python314\Lib\site-packages\telegram\_bot.py", line 704, in _post
    return await self._do_post(
           ^^^^^^^^^^^^^^^^^^^^
    ...<6 lines>...
    )
    ^
  File "C:\Users\snrso\AppData\Local\Programs\Python\Python314\Lib\site-packages\telegram\ext\_extbot.py", line 370, in _do_post
    return await super()._do_post(
           ^^^^^^^^^^^^^^^^^^^^^^^
    ...<6 lines>...
    )
    ^
  File "C:\Users\snrso\AppData\Local\Programs\Python\Python314\Lib\site-packages\telegram\_bot.py", line 733, in _do_post
    result = await request.post(
             ^^^^^^^^^^^^^^^^^^^
    ...<6 lines>...
    )
    ^
  File "C:\Users\snrso\AppData\Local\Programs\Python\Python314\Lib\site-packages\telegram\request\_baserequest.py", line 198, in post
    result = await self._request_wrapper(
             ^^^^^^^^^^^^^^^^^^^^^^^^^^^^
    ...<7 lines>...
    )
    ^
  File "C:\Users\snrso\AppData\Local\Programs\Python\Python314\Lib\site-packages\telegram\request\_baserequest.py", line 375, in _request_wrapper
    raise exception
telegram.error.Conflict: Conflict: terminated by other getUpdates request; make sure that only one bot instance is running
2026-06-06 19:17:51,907 - httpx - INFO - HTTP Request: POST https://api.telegram.org/bot8838756490:AAE1CAsIDfhrFN31LzqwCXZ-3Lu-3tXYN0Y/getUpdates "HTTP/1.1 200 OK"
2026-06-06 19:18:02,071 - httpx - INFO - HTTP Request: POST https://api.telegram.org/bot8838756490:AAE1CAsIDfhrFN31LzqwCXZ-3Lu-3tXYN0Y/getUpdates "HTTP/1.1 200 OK"
2026-06-06 19:18:12,238 - httpx - INFO - HTTP Request: POST https://api.telegram.org/bot8838756490:AAE1CAsIDfhrFN31LzqwCXZ-3Lu-3tXYN0Y/getUpdates "HTTP/1.1 200 OK"
2026-06-06 19:18:15,470 - httpx - INFO - HTTP Request: POST https://api.telegram.org/bot8838756490:AAE1CAsIDfhrFN31LzqwCXZ-3Lu-3tXYN0Y/getUpdates "HTTP/1.1 409 Conflict"
2026-06-06 19:18:15,472 - telegram.ext.Application - ERROR - No error handlers are registered, logging exception.
Traceback (most recent call last):
  File "C:\Users\snrso\AppData\Local\Programs\Python\Python314\Lib\site-packages\telegram\ext\_utils\networkloop.py", line 161, in network_retry_loop
    await do_action()
  File "C:\Users\snrso\AppData\Local\Programs\Python\Python314\Lib\site-packages\telegram\ext\_utils\networkloop.py", line 154, in do_action
    action_cb_task.result()
    ~~~~~~~~~~~~~~~~~~~~~^^
  File "C:\Users\snrso\AppData\Local\Programs\Python\Python314\Lib\site-packages\telegram\ext\_updater.py", line 340, in polling_action_cb
    updates = await self.bot.get_updates(
              ^^^^^^^^^^^^^^^^^^^^^^^^^^^
    ...<3 lines>...
    )
    ^
  File "C:\Users\snrso\AppData\Local\Programs\Python\Python314\Lib\site-packages\telegram\ext\_extbot.py", line 672, in get_updates
    updates = await super().get_updates(
              ^^^^^^^^^^^^^^^^^^^^^^^^^^
    ...<9 lines>...
    )
    ^
  File "C:\Users\snrso\AppData\Local\Programs\Python\Python314\Lib\site-packages\telegram\_bot.py", line 4865, in get_updates
    await self._post(
    ^^^^^^^^^^^^^^^^^
    ...<7 lines>...
    ),
    ^
  File "C:\Users\snrso\AppData\Local\Programs\Python\Python314\Lib\site-packages\telegram\_bot.py", line 704, in _post
    return await self._do_post(
           ^^^^^^^^^^^^^^^^^^^^
    ...<6 lines>...
    )
    ^
  File "C:\Users\snrso\AppData\Local\Programs\Python\Python314\Lib\site-packages\telegram\ext\_extbot.py", line 370, in _do_post
    return await super()._do_post(
           ^^^^^^^^^^^^^^^^^^^^^^^
    ...<6 lines>...
    )
    ^
  File "C:\Users\snrso\AppData\Local\Programs\Python\Python314\Lib\site-packages\telegram\_bot.py", line 733, in _do_post
    result = await request.post(
             ^^^^^^^^^^^^^^^^^^^
    ...<6 lines>...
    )
    ^
  File "C:\Users\snrso\AppData\Local\Programs\Python\Python314\Lib\site-packages\telegram\request\_baserequest.py", line 198, in post
    result = await self._request_wrapper(
             ^^^^^^^^^^^^^^^^^^^^^^^^^^^^
    ...<7 lines>...
    )
    ^
  File "C:\Users\snrso\AppData\Local\Programs\Python\Python314\Lib\site-packages\telegram\request\_baserequest.py", line 375, in _request_wrapper
    raise exception
telegram.error.Conflict: Conflict: terminated by other getUpdates request; make sure that only one bot instance is running
2026-06-06 19:18:19,642 - httpx - INFO - HTTP Request: POST https://api.telegram.org/bot8838756490:AAE1CAsIDfhrFN31LzqwCXZ-3Lu-3tXYN0Y/getUpdates "HTTP/1.1 409 Conflict"
2026-06-06 19:18:19,643 - telegram.ext.Application - ERROR - No error handlers are registered, logging exception.
Traceback (most recent call last):
  File "C:\Users\snrso\AppData\Local\Programs\Python\Python314\Lib\site-packages\telegram\ext\_utils\networkloop.py", line 161, in network_retry_loop
    await do_action()
  File "C:\Users\snrso\AppData\Local\Programs\Python\Python314\Lib\site-packages\telegram\ext\_utils\networkloop.py", line 154, in do_action
    action_cb_task.result()
    ~~~~~~~~~~~~~~~~~~~~~^^
  File "C:\Users\snrso\AppData\Local\Programs\Python\Python314\Lib\site-packages\telegram\ext\_updater.py", line 340, in polling_action_cb
    updates = await self.bot.get_updates(
              ^^^^^^^^^^^^^^^^^^^^^^^^^^^
    ...<3 lines>...
    )
    ^
  File "C:\Users\snrso\AppData\Local\Programs\Python\Python314\Lib\site-packages\telegram\ext\_extbot.py", line 672, in get_updates
    updates = await super().get_updates(
              ^^^^^^^^^^^^^^^^^^^^^^^^^^
    ...<9 lines>...
    )
    ^
  File "C:\Users\snrso\AppData\Local\Programs\Python\Python314\Lib\site-packages\telegram\_bot.py", line 4865, in get_updates
    await self._post(
    ^^^^^^^^^^^^^^^^^
    ...<7 lines>...
    ),
    ^
  File "C:\Users\snrso\AppData\Local\Programs\Python\Python314\Lib\site-packages\telegram\_bot.py", line 704, in _post
    return await self._do_post(
           ^^^^^^^^^^^^^^^^^^^^
    ...<6 lines>...
    )
    ^
  File "C:\Users\snrso\AppData\Local\Programs\Python\Python314\Lib\site-packages\telegram\ext\_extbot.py", line 370, in _do_post
    return await super()._do_post(
           ^^^^^^^^^^^^^^^^^^^^^^^
    ...<6 lines>...
    )
    ^
  File "C:\Users\snrso\AppData\Local\Programs\Python\Python314\Lib\site-packages\telegram\_bot.py", line 733, in _do_post
    result = await request.post(
             ^^^^^^^^^^^^^^^^^^^
    ...<6 lines>...
    )
    ^
  File "C:\Users\snrso\AppData\Local\Programs\Python\Python314\Lib\site-packages\telegram\request\_baserequest.py", line 198, in post
    result = await self._request_wrapper(
             ^^^^^^^^^^^^^^^^^^^^^^^^^^^^
    ...<7 lines>...
    )
    ^
  File "C:\Users\snrso\AppData\Local\Programs\Python\Python314\Lib\site-packages\telegram\request\_baserequest.py", line 375, in _request_wrapper
    raise exception
telegram.error.Conflict: Conflict: terminated by other getUpdates request; make sure that only one bot instance is running
2026-06-06 19:18:26,646 - httpx - INFO - HTTP Request: POST https://api.telegram.org/bot8838756490:AAE1CAsIDfhrFN31LzqwCXZ-3Lu-3tXYN0Y/getUpdates "HTTP/1.1 200 OK"
2026-06-06 19:18:36,811 - httpx - INFO - HTTP Request: POST https://api.telegram.org/bot8838756490:AAE1CAsIDfhrFN31LzqwCXZ-3Lu-3tXYN0Y/getUpdates "HTTP/1.1 200 OK"
2026-06-06 19:18:46,989 - httpx - INFO - HTTP Request: POST https://api.telegram.org/bot8838756490:AAE1CAsIDfhrFN31LzqwCXZ-3Lu-3tXYN0Y/getUpdates "HTTP/1.1 200 OK"
2026-06-06 19:18:50,535 - httpx - INFO - HTTP Request: POST https://api.telegram.org/bot8838756490:AAE1CAsIDfhrFN31LzqwCXZ-3Lu-3tXYN0Y/getUpdates "HTTP/1.1 409 Conflict"
2026-06-06 19:18:50,536 - telegram.ext.Application - ERROR - No error handlers are registered, logging exception.
Traceback (most recent call last):
  File "C:\Users\snrso\AppData\Local\Programs\Python\Python314\Lib\site-packages\telegram\ext\_utils\networkloop.py", line 161, in network_retry_loop
    await do_action()
  File "C:\Users\snrso\AppData\Local\Programs\Python\Python314\Lib\site-packages\telegram\ext\_utils\networkloop.py", line 154, in do_action
    action_cb_task.result()
    ~~~~~~~~~~~~~~~~~~~~~^^
  File "C:\Users\snrso\AppData\Local\Programs\Python\Python314\Lib\site-packages\telegram\ext\_updater.py", line 340, in polling_action_cb
    updates = await self.bot.get_updates(
              ^^^^^^^^^^^^^^^^^^^^^^^^^^^
    ...<3 lines>...
    )
    ^
  File "C:\Users\snrso\AppData\Local\Programs\Python\Python314\Lib\site-packages\telegram\ext\_extbot.py", line 672, in get_updates
    updates = await super().get_updates(
              ^^^^^^^^^^^^^^^^^^^^^^^^^^
    ...<9 lines>...
    )
    ^
  File "C:\Users\snrso\AppData\Local\Programs\Python\Python314\Lib\site-packages\telegram\_bot.py", line 4865, in get_updates
    await self._post(
    ^^^^^^^^^^^^^^^^^
    ...<7 lines>...
    ),
    ^
  File "C:\Users\snrso\AppData\Local\Programs\Python\Python314\Lib\site-packages\telegram\_bot.py", line 704, in _post
    return await self._do_post(
           ^^^^^^^^^^^^^^^^^^^^
    ...<6 lines>...
    )
    ^
  File "C:\Users\snrso\AppData\Local\Programs\Python\Python314\Lib\site-packages\telegram\ext\_extbot.py", line 370, in _do_post
    return await super()._do_post(
           ^^^^^^^^^^^^^^^^^^^^^^^
    ...<6 lines>...
    )
    ^
  File "C:\Users\snrso\AppData\Local\Programs\Python\Python314\Lib\site-packages\telegram\_bot.py", line 733, in _do_post
    result = await request.post(
             ^^^^^^^^^^^^^^^^^^^
    ...<6 lines>...
    )
    ^
  File "C:\Users\snrso\AppData\Local\Programs\Python\Python314\Lib\site-packages\telegram\request\_baserequest.py", line 198, in post
    result = await self._request_wrapper(
             ^^^^^^^^^^^^^^^^^^^^^^^^^^^^
    ...<7 lines>...
    )
    ^
  File "C:\Users\snrso\AppData\Local\Programs\Python\Python314\Lib\site-packages\telegram\request\_baserequest.py", line 375, in _request_wrapper
    raise exception
telegram.error.Conflict: Conflict: terminated by other getUpdates request; make sure that only one bot instance is running
2026-06-06 19:18:54,708 - httpx - INFO - HTTP Request: POST https://api.telegram.org/bot8838756490:AAE1CAsIDfhrFN31LzqwCXZ-3Lu-3tXYN0Y/getUpdates "HTTP/1.1 409 Conflict"
2026-06-06 19:18:54,709 - telegram.ext.Application - ERROR - No error handlers are registered, logging exception.
Traceback (most recent call last):
  File "C:\Users\snrso\AppData\Local\Programs\Python\Python314\Lib\site-packages\telegram\ext\_utils\networkloop.py", line 161, in network_retry_loop
    await do_action()
  File "C:\Users\snrso\AppData\Local\Programs\Python\Python314\Lib\site-packages\telegram\ext\_utils\networkloop.py", line 154, in do_action
    action_cb_task.result()
    ~~~~~~~~~~~~~~~~~~~~~^^
  File "C:\Users\snrso\AppData\Local\Programs\Python\Python314\Lib\site-packages\telegram\ext\_updater.py", line 340, in polling_action_cb
    updates = await self.bot.get_updates(
              ^^^^^^^^^^^^^^^^^^^^^^^^^^^
    ...<3 lines>...
    )
    ^
  File "C:\Users\snrso\AppData\Local\Programs\Python\Python314\Lib\site-packages\telegram\ext\_extbot.py", line 672, in get_updates
    updates = await super().get_updates(
              ^^^^^^^^^^^^^^^^^^^^^^^^^^
    ...<9 lines>...
    )
    ^
  File "C:\Users\snrso\AppData\Local\Programs\Python\Python314\Lib\site-packages\telegram\_bot.py", line 4865, in get_updates
    await self._post(
    ^^^^^^^^^^^^^^^^^
    ...<7 lines>...
    ),
    ^
  File "C:\Users\snrso\AppData\Local\Programs\Python\Python314\Lib\site-packages\telegram\_bot.py", line 704, in _post
    return await self._do_post(
           ^^^^^^^^^^^^^^^^^^^^
    ...<6 lines>...
    )
    ^
  File "C:\Users\snrso\AppData\Local\Programs\Python\Python314\Lib\site-packages\telegram\ext\_extbot.py", line 370, in _do_post
    return await super()._do_post(
           ^^^^^^^^^^^^^^^^^^^^^^^
    ...<6 lines>...
    )
    ^
  File "C:\Users\snrso\AppData\Local\Programs\Python\Python314\Lib\site-packages\telegram\_bot.py", line 733, in _do_post
    result = await request.post(
             ^^^^^^^^^^^^^^^^^^^
    ...<6 lines>...
    )
    ^
  File "C:\Users\snrso\AppData\Local\Programs\Python\Python314\Lib\site-packages\telegram\request\_baserequest.py", line 198, in post
    result = await self._request_wrapper(
             ^^^^^^^^^^^^^^^^^^^^^^^^^^^^
    ...<7 lines>...
    )
    ^
  File "C:\Users\snrso\AppData\Local\Programs\Python\Python314\Lib\site-packages\telegram\request\_baserequest.py", line 375, in _request_wrapper
    raise exception
telegram.error.Conflict: Conflict: terminated by other getUpdates request; make sure that only one bot instance is running
2026-06-06 19:19:01,716 - httpx - INFO - HTTP Request: POST https://api.telegram.org/bot8838756490:AAE1CAsIDfhrFN31LzqwCXZ-3Lu-3tXYN0Y/getUpdates "HTTP/1.1 200 OK"
2026-06-06 19:19:11,900 - httpx - INFO - HTTP Request: POST https://api.telegram.org/bot8838756490:AAE1CAsIDfhrFN31LzqwCXZ-3Lu-3tXYN0Y/getUpdates "HTTP/1.1 200 OK"
2026-06-06 19:19:22,062 - httpx - INFO - HTTP Request: POST https://api.telegram.org/bot8838756490:AAE1CAsIDfhrFN31LzqwCXZ-3Lu-3tXYN0Y/getUpdates "HTTP/1.1 200 OK"
2026-06-06 19:19:25,271 - httpx - INFO - HTTP Request: POST https://api.telegram.org/bot8838756490:AAE1CAsIDfhrFN31LzqwCXZ-3Lu-3tXYN0Y/getUpdates "HTTP/1.1 409 Conflict"
2026-06-06 19:19:25,272 - telegram.ext.Application - ERROR - No error handlers are registered, logging exception.
Traceback (most recent call last):
  File "C:\Users\snrso\AppData\Local\Programs\Python\Python314\Lib\site-packages\telegram\ext\_utils\networkloop.py", line 161, in network_retry_loop
    await do_action()
  File "C:\Users\snrso\AppData\Local\Programs\Python\Python314\Lib\site-packages\telegram\ext\_utils\networkloop.py", line 154, in do_action
    action_cb_task.result()
    ~~~~~~~~~~~~~~~~~~~~~^^
  File "C:\Users\snrso\AppData\Local\Programs\Python\Python314\Lib\site-packages\telegram\ext\_updater.py", line 340, in polling_action_cb
    updates = await self.bot.get_updates(
              ^^^^^^^^^^^^^^^^^^^^^^^^^^^
    ...<3 lines>...
    )
    ^
  File "C:\Users\snrso\AppData\Local\Programs\Python\Python314\Lib\site-packages\telegram\ext\_extbot.py", line 672, in get_updates
    updates = await super().get_updates(
              ^^^^^^^^^^^^^^^^^^^^^^^^^^
    ...<9 lines>...
    )
    ^
  File "C:\Users\snrso\AppData\Local\Programs\Python\Python314\Lib\site-packages\telegram\_bot.py", line 4865, in get_updates
    await self._post(
    ^^^^^^^^^^^^^^^^^
    ...<7 lines>...
    ),
    ^
  File "C:\Users\snrso\AppData\Local\Programs\Python\Python314\Lib\site-packages\telegram\_bot.py", line 704, in _post
    return await self._do_post(
           ^^^^^^^^^^^^^^^^^^^^
    ...<6 lines>...
    )
    ^
  File "C:\Users\snrso\AppData\Local\Programs\Python\Python314\Lib\site-packages\telegram\ext\_extbot.py", line 370, in _do_post
    return await super()._do_post(
           ^^^^^^^^^^^^^^^^^^^^^^^
    ...<6 lines>...
    )
    ^
  File "C:\Users\snrso\AppData\Local\Programs\Python\Python314\Lib\site-packages\telegram\_bot.py", line 733, in _do_post
    result = await request.post(
             ^^^^^^^^^^^^^^^^^^^
    ...<6 lines>...
    )
    ^
  File "C:\Users\snrso\AppData\Local\Programs\Python\Python314\Lib\site-packages\telegram\request\_baserequest.py", line 198, in post
    result = await self._request_wrapper(
             ^^^^^^^^^^^^^^^^^^^^^^^^^^^^
    ...<7 lines>...
    )
    ^
  File "C:\Users\snrso\AppData\Local\Programs\Python\Python314\Lib\site-packages\telegram\request\_baserequest.py", line 375, in _request_wrapper
    raise exception
telegram.error.Conflict: Conflict: terminated by other getUpdates request; make sure that only one bot instance is running
2026-06-06 19:19:29,454 - httpx - INFO - HTTP Request: POST https://api.telegram.org/bot8838756490:AAE1CAsIDfhrFN31LzqwCXZ-3Lu-3tXYN0Y/getUpdates "HTTP/1.1 409 Conflict"
2026-06-06 19:19:29,455 - telegram.ext.Application - ERROR - No error handlers are registered, logging exception.
Traceback (most recent call last):
  File "C:\Users\snrso\AppData\Local\Programs\Python\Python314\Lib\site-packages\telegram\ext\_utils\networkloop.py", line 161, in network_retry_loop
    await do_action()
  File "C:\Users\snrso\AppData\Local\Programs\Python\Python314\Lib\site-packages\telegram\ext\_utils\networkloop.py", line 154, in do_action
    action_cb_task.result()
    ~~~~~~~~~~~~~~~~~~~~~^^
  File "C:\Users\snrso\AppData\Local\Programs\Python\Python314\Lib\site-packages\telegram\ext\_updater.py", line 340, in polling_action_cb
    updates = await self.bot.get_updates(
              ^^^^^^^^^^^^^^^^^^^^^^^^^^^
    ...<3 lines>...
    )
    ^
  File "C:\Users\snrso\AppData\Local\Programs\Python\Python314\Lib\site-packages\telegram\ext\_extbot.py", line 672, in get_updates
    updates = await super().get_updates(
              ^^^^^^^^^^^^^^^^^^^^^^^^^^
    ...<9 lines>...
    )
    ^
  File "C:\Users\snrso\AppData\Local\Programs\Python\Python314\Lib\site-packages\telegram\_bot.py", line 4865, in get_updates
    await self._post(
    ^^^^^^^^^^^^^^^^^
    ...<7 lines>...
    ),
    ^
  File "C:\Users\snrso\AppData\Local\Programs\Python\Python314\Lib\site-packages\telegram\_bot.py", line 704, in _post
    return await self._do_post(
           ^^^^^^^^^^^^^^^^^^^^
    ...<6 lines>...
    )
    ^
  File "C:\Users\snrso\AppData\Local\Programs\Python\Python314\Lib\site-packages\telegram\ext\_extbot.py", line 370, in _do_post
    return await super()._do_post(
           ^^^^^^^^^^^^^^^^^^^^^^^
    ...<6 lines>...
    )
    ^
  File "C:\Users\snrso\AppData\Local\Programs\Python\Python314\Lib\site-packages\telegram\_bot.py", line 733, in _do_post
    result = await request.post(
             ^^^^^^^^^^^^^^^^^^^
    ...<6 lines>...
    )
    ^
  File "C:\Users\snrso\AppData\Local\Programs\Python\Python314\Lib\site-packages\telegram\request\_baserequest.py", line 198, in post
    result = await self._request_wrapper(
             ^^^^^^^^^^^^^^^^^^^^^^^^^^^^
    ...<7 lines>...
    )
    ^
  File "C:\Users\snrso\AppData\Local\Programs\Python\Python314\Lib\site-packages\telegram\request\_baserequest.py", line 375, in _request_wrapper
    raise exception
telegram.error.Conflict: Conflict: terminated by other getUpdates request; make sure that only one bot instance is running
2026-06-06 19:19:36,453 - httpx - INFO - HTTP Request: POST https://api.telegram.org/bot8838756490:AAE1CAsIDfhrFN31LzqwCXZ-3Lu-3tXYN0Y/getUpdates "HTTP/1.1 200 OK"
2026-06-06 19:19:46,647 - httpx - INFO - HTTP Request: POST https://api.telegram.org/bot8838756490:AAE1CAsIDfhrFN31LzqwCXZ-3Lu-3tXYN0Y/getUpdates "HTTP/1.1 200 OK"
2026-06-06 19:19:56,810 - httpx - INFO - HTTP Request: POST https://api.telegram.org/bot8838756490:AAE1CAsIDfhrFN31LzqwCXZ-3Lu-3tXYN0Y/getUpdates "HTTP/1.1 200 OK"
2026-06-06 19:19:59,980 - httpx - INFO - HTTP Request: POST https://api.telegram.org/bot8838756490:AAE1CAsIDfhrFN31LzqwCXZ-3Lu-3tXYN0Y/getUpdates "HTTP/1.1 409 Conflict"
2026-06-06 19:19:59,981 - telegram.ext.Application - ERROR - No error handlers are registered, logging exception.
Traceback (most recent call last):
  File "C:\Users\snrso\AppData\Local\Programs\Python\Python314\Lib\site-packages\telegram\ext\_utils\networkloop.py", line 161, in network_retry_loop
    await do_action()
  File "C:\Users\snrso\AppData\Local\Programs\Python\Python314\Lib\site-packages\telegram\ext\_utils\networkloop.py", line 154, in do_action
    action_cb_task.result()
    ~~~~~~~~~~~~~~~~~~~~~^^
  File "C:\Users\snrso\AppData\Local\Programs\Python\Python314\Lib\site-packages\telegram\ext\_updater.py", line 340, in polling_action_cb
    updates = await self.bot.get_updates(
              ^^^^^^^^^^^^^^^^^^^^^^^^^^^
    ...<3 lines>...
    )
    ^
  File "C:\Users\snrso\AppData\Local\Programs\Python\Python314\Lib\site-packages\telegram\ext\_extbot.py", line 672, in get_updates
    updates = await super().get_updates(
              ^^^^^^^^^^^^^^^^^^^^^^^^^^
    ...<9 lines>...
    )
    ^
  File "C:\Users\snrso\AppData\Local\Programs\Python\Python314\Lib\site-packages\telegram\_bot.py", line 4865, in get_updates
    await self._post(
    ^^^^^^^^^^^^^^^^^
    ...<7 lines>...
    ),
    ^
  File "C:\Users\snrso\AppData\Local\Programs\Python\Python314\Lib\site-packages\telegram\_bot.py", line 704, in _post
    return await self._do_post(
           ^^^^^^^^^^^^^^^^^^^^
    ...<6 lines>...
    )
    ^
  File "C:\Users\snrso\AppData\Local\Programs\Python\Python314\Lib\site-packages\telegram\ext\_extbot.py", line 370, in _do_post
    return await super()._do_post(
           ^^^^^^^^^^^^^^^^^^^^^^^
    ...<6 lines>...
    )
    ^
  File "C:\Users\snrso\AppData\Local\Programs\Python\Python314\Lib\site-packages\telegram\_bot.py", line 733, in _do_post
    result = await request.post(
             ^^^^^^^^^^^^^^^^^^^
    ...<6 lines>...
    )
    ^
  File "C:\Users\snrso\AppData\Local\Programs\Python\Python314\Lib\site-packages\telegram\request\_baserequest.py", line 198, in post
    result = await self._request_wrapper(
             ^^^^^^^^^^^^^^^^^^^^^^^^^^^^
    ...<7 lines>...
    )
    ^
  File "C:\Users\snrso\AppData\Local\Programs\Python\Python314\Lib\site-packages\telegram\request\_baserequest.py", line 375, in _request_wrapper
    raise exception
telegram.error.Conflict: Conflict: terminated by other getUpdates request; make sure that only one bot instance is running
2026-06-06 19:20:04,161 - httpx - INFO - HTTP Request: POST https://api.telegram.org/bot8838756490:AAE1CAsIDfhrFN31LzqwCXZ-3Lu-3tXYN0Y/getUpdates "HTTP/1.1 409 Conflict"
2026-06-06 19:20:04,163 - telegram.ext.Application - ERROR - No error handlers are registered, logging exception.
Traceback (most recent call last):
  File "C:\Users\snrso\AppData\Local\Programs\Python\Python314\Lib\site-packages\telegram\ext\_utils\networkloop.py", line 161, in network_retry_loop
    await do_action()
  File "C:\Users\snrso\AppData\Local\Programs\Python\Python314\Lib\site-packages\telegram\ext\_utils\networkloop.py", line 154, in do_action
    action_cb_task.result()
    ~~~~~~~~~~~~~~~~~~~~~^^
  File "C:\Users\snrso\AppData\Local\Programs\Python\Python314\Lib\site-packages\telegram\ext\_updater.py", line 340, in polling_action_cb
    updates = await self.bot.get_updates(
              ^^^^^^^^^^^^^^^^^^^^^^^^^^^
    ...<3 lines>...
    )
    ^
  File "C:\Users\snrso\AppData\Local\Programs\Python\Python314\Lib\site-packages\telegram\ext\_extbot.py", line 672, in get_updates
    updates = await super().get_updates(
              ^^^^^^^^^^^^^^^^^^^^^^^^^^
    ...<9 lines>...
    )
    ^
  File "C:\Users\snrso\AppData\Local\Programs\Python\Python314\Lib\site-packages\telegram\_bot.py", line 4865, in get_updates
    await self._post(
    ^^^^^^^^^^^^^^^^^
    ...<7 lines>...
    ),
    ^
  File "C:\Users\snrso\AppData\Local\Programs\Python\Python314\Lib\site-packages\telegram\_bot.py", line 704, in _post
    return await self._do_post(
           ^^^^^^^^^^^^^^^^^^^^
    ...<6 lines>...
    )
    ^
  File "C:\Users\snrso\AppData\Local\Programs\Python\Python314\Lib\site-packages\telegram\ext\_extbot.py", line 370, in _do_post
    return await super()._do_post(
           ^^^^^^^^^^^^^^^^^^^^^^^
    ...<6 lines>...
    )
    ^
  File "C:\Users\snrso\AppData\Local\Programs\Python\Python314\Lib\site-packages\telegram\_bot.py", line 733, in _do_post
    result = await request.post(
             ^^^^^^^^^^^^^^^^^^^
    ...<6 lines>...
    )
    ^
  File "C:\Users\snrso\AppData\Local\Programs\Python\Python314\Lib\site-packages\telegram\request\_baserequest.py", line 198, in post
    result = await self._request_wrapper(
             ^^^^^^^^^^^^^^^^^^^^^^^^^^^^
    ...<7 lines>...
    )
    ^
  File "C:\Users\snrso\AppData\Local\Programs\Python\Python314\Lib\site-packages\telegram\request\_baserequest.py", line 375, in _request_wrapper
    raise exception
telegram.error.Conflict: Conflict: terminated by other getUpdates request; make sure that only one bot instance is running
2026-06-06 19:20:11,157 - httpx - INFO - HTTP Request: POST https://api.telegram.org/bot8838756490:AAE1CAsIDfhrFN31LzqwCXZ-3Lu-3tXYN0Y/getUpdates "HTTP/1.1 200 OK"
2026-06-06 19:20:21,340 - httpx - INFO - HTTP Request: POST https://api.telegram.org/bot8838756490:AAE1CAsIDfhrFN31LzqwCXZ-3Lu-3tXYN0Y/getUpdates "HTTP/1.1 200 OK"
2026-06-06 19:20:31,515 - httpx - INFO - HTTP Request: POST https://api.telegram.org/bot8838756490:AAE1CAsIDfhrFN31LzqwCXZ-3Lu-3tXYN0Y/getUpdates "HTTP/1.1 200 OK"
2026-06-06 19:20:34,663 - httpx - INFO - HTTP Request: POST https://api.telegram.org/bot8838756490:AAE1CAsIDfhrFN31LzqwCXZ-3Lu-3tXYN0Y/getUpdates "HTTP/1.1 409 Conflict"
2026-06-06 19:20:34,664 - telegram.ext.Application - ERROR - No error handlers are registered, logging exception.
Traceback (most recent call last):
  File "C:\Users\snrso\AppData\Local\Programs\Python\Python314\Lib\site-packages\telegram\ext\_utils\networkloop.py", line 161, in network_retry_loop
    await do_action()
  File "C:\Users\snrso\AppData\Local\Programs\Python\Python314\Lib\site-packages\telegram\ext\_utils\networkloop.py", line 154, in do_action
    action_cb_task.result()
    ~~~~~~~~~~~~~~~~~~~~~^^
  File "C:\Users\snrso\AppData\Local\Programs\Python\Python314\Lib\site-packages\telegram\ext\_updater.py", line 340, in polling_action_cb
    updates = await self.bot.get_updates(
              ^^^^^^^^^^^^^^^^^^^^^^^^^^^
    ...<3 lines>...
    )
    ^
  File "C:\Users\snrso\AppData\Local\Programs\Python\Python314\Lib\site-packages\telegram\ext\_extbot.py", line 672, in get_updates
    updates = await super().get_updates(
              ^^^^^^^^^^^^^^^^^^^^^^^^^^
    ...<9 lines>...
    )
    ^
  File "C:\Users\snrso\AppData\Local\Programs\Python\Python314\Lib\site-packages\telegram\_bot.py", line 4865, in get_updates
    await self._post(
    ^^^^^^^^^^^^^^^^^
    ...<7 lines>...
    ),
    ^
  File "C:\Users\snrso\AppData\Local\Programs\Python\Python314\Lib\site-packages\telegram\_bot.py", line 704, in _post
    return await self._do_post(
           ^^^^^^^^^^^^^^^^^^^^
    ...<6 lines>...
    )
    ^
  File "C:\Users\snrso\AppData\Local\Programs\Python\Python314\Lib\site-packages\telegram\ext\_extbot.py", line 370, in _do_post
    return await super()._do_post(
           ^^^^^^^^^^^^^^^^^^^^^^^
    ...<6 lines>...
    )
    ^
  File "C:\Users\snrso\AppData\Local\Programs\Python\Python314\Lib\site-packages\telegram\_bot.py", line 733, in _do_post
    result = await request.post(
             ^^^^^^^^^^^^^^^^^^^
    ...<6 lines>...
    )
    ^
  File "C:\Users\snrso\AppData\Local\Programs\Python\Python314\Lib\site-packages\telegram\request\_baserequest.py", line 198, in post
    result = await self._request_wrapper(
             ^^^^^^^^^^^^^^^^^^^^^^^^^^^^
    ...<7 lines>...
    )
    ^
  File "C:\Users\snrso\AppData\Local\Programs\Python\Python314\Lib\site-packages\telegram\request\_baserequest.py", line 375, in _request_wrapper
    raise exception
telegram.error.Conflict: Conflict: terminated by other getUpdates request; make sure that only one bot instance is running
2026-06-06 19:20:38,848 - httpx - INFO - HTTP Request: POST https://api.telegram.org/bot8838756490:AAE1CAsIDfhrFN31LzqwCXZ-3Lu-3tXYN0Y/getUpdates "HTTP/1.1 409 Conflict"
2026-06-06 19:20:38,849 - telegram.ext.Application - ERROR - No error handlers are registered, logging exception.
Traceback (most recent call last):
  File "C:\Users\snrso\AppData\Local\Programs\Python\Python314\Lib\site-packages\telegram\ext\_utils\networkloop.py", line 161, in network_retry_loop
    await do_action()
  File "C:\Users\snrso\AppData\Local\Programs\Python\Python314\Lib\site-packages\telegram\ext\_utils\networkloop.py", line 154, in do_action
    action_cb_task.result()
    ~~~~~~~~~~~~~~~~~~~~~^^
  File "C:\Users\snrso\AppData\Local\Programs\Python\Python314\Lib\site-packages\telegram\ext\_updater.py", line 340, in polling_action_cb
    updates = await self.bot.get_updates(
              ^^^^^^^^^^^^^^^^^^^^^^^^^^^
    ...<3 lines>...
    )
    ^
  File "C:\Users\snrso\AppData\Local\Programs\Python\Python314\Lib\site-packages\telegram\ext\_extbot.py", line 672, in get_updates
    updates = await super().get_updates(
              ^^^^^^^^^^^^^^^^^^^^^^^^^^
    ...<9 lines>...
    )
    ^
  File "C:\Users\snrso\AppData\Local\Programs\Python\Python314\Lib\site-packages\telegram\_bot.py", line 4865, in get_updates
    await self._post(
    ^^^^^^^^^^^^^^^^^
    ...<7 lines>...
    ),
    ^
  File "C:\Users\snrso\AppData\Local\Programs\Python\Python314\Lib\site-packages\telegram\_bot.py", line 704, in _post
    return await self._do_post(
           ^^^^^^^^^^^^^^^^^^^^
    ...<6 lines>...
    )
    ^
  File "C:\Users\snrso\AppData\Local\Programs\Python\Python314\Lib\site-packages\telegram\ext\_extbot.py", line 370, in _do_post
    return await super()._do_post(
           ^^^^^^^^^^^^^^^^^^^^^^^
    ...<6 lines>...
    )
    ^
  File "C:\Users\snrso\AppData\Local\Programs\Python\Python314\Lib\site-packages\telegram\_bot.py", line 733, in _do_post
    result = await request.post(
             ^^^^^^^^^^^^^^^^^^^
    ...<6 lines>...
    )
    ^
  File "C:\Users\snrso\AppData\Local\Programs\Python\Python314\Lib\site-packages\telegram\request\_baserequest.py", line 198, in post
    result = await self._request_wrapper(
             ^^^^^^^^^^^^^^^^^^^^^^^^^^^^
    ...<7 lines>...
    )
    ^
  File "C:\Users\snrso\AppData\Local\Programs\Python\Python314\Lib\site-packages\telegram\request\_baserequest.py", line 375, in _request_wrapper
    raise exception
telegram.error.Conflict: Conflict: terminated by other getUpdates request; make sure that only one bot instance is running
2026-06-06 19:20:45,845 - httpx - INFO - HTTP Request: POST https://api.telegram.org/bot8838756490:AAE1CAsIDfhrFN31LzqwCXZ-3Lu-3tXYN0Y/getUpdates "HTTP/1.1 200 OK"
2026-06-06 19:20:56,021 - httpx - INFO - HTTP Request: POST https://api.telegram.org/bot8838756490:AAE1CAsIDfhrFN31LzqwCXZ-3Lu-3tXYN0Y/getUpdates "HTTP/1.1 200 OK"
2026-06-06 19:21:06,191 - httpx - INFO - HTTP Request: POST https://api.telegram.org/bot8838756490:AAE1CAsIDfhrFN31LzqwCXZ-3Lu-3tXYN0Y/getUpdates "HTTP/1.1 200 OK"
2026-06-06 19:21:09,393 - httpx - INFO - HTTP Request: POST https://api.telegram.org/bot8838756490:AAE1CAsIDfhrFN31LzqwCXZ-3Lu-3tXYN0Y/getUpdates "HTTP/1.1 409 Conflict"
2026-06-06 19:21:09,394 - telegram.ext.Application - ERROR - No error handlers are registered, logging exception.
Traceback (most recent call last):
  File "C:\Users\snrso\AppData\Local\Programs\Python\Python314\Lib\site-packages\telegram\ext\_utils\networkloop.py", line 161, in network_retry_loop
    await do_action()
  File "C:\Users\snrso\AppData\Local\Programs\Python\Python314\Lib\site-packages\telegram\ext\_utils\networkloop.py", line 154, in do_action
    action_cb_task.result()
    ~~~~~~~~~~~~~~~~~~~~~^^
  File "C:\Users\snrso\AppData\Local\Programs\Python\Python314\Lib\site-packages\telegram\ext\_updater.py", line 340, in polling_action_cb
    updates = await self.bot.get_updates(
              ^^^^^^^^^^^^^^^^^^^^^^^^^^^
    ...<3 lines>...
    )
    ^
  File "C:\Users\snrso\AppData\Local\Programs\Python\Python314\Lib\site-packages\telegram\ext\_extbot.py", line 672, in get_updates
    updates = await super().get_updates(
              ^^^^^^^^^^^^^^^^^^^^^^^^^^
    ...<9 lines>...
    )
    ^
  File "C:\Users\snrso\AppData\Local\Programs\Python\Python314\Lib\site-packages\telegram\_bot.py", line 4865, in get_updates
    await self._post(
    ^^^^^^^^^^^^^^^^^
    ...<7 lines>...
    ),
    ^
  File "C:\Users\snrso\AppData\Local\Programs\Python\Python314\Lib\site-packages\telegram\_bot.py", line 704, in _post
    return await self._do_post(
           ^^^^^^^^^^^^^^^^^^^^
    ...<6 lines>...
    )
    ^
  File "C:\Users\snrso\AppData\Local\Programs\Python\Python314\Lib\site-packages\telegram\ext\_extbot.py", line 370, in _do_post
    return await super()._do_post(
           ^^^^^^^^^^^^^^^^^^^^^^^
    ...<6 lines>...
    )
    ^
  File "C:\Users\snrso\AppData\Local\Programs\Python\Python314\Lib\site-packages\telegram\_bot.py", line 733, in _do_post
    result = await request.post(
             ^^^^^^^^^^^^^^^^^^^
    ...<6 lines>...
    )
    ^
  File "C:\Users\snrso\AppData\Local\Programs\Python\Python314\Lib\site-packages\telegram\request\_baserequest.py", line 198, in post
    result = await self._request_wrapper(
             ^^^^^^^^^^^^^^^^^^^^^^^^^^^^
    ...<7 lines>...
    )
    ^
  File "C:\Users\snrso\AppData\Local\Programs\Python\Python314\Lib\site-packages\telegram\request\_baserequest.py", line 375, in _request_wrapper
    raise exception
telegram.error.Conflict: Conflict: terminated by other getUpdates request; make sure that only one bot instance is running
2026-06-06 19:21:13,563 - httpx - INFO - HTTP Request: POST https://api.telegram.org/bot8838756490:AAE1CAsIDfhrFN31LzqwCXZ-3Lu-3tXYN0Y/getUpdates "HTTP/1.1 409 Conflict"
2026-06-06 19:21:13,564 - telegram.ext.Application - ERROR - No error handlers are registered, logging exception.
Traceback (most recent call last):
  File "C:\Users\snrso\AppData\Local\Programs\Python\Python314\Lib\site-packages\telegram\ext\_utils\networkloop.py", line 161, in network_retry_loop
    await do_action()
  File "C:\Users\snrso\AppData\Local\Programs\Python\Python314\Lib\site-packages\telegram\ext\_utils\networkloop.py", line 154, in do_action
    action_cb_task.result()
    ~~~~~~~~~~~~~~~~~~~~~^^
  File "C:\Users\snrso\AppData\Local\Programs\Python\Python314\Lib\site-packages\telegram\ext\_updater.py", line 340, in polling_action_cb
    updates = await self.bot.get_updates(
              ^^^^^^^^^^^^^^^^^^^^^^^^^^^
    ...<3 lines>...
    )
    ^
  File "C:\Users\snrso\AppData\Local\Programs\Python\Python314\Lib\site-packages\telegram\ext\_extbot.py", line 672, in get_updates
    updates = await super().get_updates(
              ^^^^^^^^^^^^^^^^^^^^^^^^^^
    ...<9 lines>...
    )
    ^
  File "C:\Users\snrso\AppData\Local\Programs\Python\Python314\Lib\site-packages\telegram\_bot.py", line 4865, in get_updates
    await self._post(
    ^^^^^^^^^^^^^^^^^
    ...<7 lines>...
    ),
    ^
  File "C:\Users\snrso\AppData\Local\Programs\Python\Python314\Lib\site-packages\telegram\_bot.py", line 704, in _post
    return await self._do_post(
           ^^^^^^^^^^^^^^^^^^^^
    ...<6 lines>...
    )
    ^
  File "C:\Users\snrso\AppData\Local\Programs\Python\Python314\Lib\site-packages\telegram\ext\_extbot.py", line 370, in _do_post
    return await super()._do_post(
           ^^^^^^^^^^^^^^^^^^^^^^^
    ...<6 lines>...
    )
    ^
  File "C:\Users\snrso\AppData\Local\Programs\Python\Python314\Lib\site-packages\telegram\_bot.py", line 733, in _do_post
    result = await request.post(
             ^^^^^^^^^^^^^^^^^^^
    ...<6 lines>...
    )
    ^
  File "C:\Users\snrso\AppData\Local\Programs\Python\Python314\Lib\site-packages\telegram\request\_baserequest.py", line 198, in post
    result = await self._request_wrapper(
             ^^^^^^^^^^^^^^^^^^^^^^^^^^^^
    ...<7 lines>...
    )
    ^
  File "C:\Users\snrso\AppData\Local\Programs\Python\Python314\Lib\site-packages\telegram\request\_baserequest.py", line 375, in _request_wrapper
    raise exception
telegram.error.Conflict: Conflict: terminated by other getUpdates request; make sure that only one bot instance is running
2026-06-06 19:21:20,566 - httpx - INFO - HTTP Request: POST https://api.telegram.org/bot8838756490:AAE1CAsIDfhrFN31LzqwCXZ-3Lu-3tXYN0Y/getUpdates "HTTP/1.1 200 OK"
2026-06-06 19:21:30,746 - httpx - INFO - HTTP Request: POST https://api.telegram.org/bot8838756490:AAE1CAsIDfhrFN31LzqwCXZ-3Lu-3tXYN0Y/getUpdates "HTTP/1.1 200 OK"
2026-06-06 19:21:40,912 - httpx - INFO - HTTP Request: POST https://api.telegram.org/bot8838756490:AAE1CAsIDfhrFN31LzqwCXZ-3Lu-3tXYN0Y/getUpdates "HTTP/1.1 200 OK"
2026-06-06 19:21:44,047 - httpx - INFO - HTTP Request: POST https://api.telegram.org/bot8838756490:AAE1CAsIDfhrFN31LzqwCXZ-3Lu-3tXYN0Y/getUpdates "HTTP/1.1 409 Conflict"
2026-06-06 19:21:44,048 - telegram.ext.Application - ERROR - No error handlers are registered, logging exception.
Traceback (most recent call last):
  File "C:\Users\snrso\AppData\Local\Programs\Python\Python314\Lib\site-packages\telegram\ext\_utils\networkloop.py", line 161, in network_retry_loop
    await do_action()
  File "C:\Users\snrso\AppData\Local\Programs\Python\Python314\Lib\site-packages\telegram\ext\_utils\networkloop.py", line 154, in do_action
    action_cb_task.result()
    ~~~~~~~~~~~~~~~~~~~~~^^
  File "C:\Users\snrso\AppData\Local\Programs\Python\Python314\Lib\site-packages\telegram\ext\_updater.py", line 340, in polling_action_cb
    updates = await self.bot.get_updates(
              ^^^^^^^^^^^^^^^^^^^^^^^^^^^
    ...<3 lines>...
    )
    ^
  File "C:\Users\snrso\AppData\Local\Programs\Python\Python314\Lib\site-packages\telegram\ext\_extbot.py", line 672, in get_updates
    updates = await super().get_updates(
              ^^^^^^^^^^^^^^^^^^^^^^^^^^
    ...<9 lines>...
    )
    ^
  File "C:\Users\snrso\AppData\Local\Programs\Python\Python314\Lib\site-packages\telegram\_bot.py", line 4865, in get_updates
    await self._post(
    ^^^^^^^^^^^^^^^^^
    ...<7 lines>...
    ),
    ^
  File "C:\Users\snrso\AppData\Local\Programs\Python\Python314\Lib\site-packages\telegram\_bot.py", line 704, in _post
    return await self._do_post(
           ^^^^^^^^^^^^^^^^^^^^
    ...<6 lines>...
    )
    ^
  File "C:\Users\snrso\AppData\Local\Programs\Python\Python314\Lib\site-packages\telegram\ext\_extbot.py", line 370, in _do_post
    return await super()._do_post(
           ^^^^^^^^^^^^^^^^^^^^^^^
    ...<6 lines>...
    )
    ^
  File "C:\Users\snrso\AppData\Local\Programs\Python\Python314\Lib\site-packages\telegram\_bot.py", line 733, in _do_post
    result = await request.post(
             ^^^^^^^^^^^^^^^^^^^
    ...<6 lines>...
    )
    ^
  File "C:\Users\snrso\AppData\Local\Programs\Python\Python314\Lib\site-packages\telegram\request\_baserequest.py", line 198, in post
    result = await self._request_wrapper(
             ^^^^^^^^^^^^^^^^^^^^^^^^^^^^
    ...<7 lines>...
    )
    ^
  File "C:\Users\snrso\AppData\Local\Programs\Python\Python314\Lib\site-packages\telegram\request\_baserequest.py", line 375, in _request_wrapper
    raise exception
telegram.error.Conflict: Conflict: terminated by other getUpdates request; make sure that only one bot instance is running
2026-06-06 19:21:48,221 - httpx - INFO - HTTP Request: POST https://api.telegram.org/bot8838756490:AAE1CAsIDfhrFN31LzqwCXZ-3Lu-3tXYN0Y/getUpdates "HTTP/1.1 409 Conflict"
2026-06-06 19:21:48,222 - telegram.ext.Application - ERROR - No error handlers are registered, logging exception.
Traceback (most recent call last):
  File "C:\Users\snrso\AppData\Local\Programs\Python\Python314\Lib\site-packages\telegram\ext\_utils\networkloop.py", line 161, in network_retry_loop
    await do_action()
  File "C:\Users\snrso\AppData\Local\Programs\Python\Python314\Lib\site-packages\telegram\ext\_utils\networkloop.py", line 154, in do_action
    action_cb_task.result()
    ~~~~~~~~~~~~~~~~~~~~~^^
  File "C:\Users\snrso\AppData\Local\Programs\Python\Python314\Lib\site-packages\telegram\ext\_updater.py", line 340, in polling_action_cb
    updates = await self.bot.get_updates(
              ^^^^^^^^^^^^^^^^^^^^^^^^^^^
    ...<3 lines>...
    )
    ^
  File "C:\Users\snrso\AppData\Local\Programs\Python\Python314\Lib\site-packages\telegram\ext\_extbot.py", line 672, in get_updates
    updates = await super().get_updates(
              ^^^^^^^^^^^^^^^^^^^^^^^^^^
    ...<9 lines>...
    )
    ^
  File "C:\Users\snrso\AppData\Local\Programs\Python\Python314\Lib\site-packages\telegram\_bot.py", line 4865, in get_updates
    await self._post(
    ^^^^^^^^^^^^^^^^^
    ...<7 lines>...
    ),
    ^
  File "C:\Users\snrso\AppData\Local\Programs\Python\Python314\Lib\site-packages\telegram\_bot.py", line 704, in _post
    return await self._do_post(
           ^^^^^^^^^^^^^^^^^^^^
    ...<6 lines>...
    )
    ^
  File "C:\Users\snrso\AppData\Local\Programs\Python\Python314\Lib\site-packages\telegram\ext\_extbot.py", line 370, in _do_post
    return await super()._do_post(
           ^^^^^^^^^^^^^^^^^^^^^^^
    ...<6 lines>...
    )
    ^
  File "C:\Users\snrso\AppData\Local\Programs\Python\Python314\Lib\site-packages\telegram\_bot.py", line 733, in _do_post
    result = await request.post(
             ^^^^^^^^^^^^^^^^^^^
    ...<6 lines>...
    )
    ^
  File "C:\Users\snrso\AppData\Local\Programs\Python\Python314\Lib\site-packages\telegram\request\_baserequest.py", line 198, in post
    result = await self._request_wrapper(
             ^^^^^^^^^^^^^^^^^^^^^^^^^^^^
    ...<7 lines>...
    )
    ^
  File "C:\Users\snrso\AppData\Local\Programs\Python\Python314\Lib\site-packages\telegram\request\_baserequest.py", line 375, in _request_wrapper
    raise exception
telegram.error.Conflict: Conflict: terminated by other getUpdates request; make sure that only one bot instance is running
2026-06-06 19:21:55,221 - httpx - INFO - HTTP Request: POST https://api.telegram.org/bot8838756490:AAE1CAsIDfhrFN31LzqwCXZ-3Lu-3tXYN0Y/getUpdates "HTTP/1.1 200 OK"
2026-06-06 19:22:05,394 - httpx - INFO - HTTP Request: POST https://api.telegram.org/bot8838756490:AAE1CAsIDfhrFN31LzqwCXZ-3Lu-3tXYN0Y/getUpdates "HTTP/1.1 200 OK"
2026-06-06 19:22:15,565 - httpx - INFO - HTTP Request: POST https://api.telegram.org/bot8838756490:AAE1CAsIDfhrFN31LzqwCXZ-3Lu-3tXYN0Y/getUpdates "HTTP/1.1 200 OK"
2026-06-06 19:22:18,803 - httpx - INFO - HTTP Request: POST https://api.telegram.org/bot8838756490:AAE1CAsIDfhrFN31LzqwCXZ-3Lu-3tXYN0Y/getUpdates "HTTP/1.1 409 Conflict"
2026-06-06 19:22:18,804 - telegram.ext.Application - ERROR - No error handlers are registered, logging exception.
Traceback (most recent call last):
  File "C:\Users\snrso\AppData\Local\Programs\Python\Python314\Lib\site-packages\telegram\ext\_utils\networkloop.py", line 161, in network_retry_loop
    await do_action()
  File "C:\Users\snrso\AppData\Local\Programs\Python\Python314\Lib\site-packages\telegram\ext\_utils\networkloop.py", line 154, in do_action
    action_cb_task.result()
    ~~~~~~~~~~~~~~~~~~~~~^^
  File "C:\Users\snrso\AppData\Local\Programs\Python\Python314\Lib\site-packages\telegram\ext\_updater.py", line 340, in polling_action_cb
    updates = await self.bot.get_updates(
              ^^^^^^^^^^^^^^^^^^^^^^^^^^^
    ...<3 lines>...
    )
    ^
  File "C:\Users\snrso\AppData\Local\Programs\Python\Python314\Lib\site-packages\telegram\ext\_extbot.py", line 672, in get_updates
    updates = await super().get_updates(
              ^^^^^^^^^^^^^^^^^^^^^^^^^^
    ...<9 lines>...
    )
    ^
  File "C:\Users\snrso\AppData\Local\Programs\Python\Python314\Lib\site-packages\telegram\_bot.py", line 4865, in get_updates
    await self._post(
    ^^^^^^^^^^^^^^^^^
    ...<7 lines>...
    ),
    ^
  File "C:\Users\snrso\AppData\Local\Programs\Python\Python314\Lib\site-packages\telegram\_bot.py", line 704, in _post
    return await self._do_post(
           ^^^^^^^^^^^^^^^^^^^^
    ...<6 lines>...
    )
    ^
  File "C:\Users\snrso\AppData\Local\Programs\Python\Python314\Lib\site-packages\telegram\ext\_extbot.py", line 370, in _do_post
    return await super()._do_post(
           ^^^^^^^^^^^^^^^^^^^^^^^
    ...<6 lines>...
    )
    ^
  File "C:\Users\snrso\AppData\Local\Programs\Python\Python314\Lib\site-packages\telegram\_bot.py", line 733, in _do_post
    result = await request.post(
             ^^^^^^^^^^^^^^^^^^^
    ...<6 lines>...
    )
    ^
  File "C:\Users\snrso\AppData\Local\Programs\Python\Python314\Lib\site-packages\telegram\request\_baserequest.py", line 198, in post
    result = await self._request_wrapper(
             ^^^^^^^^^^^^^^^^^^^^^^^^^^^^
    ...<7 lines>...
    )
    ^
  File "C:\Users\snrso\AppData\Local\Programs\Python\Python314\Lib\site-packages\telegram\request\_baserequest.py", line 375, in _request_wrapper
    raise exception
telegram.error.Conflict: Conflict: terminated by other getUpdates request; make sure that only one bot instance is running
2026-06-06 19:22:22,976 - httpx - INFO - HTTP Request: POST https://api.telegram.org/bot8838756490:AAE1CAsIDfhrFN31LzqwCXZ-3Lu-3tXYN0Y/getUpdates "HTTP/1.1 409 Conflict"
2026-06-06 19:22:22,977 - telegram.ext.Application - ERROR - No error handlers are registered, logging exception.
Traceback (most recent call last):
  File "C:\Users\snrso\AppData\Local\Programs\Python\Python314\Lib\site-packages\telegram\ext\_utils\networkloop.py", line 161, in network_retry_loop
    await do_action()
  File "C:\Users\snrso\AppData\Local\Programs\Python\Python314\Lib\site-packages\telegram\ext\_utils\networkloop.py", line 154, in do_action
    action_cb_task.result()
    ~~~~~~~~~~~~~~~~~~~~~^^
  File "C:\Users\snrso\AppData\Local\Programs\Python\Python314\Lib\site-packages\telegram\ext\_updater.py", line 340, in polling_action_cb
    updates = await self.bot.get_updates(
              ^^^^^^^^^^^^^^^^^^^^^^^^^^^
    ...<3 lines>...
    )
    ^
  File "C:\Users\snrso\AppData\Local\Programs\Python\Python314\Lib\site-packages\telegram\ext\_extbot.py", line 672, in get_updates
    updates = await super().get_updates(
              ^^^^^^^^^^^^^^^^^^^^^^^^^^
    ...<9 lines>...
    )
    ^
  File "C:\Users\snrso\AppData\Local\Programs\Python\Python314\Lib\site-packages\telegram\_bot.py", line 4865, in get_updates
    await self._post(
    ^^^^^^^^^^^^^^^^^
    ...<7 lines>...
    ),
    ^
  File "C:\Users\snrso\AppData\Local\Programs\Python\Python314\Lib\site-packages\telegram\_bot.py", line 704, in _post
    return await self._do_post(
           ^^^^^^^^^^^^^^^^^^^^
    ...<6 lines>...
    )
    ^
  File "C:\Users\snrso\AppData\Local\Programs\Python\Python314\Lib\site-packages\telegram\ext\_extbot.py", line 370, in _do_post
    return await super()._do_post(
           ^^^^^^^^^^^^^^^^^^^^^^^
    ...<6 lines>...
    )
    ^
  File "C:\Users\snrso\AppData\Local\Programs\Python\Python314\Lib\site-packages\telegram\_bot.py", line 733, in _do_post
    result = await request.post(
             ^^^^^^^^^^^^^^^^^^^
    ...<6 lines>...
    )
    ^
  File "C:\Users\snrso\AppData\Local\Programs\Python\Python314\Lib\site-packages\telegram\request\_baserequest.py", line 198, in post
    result = await self._request_wrapper(
             ^^^^^^^^^^^^^^^^^^^^^^^^^^^^
    ...<7 lines>...
    )
    ^
  File "C:\Users\snrso\AppData\Local\Programs\Python\Python314\Lib\site-packages\telegram\request\_baserequest.py", line 375, in _request_wrapper
    raise exception
telegram.error.Conflict: Conflict: terminated by other getUpdates request; make sure that only one bot instance is running
2026-06-06 19:22:29,975 - httpx - INFO - HTTP Request: POST https://api.telegram.org/bot8838756490:AAE1CAsIDfhrFN31LzqwCXZ-3Lu-3tXYN0Y/getUpdates "HTTP/1.1 200 OK"
2026-06-06 19:22:40,138 - httpx - INFO - HTTP Request: POST https://api.telegram.org/bot8838756490:AAE1CAsIDfhrFN31LzqwCXZ-3Lu-3tXYN0Y/getUpdates "HTTP/1.1 200 OK"
2026-06-06 19:22:50,308 - httpx - INFO - HTTP Request: POST https://api.telegram.org/bot8838756490:AAE1CAsIDfhrFN31LzqwCXZ-3Lu-3tXYN0Y/getUpdates "HTTP/1.1 200 OK"
2026-06-06 19:22:53,499 - httpx - INFO - HTTP Request: POST https://api.telegram.org/bot8838756490:AAE1CAsIDfhrFN31LzqwCXZ-3Lu-3tXYN0Y/getUpdates "HTTP/1.1 409 Conflict"
2026-06-06 19:22:53,500 - telegram.ext.Application - ERROR - No error handlers are registered, logging exception.
Traceback (most recent call last):
  File "C:\Users\snrso\AppData\Local\Programs\Python\Python314\Lib\site-packages\telegram\ext\_utils\networkloop.py", line 161, in network_retry_loop
    await do_action()
  File "C:\Users\snrso\AppData\Local\Programs\Python\Python314\Lib\site-packages\telegram\ext\_utils\networkloop.py", line 154, in do_action
    action_cb_task.result()
    ~~~~~~~~~~~~~~~~~~~~~^^
  File "C:\Users\snrso\AppData\Local\Programs\Python\Python314\Lib\site-packages\telegram\ext\_updater.py", line 340, in polling_action_cb
    updates = await self.bot.get_updates(
              ^^^^^^^^^^^^^^^^^^^^^^^^^^^
    ...<3 lines>...
    )
    ^
  File "C:\Users\snrso\AppData\Local\Programs\Python\Python314\Lib\site-packages\telegram\ext\_extbot.py", line 672, in get_updates
    updates = await super().get_updates(
              ^^^^^^^^^^^^^^^^^^^^^^^^^^
    ...<9 lines>...
    )
    ^
  File "C:\Users\snrso\AppData\Local\Programs\Python\Python314\Lib\site-packages\telegram\_bot.py", line 4865, in get_updates
    await self._post(
    ^^^^^^^^^^^^^^^^^
    ...<7 lines>...
    ),
    ^
  File "C:\Users\snrso\AppData\Local\Programs\Python\Python314\Lib\site-packages\telegram\_bot.py", line 704, in _post
    return await self._do_post(
           ^^^^^^^^^^^^^^^^^^^^
    ...<6 lines>...
    )
    ^
  File "C:\Users\snrso\AppData\Local\Programs\Python\Python314\Lib\site-packages\telegram\ext\_extbot.py", line 370, in _do_post
    return await super()._do_post(
           ^^^^^^^^^^^^^^^^^^^^^^^
    ...<6 lines>...
    )
    ^
  File "C:\Users\snrso\AppData\Local\Programs\Python\Python314\Lib\site-packages\telegram\_bot.py", line 733, in _do_post
    result = await request.post(
             ^^^^^^^^^^^^^^^^^^^
    ...<6 lines>...
    )
    ^
  File "C:\Users\snrso\AppData\Local\Programs\Python\Python314\Lib\site-packages\telegram\request\_baserequest.py", line 198, in post
    result = await self._request_wrapper(
             ^^^^^^^^^^^^^^^^^^^^^^^^^^^^
    ...<7 lines>...
    )
    ^
  File "C:\Users\snrso\AppData\Local\Programs\Python\Python314\Lib\site-packages\telegram\request\_baserequest.py", line 375, in _request_wrapper
    raise exception
telegram.error.Conflict: Conflict: terminated by other getUpdates request; make sure that only one bot instance is running
2026-06-06 19:22:57,677 - httpx - INFO - HTTP Request: POST https://api.telegram.org/bot8838756490:AAE1CAsIDfhrFN31LzqwCXZ-3Lu-3tXYN0Y/getUpdates "HTTP/1.1 409 Conflict"
2026-06-06 19:22:57,678 - telegram.ext.Application - ERROR - No error handlers are registered, logging exception.
Traceback (most recent call last):
  File "C:\Users\snrso\AppData\Local\Programs\Python\Python314\Lib\site-packages\telegram\ext\_utils\networkloop.py", line 161, in network_retry_loop
    await do_action()
  File "C:\Users\snrso\AppData\Local\Programs\Python\Python314\Lib\site-packages\telegram\ext\_utils\networkloop.py", line 154, in do_action
    action_cb_task.result()
    ~~~~~~~~~~~~~~~~~~~~~^^
  File "C:\Users\snrso\AppData\Local\Programs\Python\Python314\Lib\site-packages\telegram\ext\_updater.py", line 340, in polling_action_cb
    updates = await self.bot.get_updates(
              ^^^^^^^^^^^^^^^^^^^^^^^^^^^
    ...<3 lines>...
    )
    ^
  File "C:\Users\snrso\AppData\Local\Programs\Python\Python314\Lib\site-packages\telegram\ext\_extbot.py", line 672, in get_updates
    updates = await super().get_updates(
              ^^^^^^^^^^^^^^^^^^^^^^^^^^
    ...<9 lines>...
    )
    ^
  File "C:\Users\snrso\AppData\Local\Programs\Python\Python314\Lib\site-packages\telegram\_bot.py", line 4865, in get_updates
    await self._post(
    ^^^^^^^^^^^^^^^^^
    ...<7 lines>...
    ),
    ^
  File "C:\Users\snrso\AppData\Local\Programs\Python\Python314\Lib\site-packages\telegram\_bot.py", line 704, in _post
    return await self._do_post(
           ^^^^^^^^^^^^^^^^^^^^
    ...<6 lines>...
    )
    ^
  File "C:\Users\snrso\AppData\Local\Programs\Python\Python314\Lib\site-packages\telegram\ext\_extbot.py", line 370, in _do_post
    return await super()._do_post(
           ^^^^^^^^^^^^^^^^^^^^^^^
    ...<6 lines>...
    )
    ^
  File "C:\Users\snrso\AppData\Local\Programs\Python\Python314\Lib\site-packages\telegram\_bot.py", line 733, in _do_post
    result = await request.post(
             ^^^^^^^^^^^^^^^^^^^
    ...<6 lines>...
    )
    ^
  File "C:\Users\snrso\AppData\Local\Programs\Python\Python314\Lib\site-packages\telegram\request\_baserequest.py", line 198, in post
    result = await self._request_wrapper(
             ^^^^^^^^^^^^^^^^^^^^^^^^^^^^
    ...<7 lines>...
    )
    ^
  File "C:\Users\snrso\AppData\Local\Programs\Python\Python314\Lib\site-packages\telegram\request\_baserequest.py", line 375, in _request_wrapper
    raise exception
telegram.error.Conflict: Conflict: terminated by other getUpdates request; make sure that only one bot instance is running
2026-06-06 19:23:04,679 - httpx - INFO - HTTP Request: POST https://api.telegram.org/bot8838756490:AAE1CAsIDfhrFN31LzqwCXZ-3Lu-3tXYN0Y/getUpdates "HTTP/1.1 200 OK"
2026-06-06 19:23:14,842 - httpx - INFO - HTTP Request: POST https://api.telegram.org/bot8838756490:AAE1CAsIDfhrFN31LzqwCXZ-3Lu-3tXYN0Y/getUpdates "HTTP/1.1 200 OK"
2026-06-06 19:23:25,009 - httpx - INFO - HTTP Request: POST https://api.telegram.org/bot8838756490:AAE1CAsIDfhrFN31LzqwCXZ-3Lu-3tXYN0Y/getUpdates "HTTP/1.1 200 OK"
2026-06-06 19:23:29,175 - httpx - INFO - HTTP Request: POST https://api.telegram.org/bot8838756490:AAE1CAsIDfhrFN31LzqwCXZ-3Lu-3tXYN0Y/getUpdates "HTTP/1.1 409 Conflict"
2026-06-06 19:23:29,177 - telegram.ext.Application - ERROR - No error handlers are registered, logging exception.
Traceback (most recent call last):
  File "C:\Users\snrso\AppData\Local\Programs\Python\Python314\Lib\site-packages\telegram\ext\_utils\networkloop.py", line 161, in network_retry_loop
    await do_action()
  File "C:\Users\snrso\AppData\Local\Programs\Python\Python314\Lib\site-packages\telegram\ext\_utils\networkloop.py", line 154, in do_action
    action_cb_task.result()
    ~~~~~~~~~~~~~~~~~~~~~^^
  File "C:\Users\snrso\AppData\Local\Programs\Python\Python314\Lib\site-packages\telegram\ext\_updater.py", line 340, in polling_action_cb
    updates = await self.bot.get_updates(
              ^^^^^^^^^^^^^^^^^^^^^^^^^^^
    ...<3 lines>...
    )
    ^
  File "C:\Users\snrso\AppData\Local\Programs\Python\Python314\Lib\site-packages\telegram\ext\_extbot.py", line 672, in get_updates
    updates = await super().get_updates(
              ^^^^^^^^^^^^^^^^^^^^^^^^^^
    ...<9 lines>...
    )
    ^
  File "C:\Users\snrso\AppData\Local\Programs\Python\Python314\Lib\site-packages\telegram\_bot.py", line 4865, in get_updates
    await self._post(
    ^^^^^^^^^^^^^^^^^
    ...<7 lines>...
    ),
    ^
  File "C:\Users\snrso\AppData\Local\Programs\Python\Python314\Lib\site-packages\telegram\_bot.py", line 704, in _post
    return await self._do_post(
           ^^^^^^^^^^^^^^^^^^^^
    ...<6 lines>...
    )
    ^
  File "C:\Users\snrso\AppData\Local\Programs\Python\Python314\Lib\site-packages\telegram\ext\_extbot.py", line 370, in _do_post
    return await super()._do_post(
           ^^^^^^^^^^^^^^^^^^^^^^^
    ...<6 lines>...
    )
    ^
  File "C:\Users\snrso\AppData\Local\Programs\Python\Python314\Lib\site-packages\telegram\_bot.py", line 733, in _do_post
    result = await request.post(
             ^^^^^^^^^^^^^^^^^^^
    ...<6 lines>...
    )
    ^
  File "C:\Users\snrso\AppData\Local\Programs\Python\Python314\Lib\site-packages\telegram\request\_baserequest.py", line 198, in post
    result = await self._request_wrapper(
             ^^^^^^^^^^^^^^^^^^^^^^^^^^^^
    ...<7 lines>...
    )
    ^
  File "C:\Users\snrso\AppData\Local\Programs\Python\Python314\Lib\site-packages\telegram\request\_baserequest.py", line 375, in _request_wrapper
    raise exception
telegram.error.Conflict: Conflict: terminated by other getUpdates request; make sure that only one bot instance is running
2026-06-06 19:23:33,350 - httpx - INFO - HTTP Request: POST https://api.telegram.org/bot8838756490:AAE1CAsIDfhrFN31LzqwCXZ-3Lu-3tXYN0Y/getUpdates "HTTP/1.1 409 Conflict"
2026-06-06 19:23:33,351 - telegram.ext.Application - ERROR - No error handlers are registered, logging exception.
Traceback (most recent call last):
  File "C:\Users\snrso\AppData\Local\Programs\Python\Python314\Lib\site-packages\telegram\ext\_utils\networkloop.py", line 161, in network_retry_loop
    await do_action()
  File "C:\Users\snrso\AppData\Local\Programs\Python\Python314\Lib\site-packages\telegram\ext\_utils\networkloop.py", line 154, in do_action
    action_cb_task.result()
    ~~~~~~~~~~~~~~~~~~~~~^^
  File "C:\Users\snrso\AppData\Local\Programs\Python\Python314\Lib\site-packages\telegram\ext\_updater.py", line 340, in polling_action_cb
    updates = await self.bot.get_updates(
              ^^^^^^^^^^^^^^^^^^^^^^^^^^^
    ...<3 lines>...
    )
    ^
  File "C:\Users\snrso\AppData\Local\Programs\Python\Python314\Lib\site-packages\telegram\ext\_extbot.py", line 672, in get_updates
    updates = await super().get_updates(
              ^^^^^^^^^^^^^^^^^^^^^^^^^^
    ...<9 lines>...
    )
    ^
  File "C:\Users\snrso\AppData\Local\Programs\Python\Python314\Lib\site-packages\telegram\_bot.py", line 4865, in get_updates
    await self._post(
    ^^^^^^^^^^^^^^^^^
    ...<7 lines>...
    ),
    ^
  File "C:\Users\snrso\AppData\Local\Programs\Python\Python314\Lib\site-packages\telegram\_bot.py", line 704, in _post
    return await self._do_post(
           ^^^^^^^^^^^^^^^^^^^^
    ...<6 lines>...
    )
    ^
  File "C:\Users\snrso\AppData\Local\Programs\Python\Python314\Lib\site-packages\telegram\ext\_extbot.py", line 370, in _do_post
    return await super()._do_post(
           ^^^^^^^^^^^^^^^^^^^^^^^
    ...<6 lines>...
    )
    ^
  File "C:\Users\snrso\AppData\Local\Programs\Python\Python314\Lib\site-packages\telegram\_bot.py", line 733, in _do_post
    result = await request.post(
             ^^^^^^^^^^^^^^^^^^^
    ...<6 lines>...
    )
    ^
  File "C:\Users\snrso\AppData\Local\Programs\Python\Python314\Lib\site-packages\telegram\request\_baserequest.py", line 198, in post
    result = await self._request_wrapper(
             ^^^^^^^^^^^^^^^^^^^^^^^^^^^^
    ...<7 lines>...
    )
    ^
  File "C:\Users\snrso\AppData\Local\Programs\Python\Python314\Lib\site-packages\telegram\request\_baserequest.py", line 375, in _request_wrapper
    raise exception
telegram.error.Conflict: Conflict: terminated by other getUpdates request; make sure that only one bot instance is running
2026-06-06 19:23:40,345 - httpx - INFO - HTTP Request: POST https://api.telegram.org/bot8838756490:AAE1CAsIDfhrFN31LzqwCXZ-3Lu-3tXYN0Y/getUpdates "HTTP/1.1 200 OK"
2026-06-06 19:23:50,517 - httpx - INFO - HTTP Request: POST https://api.telegram.org/bot8838756490:AAE1CAsIDfhrFN31LzqwCXZ-3Lu-3tXYN0Y/getUpdates "HTTP/1.1 200 OK"
2026-06-06 19:24:00,694 - httpx - INFO - HTTP Request: POST https://api.telegram.org/bot8838756490:AAE1CAsIDfhrFN31LzqwCXZ-3Lu-3tXYN0Y/getUpdates "HTTP/1.1 200 OK"
2026-06-06 19:24:03,878 - httpx - INFO - HTTP Request: POST https://api.telegram.org/bot8838756490:AAE1CAsIDfhrFN31LzqwCXZ-3Lu-3tXYN0Y/getUpdates "HTTP/1.1 409 Conflict"
2026-06-06 19:24:03,879 - telegram.ext.Application - ERROR - No error handlers are registered, logging exception.
Traceback (most recent call last):
  File "C:\Users\snrso\AppData\Local\Programs\Python\Python314\Lib\site-packages\telegram\ext\_utils\networkloop.py", line 161, in network_retry_loop
    await do_action()
  File "C:\Users\snrso\AppData\Local\Programs\Python\Python314\Lib\site-packages\telegram\ext\_utils\networkloop.py", line 154, in do_action
    action_cb_task.result()
    ~~~~~~~~~~~~~~~~~~~~~^^
  File "C:\Users\snrso\AppData\Local\Programs\Python\Python314\Lib\site-packages\telegram\ext\_updater.py", line 340, in polling_action_cb
    updates = await self.bot.get_updates(
              ^^^^^^^^^^^^^^^^^^^^^^^^^^^
    ...<3 lines>...
    )
    ^
  File "C:\Users\snrso\AppData\Local\Programs\Python\Python314\Lib\site-packages\telegram\ext\_extbot.py", line 672, in get_updates
    updates = await super().get_updates(
              ^^^^^^^^^^^^^^^^^^^^^^^^^^
    ...<9 lines>...
    )
    ^
  File "C:\Users\snrso\AppData\Local\Programs\Python\Python314\Lib\site-packages\telegram\_bot.py", line 4865, in get_updates
    await self._post(
    ^^^^^^^^^^^^^^^^^
    ...<7 lines>...
    ),
    ^
  File "C:\Users\snrso\AppData\Local\Programs\Python\Python314\Lib\site-packages\telegram\_bot.py", line 704, in _post
    return await self._do_post(
           ^^^^^^^^^^^^^^^^^^^^
    ...<6 lines>...
    )
    ^
  File "C:\Users\snrso\AppData\Local\Programs\Python\Python314\Lib\site-packages\telegram\ext\_extbot.py", line 370, in _do_post
    return await super()._do_post(
           ^^^^^^^^^^^^^^^^^^^^^^^
    ...<6 lines>...
    )
    ^
  File "C:\Users\snrso\AppData\Local\Programs\Python\Python314\Lib\site-packages\telegram\_bot.py", line 733, in _do_post
    result = await request.post(
             ^^^^^^^^^^^^^^^^^^^
    ...<6 lines>...
    )
    ^
  File "C:\Users\snrso\AppData\Local\Programs\Python\Python314\Lib\site-packages\telegram\request\_baserequest.py", line 198, in post
    result = await self._request_wrapper(
             ^^^^^^^^^^^^^^^^^^^^^^^^^^^^
    ...<7 lines>...
    )
    ^
  File "C:\Users\snrso\AppData\Local\Programs\Python\Python314\Lib\site-packages\telegram\request\_baserequest.py", line 375, in _request_wrapper
    raise exception
telegram.error.Conflict: Conflict: terminated by other getUpdates request; make sure that only one bot instance is running
2026-06-06 19:24:08,054 - httpx - INFO - HTTP Request: POST https://api.telegram.org/bot8838756490:AAE1CAsIDfhrFN31LzqwCXZ-3Lu-3tXYN0Y/getUpdates "HTTP/1.1 409 Conflict"
2026-06-06 19:24:08,056 - telegram.ext.Application - ERROR - No error handlers are registered, logging exception.
Traceback (most recent call last):
  File "C:\Users\snrso\AppData\Local\Programs\Python\Python314\Lib\site-packages\telegram\ext\_utils\networkloop.py", line 161, in network_retry_loop
    await do_action()
  File "C:\Users\snrso\AppData\Local\Programs\Python\Python314\Lib\site-packages\telegram\ext\_utils\networkloop.py", line 154, in do_action
    action_cb_task.result()
    ~~~~~~~~~~~~~~~~~~~~~^^
  File "C:\Users\snrso\AppData\Local\Programs\Python\Python314\Lib\site-packages\telegram\ext\_updater.py", line 340, in polling_action_cb
    updates = await self.bot.get_updates(
              ^^^^^^^^^^^^^^^^^^^^^^^^^^^
    ...<3 lines>...
    )
    ^
  File "C:\Users\snrso\AppData\Local\Programs\Python\Python314\Lib\site-packages\telegram\ext\_extbot.py", line 672, in get_updates
    updates = await super().get_updates(
              ^^^^^^^^^^^^^^^^^^^^^^^^^^
    ...<9 lines>...
    )
    ^
  File "C:\Users\snrso\AppData\Local\Programs\Python\Python314\Lib\site-packages\telegram\_bot.py", line 4865, in get_updates
    await self._post(
    ^^^^^^^^^^^^^^^^^
    ...<7 lines>...
    ),
    ^
  File "C:\Users\snrso\AppData\Local\Programs\Python\Python314\Lib\site-packages\telegram\_bot.py", line 704, in _post
    return await self._do_post(
           ^^^^^^^^^^^^^^^^^^^^
    ...<6 lines>...
    )
    ^
  File "C:\Users\snrso\AppData\Local\Programs\Python\Python314\Lib\site-packages\telegram\ext\_extbot.py", line 370, in _do_post
    return await super()._do_post(
           ^^^^^^^^^^^^^^^^^^^^^^^
    ...<6 lines>...
    )
    ^
  File "C:\Users\snrso\AppData\Local\Programs\Python\Python314\Lib\site-packages\telegram\_bot.py", line 733, in _do_post
    result = await request.post(
             ^^^^^^^^^^^^^^^^^^^
    ...<6 lines>...
    )
    ^
  File "C:\Users\snrso\AppData\Local\Programs\Python\Python314\Lib\site-packages\telegram\request\_baserequest.py", line 198, in post
    result = await self._request_wrapper(
             ^^^^^^^^^^^^^^^^^^^^^^^^^^^^
    ...<7 lines>...
    )
    ^
  File "C:\Users\snrso\AppData\Local\Programs\Python\Python314\Lib\site-packages\telegram\request\_baserequest.py", line 375, in _request_wrapper
    raise exception
telegram.error.Conflict: Conflict: terminated by other getUpdates request; make sure that only one bot instance is running
2026-06-06 19:24:15,054 - httpx - INFO - HTTP Request: POST https://api.telegram.org/bot8838756490:AAE1CAsIDfhrFN31LzqwCXZ-3Lu-3tXYN0Y/getUpdates "HTTP/1.1 200 OK"
2026-06-06 19:24:25,231 - httpx - INFO - HTTP Request: POST https://api.telegram.org/bot8838756490:AAE1CAsIDfhrFN31LzqwCXZ-3Lu-3tXYN0Y/getUpdates "HTTP/1.1 200 OK"
2026-06-06 19:24:35,398 - httpx - INFO - HTTP Request: POST https://api.telegram.org/bot8838756490:AAE1CAsIDfhrFN31LzqwCXZ-3Lu-3tXYN0Y/getUpdates "HTTP/1.1 200 OK"
2026-06-06 19:24:38,553 - httpx - INFO - HTTP Request: POST https://api.telegram.org/bot8838756490:AAE1CAsIDfhrFN31LzqwCXZ-3Lu-3tXYN0Y/getUpdates "HTTP/1.1 409 Conflict"
2026-06-06 19:24:38,554 - telegram.ext.Application - ERROR - No error handlers are registered, logging exception.
Traceback (most recent call last):
  File "C:\Users\snrso\AppData\Local\Programs\Python\Python314\Lib\site-packages\telegram\ext\_utils\networkloop.py", line 161, in network_retry_loop
    await do_action()
  File "C:\Users\snrso\AppData\Local\Programs\Python\Python314\Lib\site-packages\telegram\ext\_utils\networkloop.py", line 154, in do_action
    action_cb_task.result()
    ~~~~~~~~~~~~~~~~~~~~~^^
  File "C:\Users\snrso\AppData\Local\Programs\Python\Python314\Lib\site-packages\telegram\ext\_updater.py", line 340, in polling_action_cb
    updates = await self.bot.get_updates(
              ^^^^^^^^^^^^^^^^^^^^^^^^^^^
    ...<3 lines>...
    )
    ^
  File "C:\Users\snrso\AppData\Local\Programs\Python\Python314\Lib\site-packages\telegram\ext\_extbot.py", line 672, in get_updates
    updates = await super().get_updates(
              ^^^^^^^^^^^^^^^^^^^^^^^^^^
    ...<9 lines>...
    )
    ^
  File "C:\Users\snrso\AppData\Local\Programs\Python\Python314\Lib\site-packages\telegram\_bot.py", line 4865, in get_updates
    await self._post(
    ^^^^^^^^^^^^^^^^^
    ...<7 lines>...
    ),
    ^
  File "C:\Users\snrso\AppData\Local\Programs\Python\Python314\Lib\site-packages\telegram\_bot.py", line 704, in _post
    return await self._do_post(
           ^^^^^^^^^^^^^^^^^^^^
    ...<6 lines>...
    )
    ^
  File "C:\Users\snrso\AppData\Local\Programs\Python\Python314\Lib\site-packages\telegram\ext\_extbot.py", line 370, in _do_post
    return await super()._do_post(
           ^^^^^^^^^^^^^^^^^^^^^^^
    ...<6 lines>...
    )
    ^
  File "C:\Users\snrso\AppData\Local\Programs\Python\Python314\Lib\site-packages\telegram\_bot.py", line 733, in _do_post
    result = await request.post(
             ^^^^^^^^^^^^^^^^^^^
    ...<6 lines>...
    )
    ^
  File "C:\Users\snrso\AppData\Local\Programs\Python\Python314\Lib\site-packages\telegram\request\_baserequest.py", line 198, in post
    result = await self._request_wrapper(
             ^^^^^^^^^^^^^^^^^^^^^^^^^^^^
    ...<7 lines>...
    )
    ^
  File "C:\Users\snrso\AppData\Local\Programs\Python\Python314\Lib\site-packages\telegram\request\_baserequest.py", line 375, in _request_wrapper
    raise exception
telegram.error.Conflict: Conflict: terminated by other getUpdates request; make sure that only one bot instance is running
2026-06-06 19:24:42,720 - httpx - INFO - HTTP Request: POST https://api.telegram.org/bot8838756490:AAE1CAsIDfhrFN31LzqwCXZ-3Lu-3tXYN0Y/getUpdates "HTTP/1.1 409 Conflict"
2026-06-06 19:24:42,721 - telegram.ext.Application - ERROR - No error handlers are registered, logging exception.
Traceback (most recent call last):
  File "C:\Users\snrso\AppData\Local\Programs\Python\Python314\Lib\site-packages\telegram\ext\_utils\networkloop.py", line 161, in network_retry_loop
    await do_action()
  File "C:\Users\snrso\AppData\Local\Programs\Python\Python314\Lib\site-packages\telegram\ext\_utils\networkloop.py", line 154, in do_action
    action_cb_task.result()
    ~~~~~~~~~~~~~~~~~~~~~^^
  File "C:\Users\snrso\AppData\Local\Programs\Python\Python314\Lib\site-packages\telegram\ext\_updater.py", line 340, in polling_action_cb
    updates = await self.bot.get_updates(
              ^^^^^^^^^^^^^^^^^^^^^^^^^^^
    ...<3 lines>...
    )
    ^
  File "C:\Users\snrso\AppData\Local\Programs\Python\Python314\Lib\site-packages\telegram\ext\_extbot.py", line 672, in get_updates
    updates = await super().get_updates(
              ^^^^^^^^^^^^^^^^^^^^^^^^^^
    ...<9 lines>...
    )
    ^
  File "C:\Users\snrso\AppData\Local\Programs\Python\Python314\Lib\site-packages\telegram\_bot.py", line 4865, in get_updates
    await self._post(
    ^^^^^^^^^^^^^^^^^
    ...<7 lines>...
    ),
    ^
  File "C:\Users\snrso\AppData\Local\Programs\Python\Python314\Lib\site-packages\telegram\_bot.py", line 704, in _post
    return await self._do_post(
           ^^^^^^^^^^^^^^^^^^^^
    ...<6 lines>...
    )
    ^
  File "C:\Users\snrso\AppData\Local\Programs\Python\Python314\Lib\site-packages\telegram\ext\_extbot.py", line 370, in _do_post
    return await super()._do_post(
           ^^^^^^^^^^^^^^^^^^^^^^^
    ...<6 lines>...
    )
    ^
  File "C:\Users\snrso\AppData\Local\Programs\Python\Python314\Lib\site-packages\telegram\_bot.py", line 733, in _do_post
    result = await request.post(
             ^^^^^^^^^^^^^^^^^^^
    ...<6 lines>...
    )
    ^
  File "C:\Users\snrso\AppData\Local\Programs\Python\Python314\Lib\site-packages\telegram\request\_baserequest.py", line 198, in post
    result = await self._request_wrapper(
             ^^^^^^^^^^^^^^^^^^^^^^^^^^^^
    ...<7 lines>...
    )
    ^
  File "C:\Users\snrso\AppData\Local\Programs\Python\Python314\Lib\site-packages\telegram\request\_baserequest.py", line 375, in _request_wrapper
    raise exception
telegram.error.Conflict: Conflict: terminated by other getUpdates request; make sure that only one bot instance is running
2026-06-06 19:24:49,718 - httpx - INFO - HTTP Request: POST https://api.telegram.org/bot8838756490:AAE1CAsIDfhrFN31LzqwCXZ-3Lu-3tXYN0Y/getUpdates "HTTP/1.1 200 OK"
2026-06-06 19:24:59,882 - httpx - INFO - HTTP Request: POST https://api.telegram.org/bot8838756490:AAE1CAsIDfhrFN31LzqwCXZ-3Lu-3tXYN0Y/getUpdates "HTTP/1.1 200 OK"
2026-06-06 19:25:10,049 - httpx - INFO - HTTP Request: POST https://api.telegram.org/bot8838756490:AAE1CAsIDfhrFN31LzqwCXZ-3Lu-3tXYN0Y/getUpdates "HTTP/1.1 200 OK"
2026-06-06 19:25:13,217 - httpx - INFO - HTTP Request: POST https://api.telegram.org/bot8838756490:AAE1CAsIDfhrFN31LzqwCXZ-3Lu-3tXYN0Y/getUpdates "HTTP/1.1 409 Conflict"
2026-06-06 19:25:13,219 - telegram.ext.Application - ERROR - No error handlers are registered, logging exception.
Traceback (most recent call last):
  File "C:\Users\snrso\AppData\Local\Programs\Python\Python314\Lib\site-packages\telegram\ext\_utils\networkloop.py", line 161, in network_retry_loop
    await do_action()
  File "C:\Users\snrso\AppData\Local\Programs\Python\Python314\Lib\site-packages\telegram\ext\_utils\networkloop.py", line 154, in do_action
    action_cb_task.result()
    ~~~~~~~~~~~~~~~~~~~~~^^
  File "C:\Users\snrso\AppData\Local\Programs\Python\Python314\Lib\site-packages\telegram\ext\_updater.py", line 340, in polling_action_cb
    updates = await self.bot.get_updates(
              ^^^^^^^^^^^^^^^^^^^^^^^^^^^
    ...<3 lines>...
    )
    ^
  File "C:\Users\snrso\AppData\Local\Programs\Python\Python314\Lib\site-packages\telegram\ext\_extbot.py", line 672, in get_updates
    updates = await super().get_updates(
              ^^^^^^^^^^^^^^^^^^^^^^^^^^
    ...<9 lines>...
    )
    ^
  File "C:\Users\snrso\AppData\Local\Programs\Python\Python314\Lib\site-packages\telegram\_bot.py", line 4865, in get_updates
    await self._post(
    ^^^^^^^^^^^^^^^^^
    ...<7 lines>...
    ),
    ^
  File "C:\Users\snrso\AppData\Local\Programs\Python\Python314\Lib\site-packages\telegram\_bot.py", line 704, in _post
    return await self._do_post(
           ^^^^^^^^^^^^^^^^^^^^
    ...<6 lines>...
    )
    ^
  File "C:\Users\snrso\AppData\Local\Programs\Python\Python314\Lib\site-packages\telegram\ext\_extbot.py", line 370, in _do_post
    return await super()._do_post(
           ^^^^^^^^^^^^^^^^^^^^^^^
    ...<6 lines>...
    )
    ^
  File "C:\Users\snrso\AppData\Local\Programs\Python\Python314\Lib\site-packages\telegram\_bot.py", line 733, in _do_post
    result = await request.post(
             ^^^^^^^^^^^^^^^^^^^
    ...<6 lines>...
    )
    ^
  File "C:\Users\snrso\AppData\Local\Programs\Python\Python314\Lib\site-packages\telegram\request\_baserequest.py", line 198, in post
    result = await self._request_wrapper(
             ^^^^^^^^^^^^^^^^^^^^^^^^^^^^
    ...<7 lines>...
    )
    ^
  File "C:\Users\snrso\AppData\Local\Programs\Python\Python314\Lib\site-packages\telegram\request\_baserequest.py", line 375, in _request_wrapper
    raise exception
telegram.error.Conflict: Conflict: terminated by other getUpdates request; make sure that only one bot instance is running
2026-06-06 19:25:17,401 - httpx - INFO - HTTP Request: POST https://api.telegram.org/bot8838756490:AAE1CAsIDfhrFN31LzqwCXZ-3Lu-3tXYN0Y/getUpdates "HTTP/1.1 409 Conflict"
2026-06-06 19:25:17,403 - telegram.ext.Application - ERROR - No error handlers are registered, logging exception.
Traceback (most recent call last):
  File "C:\Users\snrso\AppData\Local\Programs\Python\Python314\Lib\site-packages\telegram\ext\_utils\networkloop.py", line 161, in network_retry_loop
    await do_action()
  File "C:\Users\snrso\AppData\Local\Programs\Python\Python314\Lib\site-packages\telegram\ext\_utils\networkloop.py", line 154, in do_action
    action_cb_task.result()
    ~~~~~~~~~~~~~~~~~~~~~^^
  File "C:\Users\snrso\AppData\Local\Programs\Python\Python314\Lib\site-packages\telegram\ext\_updater.py", line 340, in polling_action_cb
    updates = await self.bot.get_updates(
              ^^^^^^^^^^^^^^^^^^^^^^^^^^^
    ...<3 lines>...
    )
    ^
  File "C:\Users\snrso\AppData\Local\Programs\Python\Python314\Lib\site-packages\telegram\ext\_extbot.py", line 672, in get_updates
    updates = await super().get_updates(
              ^^^^^^^^^^^^^^^^^^^^^^^^^^
    ...<9 lines>...
    )
    ^
  File "C:\Users\snrso\AppData\Local\Programs\Python\Python314\Lib\site-packages\telegram\_bot.py", line 4865, in get_updates
    await self._post(
    ^^^^^^^^^^^^^^^^^
    ...<7 lines>...
    ),
    ^
  File "C:\Users\snrso\AppData\Local\Programs\Python\Python314\Lib\site-packages\telegram\_bot.py", line 704, in _post
    return await self._do_post(
           ^^^^^^^^^^^^^^^^^^^^
    ...<6 lines>...
    )
    ^
  File "C:\Users\snrso\AppData\Local\Programs\Python\Python314\Lib\site-packages\telegram\ext\_extbot.py", line 370, in _do_post
    return await super()._do_post(
           ^^^^^^^^^^^^^^^^^^^^^^^
    ...<6 lines>...
    )
    ^
  File "C:\Users\snrso\AppData\Local\Programs\Python\Python314\Lib\site-packages\telegram\_bot.py", line 733, in _do_post
    result = await request.post(
             ^^^^^^^^^^^^^^^^^^^
    ...<6 lines>...
    )
    ^
  File "C:\Users\snrso\AppData\Local\Programs\Python\Python314\Lib\site-packages\telegram\request\_baserequest.py", line 198, in post
    result = await self._request_wrapper(
             ^^^^^^^^^^^^^^^^^^^^^^^^^^^^
    ...<7 lines>...
    )
    ^
  File "C:\Users\snrso\AppData\Local\Programs\Python\Python314\Lib\site-packages\telegram\request\_baserequest.py", line 375, in _request_wrapper
    raise exception
telegram.error.Conflict: Conflict: terminated by other getUpdates request; make sure that only one bot instance is running
2026-06-06 19:25:24,407 - httpx - INFO - HTTP Request: POST https://api.telegram.org/bot8838756490:AAE1CAsIDfhrFN31LzqwCXZ-3Lu-3tXYN0Y/getUpdates "HTTP/1.1 200 OK"
2026-06-06 19:25:34,596 - httpx - INFO - HTTP Request: POST https://api.telegram.org/bot8838756490:AAE1CAsIDfhrFN31LzqwCXZ-3Lu-3tXYN0Y/getUpdates "HTTP/1.1 200 OK"
2026-06-06 19:25:44,764 - httpx - INFO - HTTP Request: POST https://api.telegram.org/bot8838756490:AAE1CAsIDfhrFN31LzqwCXZ-3Lu-3tXYN0Y/getUpdates "HTTP/1.1 200 OK"
2026-06-06 19:25:47,973 - httpx - INFO - HTTP Request: POST https://api.telegram.org/bot8838756490:AAE1CAsIDfhrFN31LzqwCXZ-3Lu-3tXYN0Y/getUpdates "HTTP/1.1 409 Conflict"
2026-06-06 19:25:47,974 - telegram.ext.Application - ERROR - No error handlers are registered, logging exception.
Traceback (most recent call last):
  File "C:\Users\snrso\AppData\Local\Programs\Python\Python314\Lib\site-packages\telegram\ext\_utils\networkloop.py", line 161, in network_retry_loop
    await do_action()
  File "C:\Users\snrso\AppData\Local\Programs\Python\Python314\Lib\site-packages\telegram\ext\_utils\networkloop.py", line 154, in do_action
    action_cb_task.result()
    ~~~~~~~~~~~~~~~~~~~~~^^
  File "C:\Users\snrso\AppData\Local\Programs\Python\Python314\Lib\site-packages\telegram\ext\_updater.py", line 340, in polling_action_cb
    updates = await self.bot.get_updates(
              ^^^^^^^^^^^^^^^^^^^^^^^^^^^
    ...<3 lines>...
    )
    ^
  File "C:\Users\snrso\AppData\Local\Programs\Python\Python314\Lib\site-packages\telegram\ext\_extbot.py", line 672, in get_updates
    updates = await super().get_updates(
              ^^^^^^^^^^^^^^^^^^^^^^^^^^
    ...<9 lines>...
    )
    ^
  File "C:\Users\snrso\AppData\Local\Programs\Python\Python314\Lib\site-packages\telegram\_bot.py", line 4865, in get_updates
    await self._post(
    ^^^^^^^^^^^^^^^^^
    ...<7 lines>...
    ),
    ^
  File "C:\Users\snrso\AppData\Local\Programs\Python\Python314\Lib\site-packages\telegram\_bot.py", line 704, in _post
    return await self._do_post(
           ^^^^^^^^^^^^^^^^^^^^
    ...<6 lines>...
    )
    ^
  File "C:\Users\snrso\AppData\Local\Programs\Python\Python314\Lib\site-packages\telegram\ext\_extbot.py", line 370, in _do_post
    return await super()._do_post(
           ^^^^^^^^^^^^^^^^^^^^^^^
    ...<6 lines>...
    )
    ^
  File "C:\Users\snrso\AppData\Local\Programs\Python\Python314\Lib\site-packages\telegram\_bot.py", line 733, in _do_post
    result = await request.post(
             ^^^^^^^^^^^^^^^^^^^
    ...<6 lines>...
    )
    ^
  File "C:\Users\snrso\AppData\Local\Programs\Python\Python314\Lib\site-packages\telegram\request\_baserequest.py", line 198, in post
    result = await self._request_wrapper(
             ^^^^^^^^^^^^^^^^^^^^^^^^^^^^
    ...<7 lines>...
    )
    ^
  File "C:\Users\snrso\AppData\Local\Programs\Python\Python314\Lib\site-packages\telegram\request\_baserequest.py", line 375, in _request_wrapper
    raise exception
telegram.error.Conflict: Conflict: terminated by other getUpdates request; make sure that only one bot instance is running
2026-06-06 19:25:52,151 - httpx - INFO - HTTP Request: POST https://api.telegram.org/bot8838756490:AAE1CAsIDfhrFN31LzqwCXZ-3Lu-3tXYN0Y/getUpdates "HTTP/1.1 409 Conflict"
2026-06-06 19:25:52,153 - telegram.ext.Application - ERROR - No error handlers are registered, logging exception.
Traceback (most recent call last):
  File "C:\Users\snrso\AppData\Local\Programs\Python\Python314\Lib\site-packages\telegram\ext\_utils\networkloop.py", line 161, in network_retry_loop
    await do_action()
  File "C:\Users\snrso\AppData\Local\Programs\Python\Python314\Lib\site-packages\telegram\ext\_utils\networkloop.py", line 154, in do_action
    action_cb_task.result()
    ~~~~~~~~~~~~~~~~~~~~~^^
  File "C:\Users\snrso\AppData\Local\Programs\Python\Python314\Lib\site-packages\telegram\ext\_updater.py", line 340, in polling_action_cb
    updates = await self.bot.get_updates(
              ^^^^^^^^^^^^^^^^^^^^^^^^^^^
    ...<3 lines>...
    )
    ^
  File "C:\Users\snrso\AppData\Local\Programs\Python\Python314\Lib\site-packages\telegram\ext\_extbot.py", line 672, in get_updates
    updates = await super().get_updates(
              ^^^^^^^^^^^^^^^^^^^^^^^^^^
    ...<9 lines>...
    )
    ^
  File "C:\Users\snrso\AppData\Local\Programs\Python\Python314\Lib\site-packages\telegram\_bot.py", line 4865, in get_updates
    await self._post(
    ^^^^^^^^^^^^^^^^^
    ...<7 lines>...
    ),
    ^
  File "C:\Users\snrso\AppData\Local\Programs\Python\Python314\Lib\site-packages\telegram\_bot.py", line 704, in _post
    return await self._do_post(
           ^^^^^^^^^^^^^^^^^^^^
    ...<6 lines>...
    )
    ^
  File "C:\Users\snrso\AppData\Local\Programs\Python\Python314\Lib\site-packages\telegram\ext\_extbot.py", line 370, in _do_post
    return await super()._do_post(
           ^^^^^^^^^^^^^^^^^^^^^^^
    ...<6 lines>...
    )
    ^
  File "C:\Users\snrso\AppData\Local\Programs\Python\Python314\Lib\site-packages\telegram\_bot.py", line 733, in _do_post
    result = await request.post(
             ^^^^^^^^^^^^^^^^^^^
    ...<6 lines>...
    )
    ^
  File "C:\Users\snrso\AppData\Local\Programs\Python\Python314\Lib\site-packages\telegram\request\_baserequest.py", line 198, in post
    result = await self._request_wrapper(
             ^^^^^^^^^^^^^^^^^^^^^^^^^^^^
    ...<7 lines>...
    )
    ^
  File "C:\Users\snrso\AppData\Local\Programs\Python\Python314\Lib\site-packages\telegram\request\_baserequest.py", line 375, in _request_wrapper
    raise exception
telegram.error.Conflict: Conflict: terminated by other getUpdates request; make sure that only one bot instance is running
2026-06-06 19:25:59,170 - httpx - INFO - HTTP Request: POST https://api.telegram.org/bot8838756490:AAE1CAsIDfhrFN31LzqwCXZ-3Lu-3tXYN0Y/getUpdates "HTTP/1.1 200 OK"
2026-06-06 19:26:09,345 - httpx - INFO - HTTP Request: POST https://api.telegram.org/bot8838756490:AAE1CAsIDfhrFN31LzqwCXZ-3Lu-3tXYN0Y/getUpdates "HTTP/1.1 200 OK"
2026-06-06 19:26:19,512 - httpx - INFO - HTTP Request: POST https://api.telegram.org/bot8838756490:AAE1CAsIDfhrFN31LzqwCXZ-3Lu-3tXYN0Y/getUpdates "HTTP/1.1 200 OK"
2026-06-06 19:26:22,684 - httpx - INFO - HTTP Request: POST https://api.telegram.org/bot8838756490:AAE1CAsIDfhrFN31LzqwCXZ-3Lu-3tXYN0Y/getUpdates "HTTP/1.1 409 Conflict"
2026-06-06 19:26:22,685 - telegram.ext.Application - ERROR - No error handlers are registered, logging exception.
Traceback (most recent call last):
  File "C:\Users\snrso\AppData\Local\Programs\Python\Python314\Lib\site-packages\telegram\ext\_utils\networkloop.py", line 161, in network_retry_loop
    await do_action()
  File "C:\Users\snrso\AppData\Local\Programs\Python\Python314\Lib\site-packages\telegram\ext\_utils\networkloop.py", line 154, in do_action
    action_cb_task.result()
    ~~~~~~~~~~~~~~~~~~~~~^^
  File "C:\Users\snrso\AppData\Local\Programs\Python\Python314\Lib\site-packages\telegram\ext\_updater.py", line 340, in polling_action_cb
    updates = await self.bot.get_updates(
              ^^^^^^^^^^^^^^^^^^^^^^^^^^^
    ...<3 lines>...
    )
    ^
  File "C:\Users\snrso\AppData\Local\Programs\Python\Python314\Lib\site-packages\telegram\ext\_extbot.py", line 672, in get_updates
    updates = await super().get_updates(
              ^^^^^^^^^^^^^^^^^^^^^^^^^^
    ...<9 lines>...
    )
    ^
  File "C:\Users\snrso\AppData\Local\Programs\Python\Python314\Lib\site-packages\telegram\_bot.py", line 4865, in get_updates
    await self._post(
    ^^^^^^^^^^^^^^^^^
    ...<7 lines>...
    ),
    ^
  File "C:\Users\snrso\AppData\Local\Programs\Python\Python314\Lib\site-packages\telegram\_bot.py", line 704, in _post
    return await self._do_post(
           ^^^^^^^^^^^^^^^^^^^^
    ...<6 lines>...
    )
    ^
  File "C:\Users\snrso\AppData\Local\Programs\Python\Python314\Lib\site-packages\telegram\ext\_extbot.py", line 370, in _do_post
    return await super()._do_post(
           ^^^^^^^^^^^^^^^^^^^^^^^
    ...<6 lines>...
    )
    ^
  File "C:\Users\snrso\AppData\Local\Programs\Python\Python314\Lib\site-packages\telegram\_bot.py", line 733, in _do_post
    result = await request.post(
             ^^^^^^^^^^^^^^^^^^^
    ...<6 lines>...
    )
    ^
  File "C:\Users\snrso\AppData\Local\Programs\Python\Python314\Lib\site-packages\telegram\request\_baserequest.py", line 198, in post
    result = await self._request_wrapper(
             ^^^^^^^^^^^^^^^^^^^^^^^^^^^^
    ...<7 lines>...
    )
    ^
  File "C:\Users\snrso\AppData\Local\Programs\Python\Python314\Lib\site-packages\telegram\request\_baserequest.py", line 375, in _request_wrapper
    raise exception
telegram.error.Conflict: Conflict: terminated by other getUpdates request; make sure that only one bot instance is running
2026-06-06 19:26:26,862 - httpx - INFO - HTTP Request: POST https://api.telegram.org/bot8838756490:AAE1CAsIDfhrFN31LzqwCXZ-3Lu-3tXYN0Y/getUpdates "HTTP/1.1 409 Conflict"
2026-06-06 19:26:26,863 - telegram.ext.Application - ERROR - No error handlers are registered, logging exception.
Traceback (most recent call last):
  File "C:\Users\snrso\AppData\Local\Programs\Python\Python314\Lib\site-packages\telegram\ext\_utils\networkloop.py", line 161, in network_retry_loop
    await do_action()
  File "C:\Users\snrso\AppData\Local\Programs\Python\Python314\Lib\site-packages\telegram\ext\_utils\networkloop.py", line 154, in do_action
    action_cb_task.result()
    ~~~~~~~~~~~~~~~~~~~~~^^
  File "C:\Users\snrso\AppData\Local\Programs\Python\Python314\Lib\site-packages\telegram\ext\_updater.py", line 340, in polling_action_cb
    updates = await self.bot.get_updates(
              ^^^^^^^^^^^^^^^^^^^^^^^^^^^
    ...<3 lines>...
    )
    ^
  File "C:\Users\snrso\AppData\Local\Programs\Python\Python314\Lib\site-packages\telegram\ext\_extbot.py", line 672, in get_updates
    updates = await super().get_updates(
              ^^^^^^^^^^^^^^^^^^^^^^^^^^
    ...<9 lines>...
    )
    ^
  File "C:\Users\snrso\AppData\Local\Programs\Python\Python314\Lib\site-packages\telegram\_bot.py", line 4865, in get_updates
    await self._post(
    ^^^^^^^^^^^^^^^^^
    ...<7 lines>...
    ),
    ^
  File "C:\Users\snrso\AppData\Local\Programs\Python\Python314\Lib\site-packages\telegram\_bot.py", line 704, in _post
    return await self._do_post(
           ^^^^^^^^^^^^^^^^^^^^
    ...<6 lines>...
    )
    ^
  File "C:\Users\snrso\AppData\Local\Programs\Python\Python314\Lib\site-packages\telegram\ext\_extbot.py", line 370, in _do_post
    return await super()._do_post(
           ^^^^^^^^^^^^^^^^^^^^^^^
    ...<6 lines>...
    )
    ^
  File "C:\Users\snrso\AppData\Local\Programs\Python\Python314\Lib\site-packages\telegram\_bot.py", line 733, in _do_post
    result = await request.post(
             ^^^^^^^^^^^^^^^^^^^
    ...<6 lines>...
    )
    ^
  File "C:\Users\snrso\AppData\Local\Programs\Python\Python314\Lib\site-packages\telegram\request\_baserequest.py", line 198, in post
    result = await self._request_wrapper(
             ^^^^^^^^^^^^^^^^^^^^^^^^^^^^
    ...<7 lines>...
    )
    ^
  File "C:\Users\snrso\AppData\Local\Programs\Python\Python314\Lib\site-packages\telegram\request\_baserequest.py", line 375, in _request_wrapper
    raise exception
telegram.error.Conflict: Conflict: terminated by other getUpdates request; make sure that only one bot instance is running
2026-06-06 19:26:33,864 - httpx - INFO - HTTP Request: POST https://api.telegram.org/bot8838756490:AAE1CAsIDfhrFN31LzqwCXZ-3Lu-3tXYN0Y/getUpdates "HTTP/1.1 200 OK"
2026-06-06 19:26:44,033 - httpx - INFO - HTTP Request: POST https://api.telegram.org/bot8838756490:AAE1CAsIDfhrFN31LzqwCXZ-3Lu-3tXYN0Y/getUpdates "HTTP/1.1 200 OK"
2026-06-06 19:26:54,203 - httpx - INFO - HTTP Request: POST https://api.telegram.org/bot8838756490:AAE1CAsIDfhrFN31LzqwCXZ-3Lu-3tXYN0Y/getUpdates "HTTP/1.1 200 OK"
2026-06-06 19:26:58,392 - httpx - INFO - HTTP Request: POST https://api.telegram.org/bot8838756490:AAE1CAsIDfhrFN31LzqwCXZ-3Lu-3tXYN0Y/getUpdates "HTTP/1.1 409 Conflict"
2026-06-06 19:26:58,394 - telegram.ext.Application - ERROR - No error handlers are registered, logging exception.
Traceback (most recent call last):
  File "C:\Users\snrso\AppData\Local\Programs\Python\Python314\Lib\site-packages\telegram\ext\_utils\networkloop.py", line 161, in network_retry_loop
    await do_action()
  File "C:\Users\snrso\AppData\Local\Programs\Python\Python314\Lib\site-packages\telegram\ext\_utils\networkloop.py", line 154, in do_action
    action_cb_task.result()
    ~~~~~~~~~~~~~~~~~~~~~^^
  File "C:\Users\snrso\AppData\Local\Programs\Python\Python314\Lib\site-packages\telegram\ext\_updater.py", line 340, in polling_action_cb
    updates = await self.bot.get_updates(
              ^^^^^^^^^^^^^^^^^^^^^^^^^^^
    ...<3 lines>...
    )
    ^
  File "C:\Users\snrso\AppData\Local\Programs\Python\Python314\Lib\site-packages\telegram\ext\_extbot.py", line 672, in get_updates
    updates = await super().get_updates(
              ^^^^^^^^^^^^^^^^^^^^^^^^^^
    ...<9 lines>...
    )
    ^
  File "C:\Users\snrso\AppData\Local\Programs\Python\Python314\Lib\site-packages\telegram\_bot.py", line 4865, in get_updates
    await self._post(
    ^^^^^^^^^^^^^^^^^
    ...<7 lines>...
    ),
    ^
  File "C:\Users\snrso\AppData\Local\Programs\Python\Python314\Lib\site-packages\telegram\_bot.py", line 704, in _post
    return await self._do_post(
           ^^^^^^^^^^^^^^^^^^^^
    ...<6 lines>...
    )
    ^
  File "C:\Users\snrso\AppData\Local\Programs\Python\Python314\Lib\site-packages\telegram\ext\_extbot.py", line 370, in _do_post
    return await super()._do_post(
           ^^^^^^^^^^^^^^^^^^^^^^^
    ...<6 lines>...
    )
    ^
  File "C:\Users\snrso\AppData\Local\Programs\Python\Python314\Lib\site-packages\telegram\_bot.py", line 733, in _do_post
    result = await request.post(
             ^^^^^^^^^^^^^^^^^^^
    ...<6 lines>...
    )
    ^
  File "C:\Users\snrso\AppData\Local\Programs\Python\Python314\Lib\site-packages\telegram\request\_baserequest.py", line 198, in post
    result = await self._request_wrapper(
             ^^^^^^^^^^^^^^^^^^^^^^^^^^^^
    ...<7 lines>...
    )
    ^
  File "C:\Users\snrso\AppData\Local\Programs\Python\Python314\Lib\site-packages\telegram\request\_baserequest.py", line 375, in _request_wrapper
    raise exception
telegram.error.Conflict: Conflict: terminated by other getUpdates request; make sure that only one bot instance is running
2026-06-06 19:27:02,576 - httpx - INFO - HTTP Request: POST https://api.telegram.org/bot8838756490:AAE1CAsIDfhrFN31LzqwCXZ-3Lu-3tXYN0Y/getUpdates "HTTP/1.1 409 Conflict"
2026-06-06 19:27:02,577 - telegram.ext.Application - ERROR - No error handlers are registered, logging exception.
Traceback (most recent call last):
  File "C:\Users\snrso\AppData\Local\Programs\Python\Python314\Lib\site-packages\telegram\ext\_utils\networkloop.py", line 161, in network_retry_loop
    await do_action()
  File "C:\Users\snrso\AppData\Local\Programs\Python\Python314\Lib\site-packages\telegram\ext\_utils\networkloop.py", line 154, in do_action
    action_cb_task.result()
    ~~~~~~~~~~~~~~~~~~~~~^^
  File "C:\Users\snrso\AppData\Local\Programs\Python\Python314\Lib\site-packages\telegram\ext\_updater.py", line 340, in polling_action_cb
    updates = await self.bot.get_updates(
              ^^^^^^^^^^^^^^^^^^^^^^^^^^^
    ...<3 lines>...
    )
    ^
  File "C:\Users\snrso\AppData\Local\Programs\Python\Python314\Lib\site-packages\telegram\ext\_extbot.py", line 672, in get_updates
    updates = await super().get_updates(
              ^^^^^^^^^^^^^^^^^^^^^^^^^^
    ...<9 lines>...
    )
    ^
  File "C:\Users\snrso\AppData\Local\Programs\Python\Python314\Lib\site-packages\telegram\_bot.py", line 4865, in get_updates
    await self._post(
    ^^^^^^^^^^^^^^^^^
    ...<7 lines>...
    ),
    ^
  File "C:\Users\snrso\AppData\Local\Programs\Python\Python314\Lib\site-packages\telegram\_bot.py", line 704, in _post
    return await self._do_post(
           ^^^^^^^^^^^^^^^^^^^^
    ...<6 lines>...
    )
    ^
  File "C:\Users\snrso\AppData\Local\Programs\Python\Python314\Lib\site-packages\telegram\ext\_extbot.py", line 370, in _do_post
    return await super()._do_post(
           ^^^^^^^^^^^^^^^^^^^^^^^
    ...<6 lines>...
    )
    ^
  File "C:\Users\snrso\AppData\Local\Programs\Python\Python314\Lib\site-packages\telegram\_bot.py", line 733, in _do_post
    result = await request.post(
             ^^^^^^^^^^^^^^^^^^^
    ...<6 lines>...
    )
    ^
  File "C:\Users\snrso\AppData\Local\Programs\Python\Python314\Lib\site-packages\telegram\request\_baserequest.py", line 198, in post
    result = await self._request_wrapper(
             ^^^^^^^^^^^^^^^^^^^^^^^^^^^^
    ...<7 lines>...
    )
    ^
  File "C:\Users\snrso\AppData\Local\Programs\Python\Python314\Lib\site-packages\telegram\request\_baserequest.py", line 375, in _request_wrapper
    raise exception
telegram.error.Conflict: Conflict: terminated by other getUpdates request; make sure that only one bot instance is running
2026-06-06 19:27:09,577 - httpx - INFO - HTTP Request: POST https://api.telegram.org/bot8838756490:AAE1CAsIDfhrFN31LzqwCXZ-3Lu-3tXYN0Y/getUpdates "HTTP/1.1 200 OK"
2026-06-06 19:27:19,748 - httpx - INFO - HTTP Request: POST https://api.telegram.org/bot8838756490:AAE1CAsIDfhrFN31LzqwCXZ-3Lu-3tXYN0Y/getUpdates "HTTP/1.1 200 OK"
2026-06-06 19:27:29,918 - httpx - INFO - HTTP Request: POST https://api.telegram.org/bot8838756490:AAE1CAsIDfhrFN31LzqwCXZ-3Lu-3tXYN0Y/getUpdates "HTTP/1.1 200 OK"
2026-06-06 19:27:33,131 - httpx - INFO - HTTP Request: POST https://api.telegram.org/bot8838756490:AAE1CAsIDfhrFN31LzqwCXZ-3Lu-3tXYN0Y/getUpdates "HTTP/1.1 409 Conflict"
2026-06-06 19:27:33,132 - telegram.ext.Application - ERROR - No error handlers are registered, logging exception.
Traceback (most recent call last):
  File "C:\Users\snrso\AppData\Local\Programs\Python\Python314\Lib\site-packages\telegram\ext\_utils\networkloop.py", line 161, in network_retry_loop
    await do_action()
  File "C:\Users\snrso\AppData\Local\Programs\Python\Python314\Lib\site-packages\telegram\ext\_utils\networkloop.py", line 154, in do_action
    action_cb_task.result()
    ~~~~~~~~~~~~~~~~~~~~~^^
  File "C:\Users\snrso\AppData\Local\Programs\Python\Python314\Lib\site-packages\telegram\ext\_updater.py", line 340, in polling_action_cb
    updates = await self.bot.get_updates(
              ^^^^^^^^^^^^^^^^^^^^^^^^^^^
    ...<3 lines>...
    )
    ^
  File "C:\Users\snrso\AppData\Local\Programs\Python\Python314\Lib\site-packages\telegram\ext\_extbot.py", line 672, in get_updates
    updates = await super().get_updates(
              ^^^^^^^^^^^^^^^^^^^^^^^^^^
    ...<9 lines>...
    )
    ^
  File "C:\Users\snrso\AppData\Local\Programs\Python\Python314\Lib\site-packages\telegram\_bot.py", line 4865, in get_updates
    await self._post(
    ^^^^^^^^^^^^^^^^^
    ...<7 lines>...
    ),
    ^
  File "C:\Users\snrso\AppData\Local\Programs\Python\Python314\Lib\site-packages\telegram\_bot.py", line 704, in _post
    return await self._do_post(
           ^^^^^^^^^^^^^^^^^^^^
    ...<6 lines>...
    )
    ^
  File "C:\Users\snrso\AppData\Local\Programs\Python\Python314\Lib\site-packages\telegram\ext\_extbot.py", line 370, in _do_post
    return await super()._do_post(
           ^^^^^^^^^^^^^^^^^^^^^^^
    ...<6 lines>...
    )
    ^
  File "C:\Users\snrso\AppData\Local\Programs\Python\Python314\Lib\site-packages\telegram\_bot.py", line 733, in _do_post
    result = await request.post(
             ^^^^^^^^^^^^^^^^^^^
    ...<6 lines>...
    )
    ^
  File "C:\Users\snrso\AppData\Local\Programs\Python\Python314\Lib\site-packages\telegram\request\_baserequest.py", line 198, in post
    result = await self._request_wrapper(
             ^^^^^^^^^^^^^^^^^^^^^^^^^^^^
    ...<7 lines>...
    )
    ^
  File "C:\Users\snrso\AppData\Local\Programs\Python\Python314\Lib\site-packages\telegram\request\_baserequest.py", line 375, in _request_wrapper
    raise exception
telegram.error.Conflict: Conflict: terminated by other getUpdates request; make sure that only one bot instance is running
2026-06-06 19:27:37,329 - httpx - INFO - HTTP Request: POST https://api.telegram.org/bot8838756490:AAE1CAsIDfhrFN31LzqwCXZ-3Lu-3tXYN0Y/getUpdates "HTTP/1.1 409 Conflict"
2026-06-06 19:27:37,348 - telegram.ext.Application - ERROR - No error handlers are registered, logging exception.
Traceback (most recent call last):
  File "C:\Users\snrso\AppData\Local\Programs\Python\Python314\Lib\site-packages\telegram\ext\_utils\networkloop.py", line 161, in network_retry_loop
    await do_action()
  File "C:\Users\snrso\AppData\Local\Programs\Python\Python314\Lib\site-packages\telegram\ext\_utils\networkloop.py", line 154, in do_action
    action_cb_task.result()
    ~~~~~~~~~~~~~~~~~~~~~^^
  File "C:\Users\snrso\AppData\Local\Programs\Python\Python314\Lib\site-packages\telegram\ext\_updater.py", line 340, in polling_action_cb
    updates = await self.bot.get_updates(
              ^^^^^^^^^^^^^^^^^^^^^^^^^^^
    ...<3 lines>...
    )
    ^
  File "C:\Users\snrso\AppData\Local\Programs\Python\Python314\Lib\site-packages\telegram\ext\_extbot.py", line 672, in get_updates
    updates = await super().get_updates(
              ^^^^^^^^^^^^^^^^^^^^^^^^^^
    ...<9 lines>...
    )
    ^
  File "C:\Users\snrso\AppData\Local\Programs\Python\Python314\Lib\site-packages\telegram\_bot.py", line 4865, in get_updates
    await self._post(
    ^^^^^^^^^^^^^^^^^
    ...<7 lines>...
    ),
    ^
  File "C:\Users\snrso\AppData\Local\Programs\Python\Python314\Lib\site-packages\telegram\_bot.py", line 704, in _post
    return await self._do_post(
           ^^^^^^^^^^^^^^^^^^^^
    ...<6 lines>...
    )
    ^
  File "C:\Users\snrso\AppData\Local\Programs\Python\Python314\Lib\site-packages\telegram\ext\_extbot.py", line 370, in _do_post
    return await super()._do_post(
           ^^^^^^^^^^^^^^^^^^^^^^^
    ...<6 lines>...
    )
    ^
  File "C:\Users\snrso\AppData\Local\Programs\Python\Python314\Lib\site-packages\telegram\_bot.py", line 733, in _do_post
    result = await request.post(
             ^^^^^^^^^^^^^^^^^^^
    ...<6 lines>...
    )
    ^
  File "C:\Users\snrso\AppData\Local\Programs\Python\Python314\Lib\site-packages\telegram\request\_baserequest.py", line 198, in post
    result = await self._request_wrapper(
             ^^^^^^^^^^^^^^^^^^^^^^^^^^^^
    ...<7 lines>...
    )
    ^
  File "C:\Users\snrso\AppData\Local\Programs\Python\Python314\Lib\site-packages\telegram\request\_baserequest.py", line 375, in _request_wrapper
    raise exception
telegram.error.Conflict: Conflict: terminated by other getUpdates request; make sure that only one bot instance is running
2026-06-06 19:27:44,311 - httpx - INFO - HTTP Request: POST https://api.telegram.org/bot8838756490:AAE1CAsIDfhrFN31LzqwCXZ-3Lu-3tXYN0Y/getUpdates "HTTP/1.1 200 OK"
2026-06-06 19:27:54,479 - httpx - INFO - HTTP Request: POST https://api.telegram.org/bot8838756490:AAE1CAsIDfhrFN31LzqwCXZ-3Lu-3tXYN0Y/getUpdates "HTTP/1.1 200 OK"
2026-06-06 19:28:04,656 - httpx - INFO - HTTP Request: POST https://api.telegram.org/bot8838756490:AAE1CAsIDfhrFN31LzqwCXZ-3Lu-3tXYN0Y/getUpdates "HTTP/1.1 200 OK"
2026-06-06 19:28:07,845 - httpx - INFO - HTTP Request: POST https://api.telegram.org/bot8838756490:AAE1CAsIDfhrFN31LzqwCXZ-3Lu-3tXYN0Y/getUpdates "HTTP/1.1 409 Conflict"
2026-06-06 19:28:07,847 - telegram.ext.Application - ERROR - No error handlers are registered, logging exception.
Traceback (most recent call last):
  File "C:\Users\snrso\AppData\Local\Programs\Python\Python314\Lib\site-packages\telegram\ext\_utils\networkloop.py", line 161, in network_retry_loop
    await do_action()
  File "C:\Users\snrso\AppData\Local\Programs\Python\Python314\Lib\site-packages\telegram\ext\_utils\networkloop.py", line 154, in do_action
    action_cb_task.result()
    ~~~~~~~~~~~~~~~~~~~~~^^
  File "C:\Users\snrso\AppData\Local\Programs\Python\Python314\Lib\site-packages\telegram\ext\_updater.py", line 340, in polling_action_cb
    updates = await self.bot.get_updates(
              ^^^^^^^^^^^^^^^^^^^^^^^^^^^
    ...<3 lines>...
    )
    ^
  File "C:\Users\snrso\AppData\Local\Programs\Python\Python314\Lib\site-packages\telegram\ext\_extbot.py", line 672, in get_updates
    updates = await super().get_updates(
              ^^^^^^^^^^^^^^^^^^^^^^^^^^
    ...<9 lines>...
    )
    ^
  File "C:\Users\snrso\AppData\Local\Programs\Python\Python314\Lib\site-packages\telegram\_bot.py", line 4865, in get_updates
    await self._post(
    ^^^^^^^^^^^^^^^^^
    ...<7 lines>...
    ),
    ^
  File "C:\Users\snrso\AppData\Local\Programs\Python\Python314\Lib\site-packages\telegram\_bot.py", line 704, in _post
    return await self._do_post(
           ^^^^^^^^^^^^^^^^^^^^
    ...<6 lines>...
    )
    ^
  File "C:\Users\snrso\AppData\Local\Programs\Python\Python314\Lib\site-packages\telegram\ext\_extbot.py", line 370, in _do_post
    return await super()._do_post(
           ^^^^^^^^^^^^^^^^^^^^^^^
    ...<6 lines>...
    )
    ^
  File "C:\Users\snrso\AppData\Local\Programs\Python\Python314\Lib\site-packages\telegram\_bot.py", line 733, in _do_post
    result = await request.post(
             ^^^^^^^^^^^^^^^^^^^
    ...<6 lines>...
    )
    ^
  File "C:\Users\snrso\AppData\Local\Programs\Python\Python314\Lib\site-packages\telegram\request\_baserequest.py", line 198, in post
    result = await self._request_wrapper(
             ^^^^^^^^^^^^^^^^^^^^^^^^^^^^
    ...<7 lines>...
    )
    ^
  File "C:\Users\snrso\AppData\Local\Programs\Python\Python314\Lib\site-packages\telegram\request\_baserequest.py", line 375, in _request_wrapper
    raise exception
telegram.error.Conflict: Conflict: terminated by other getUpdates request; make sure that only one bot instance is running
2026-06-06 19:28:12,014 - httpx - INFO - HTTP Request: POST https://api.telegram.org/bot8838756490:AAE1CAsIDfhrFN31LzqwCXZ-3Lu-3tXYN0Y/getUpdates "HTTP/1.1 409 Conflict"
2026-06-06 19:28:12,016 - telegram.ext.Application - ERROR - No error handlers are registered, logging exception.
Traceback (most recent call last):
  File "C:\Users\snrso\AppData\Local\Programs\Python\Python314\Lib\site-packages\telegram\ext\_utils\networkloop.py", line 161, in network_retry_loop
    await do_action()
  File "C:\Users\snrso\AppData\Local\Programs\Python\Python314\Lib\site-packages\telegram\ext\_utils\networkloop.py", line 154, in do_action
    action_cb_task.result()
    ~~~~~~~~~~~~~~~~~~~~~^^
  File "C:\Users\snrso\AppData\Local\Programs\Python\Python314\Lib\site-packages\telegram\ext\_updater.py", line 340, in polling_action_cb
    updates = await self.bot.get_updates(
              ^^^^^^^^^^^^^^^^^^^^^^^^^^^
    ...<3 lines>...
    )
    ^
  File "C:\Users\snrso\AppData\Local\Programs\Python\Python314\Lib\site-packages\telegram\ext\_extbot.py", line 672, in get_updates
    updates = await super().get_updates(
              ^^^^^^^^^^^^^^^^^^^^^^^^^^
    ...<9 lines>...
    )
    ^
  File "C:\Users\snrso\AppData\Local\Programs\Python\Python314\Lib\site-packages\telegram\_bot.py", line 4865, in get_updates
    await self._post(
    ^^^^^^^^^^^^^^^^^
    ...<7 lines>...
    ),
    ^
  File "C:\Users\snrso\AppData\Local\Programs\Python\Python314\Lib\site-packages\telegram\_bot.py", line 704, in _post
    return await self._do_post(
           ^^^^^^^^^^^^^^^^^^^^
    ...<6 lines>...
    )
    ^
  File "C:\Users\snrso\AppData\Local\Programs\Python\Python314\Lib\site-packages\telegram\ext\_extbot.py", line 370, in _do_post
    return await super()._do_post(
           ^^^^^^^^^^^^^^^^^^^^^^^
    ...<6 lines>...
    )
    ^
  File "C:\Users\snrso\AppData\Local\Programs\Python\Python314\Lib\site-packages\telegram\_bot.py", line 733, in _do_post
    result = await request.post(
             ^^^^^^^^^^^^^^^^^^^
    ...<6 lines>...
    )
    ^
  File "C:\Users\snrso\AppData\Local\Programs\Python\Python314\Lib\site-packages\telegram\request\_baserequest.py", line 198, in post
    result = await self._request_wrapper(
             ^^^^^^^^^^^^^^^^^^^^^^^^^^^^
    ...<7 lines>...
    )
    ^
  File "C:\Users\snrso\AppData\Local\Programs\Python\Python314\Lib\site-packages\telegram\request\_baserequest.py", line 375, in _request_wrapper
    raise exception
telegram.error.Conflict: Conflict: terminated by other getUpdates request; make sure that only one bot instance is running
2026-06-06 19:28:19,019 - httpx - INFO - HTTP Request: POST https://api.telegram.org/bot8838756490:AAE1CAsIDfhrFN31LzqwCXZ-3Lu-3tXYN0Y/getUpdates "HTTP/1.1 200 OK"
2026-06-06 19:28:29,194 - httpx - INFO - HTTP Request: POST https://api.telegram.org/bot8838756490:AAE1CAsIDfhrFN31LzqwCXZ-3Lu-3tXYN0Y/getUpdates "HTTP/1.1 200 OK"
2026-06-06 19:28:39,368 - httpx - INFO - HTTP Request: POST https://api.telegram.org/bot8838756490:AAE1CAsIDfhrFN31LzqwCXZ-3Lu-3tXYN0Y/getUpdates "HTTP/1.1 200 OK"
2026-06-06 19:28:42,524 - httpx - INFO - HTTP Request: POST https://api.telegram.org/bot8838756490:AAE1CAsIDfhrFN31LzqwCXZ-3Lu-3tXYN0Y/getUpdates "HTTP/1.1 409 Conflict"
2026-06-06 19:28:42,525 - telegram.ext.Application - ERROR - No error handlers are registered, logging exception.
Traceback (most recent call last):
  File "C:\Users\snrso\AppData\Local\Programs\Python\Python314\Lib\site-packages\telegram\ext\_utils\networkloop.py", line 161, in network_retry_loop
    await do_action()
  File "C:\Users\snrso\AppData\Local\Programs\Python\Python314\Lib\site-packages\telegram\ext\_utils\networkloop.py", line 154, in do_action
    action_cb_task.result()
    ~~~~~~~~~~~~~~~~~~~~~^^
  File "C:\Users\snrso\AppData\Local\Programs\Python\Python314\Lib\site-packages\telegram\ext\_updater.py", line 340, in polling_action_cb
    updates = await self.bot.get_updates(
              ^^^^^^^^^^^^^^^^^^^^^^^^^^^
    ...<3 lines>...
    )
    ^
  File "C:\Users\snrso\AppData\Local\Programs\Python\Python314\Lib\site-packages\telegram\ext\_extbot.py", line 672, in get_updates
    updates = await super().get_updates(
              ^^^^^^^^^^^^^^^^^^^^^^^^^^
    ...<9 lines>...
    )
    ^
  File "C:\Users\snrso\AppData\Local\Programs\Python\Python314\Lib\site-packages\telegram\_bot.py", line 4865, in get_updates
    await self._post(
    ^^^^^^^^^^^^^^^^^
    ...<7 lines>...
    ),
    ^
  File "C:\Users\snrso\AppData\Local\Programs\Python\Python314\Lib\site-packages\telegram\_bot.py", line 704, in _post
    return await self._do_post(
           ^^^^^^^^^^^^^^^^^^^^
    ...<6 lines>...
    )
    ^
  File "C:\Users\snrso\AppData\Local\Programs\Python\Python314\Lib\site-packages\telegram\ext\_extbot.py", line 370, in _do_post
    return await super()._do_post(
           ^^^^^^^^^^^^^^^^^^^^^^^
    ...<6 lines>...
    )
    ^
  File "C:\Users\snrso\AppData\Local\Programs\Python\Python314\Lib\site-packages\telegram\_bot.py", line 733, in _do_post
    result = await request.post(
             ^^^^^^^^^^^^^^^^^^^
    ...<6 lines>...
    )
    ^
  File "C:\Users\snrso\AppData\Local\Programs\Python\Python314\Lib\site-packages\telegram\request\_baserequest.py", line 198, in post
    result = await self._request_wrapper(
             ^^^^^^^^^^^^^^^^^^^^^^^^^^^^
    ...<7 lines>...
    )
    ^
  File "C:\Users\snrso\AppData\Local\Programs\Python\Python314\Lib\site-packages\telegram\request\_baserequest.py", line 375, in _request_wrapper
    raise exception
telegram.error.Conflict: Conflict: terminated by other getUpdates request; make sure that only one bot instance is running
2026-06-06 19:28:46,718 - httpx - INFO - HTTP Request: POST https://api.telegram.org/bot8838756490:AAE1CAsIDfhrFN31LzqwCXZ-3Lu-3tXYN0Y/getUpdates "HTTP/1.1 409 Conflict"
2026-06-06 19:28:46,719 - telegram.ext.Application - ERROR - No error handlers are registered, logging exception.
Traceback (most recent call last):
  File "C:\Users\snrso\AppData\Local\Programs\Python\Python314\Lib\site-packages\telegram\ext\_utils\networkloop.py", line 161, in network_retry_loop
    await do_action()
  File "C:\Users\snrso\AppData\Local\Programs\Python\Python314\Lib\site-packages\telegram\ext\_utils\networkloop.py", line 154, in do_action
    action_cb_task.result()
    ~~~~~~~~~~~~~~~~~~~~~^^
  File "C:\Users\snrso\AppData\Local\Programs\Python\Python314\Lib\site-packages\telegram\ext\_updater.py", line 340, in polling_action_cb
    updates = await self.bot.get_updates(
              ^^^^^^^^^^^^^^^^^^^^^^^^^^^
    ...<3 lines>...
    )
    ^
  File "C:\Users\snrso\AppData\Local\Programs\Python\Python314\Lib\site-packages\telegram\ext\_extbot.py", line 672, in get_updates
    updates = await super().get_updates(
              ^^^^^^^^^^^^^^^^^^^^^^^^^^
    ...<9 lines>...
    )
    ^
  File "C:\Users\snrso\AppData\Local\Programs\Python\Python314\Lib\site-packages\telegram\_bot.py", line 4865, in get_updates
    await self._post(
    ^^^^^^^^^^^^^^^^^
    ...<7 lines>...
    ),
    ^
  File "C:\Users\snrso\AppData\Local\Programs\Python\Python314\Lib\site-packages\telegram\_bot.py", line 704, in _post
    return await self._do_post(
           ^^^^^^^^^^^^^^^^^^^^
    ...<6 lines>...
    )
    ^
  File "C:\Users\snrso\AppData\Local\Programs\Python\Python314\Lib\site-packages\telegram\ext\_extbot.py", line 370, in _do_post
    return await super()._do_post(
           ^^^^^^^^^^^^^^^^^^^^^^^
    ...<6 lines>...
    )
    ^
  File "C:\Users\snrso\AppData\Local\Programs\Python\Python314\Lib\site-packages\telegram\_bot.py", line 733, in _do_post
    result = await request.post(
             ^^^^^^^^^^^^^^^^^^^
    ...<6 lines>...
    )
    ^
  File "C:\Users\snrso\AppData\Local\Programs\Python\Python314\Lib\site-packages\telegram\request\_baserequest.py", line 198, in post
    result = await self._request_wrapper(
             ^^^^^^^^^^^^^^^^^^^^^^^^^^^^
    ...<7 lines>...
    )
    ^
  File "C:\Users\snrso\AppData\Local\Programs\Python\Python314\Lib\site-packages\telegram\request\_baserequest.py", line 375, in _request_wrapper
    raise exception
telegram.error.Conflict: Conflict: terminated by other getUpdates request; make sure that only one bot instance is running
2026-06-06 19:28:53,722 - httpx - INFO - HTTP Request: POST https://api.telegram.org/bot8838756490:AAE1CAsIDfhrFN31LzqwCXZ-3Lu-3tXYN0Y/getUpdates "HTTP/1.1 200 OK"
2026-06-06 19:29:03,890 - httpx - INFO - HTTP Request: POST https://api.telegram.org/bot8838756490:AAE1CAsIDfhrFN31LzqwCXZ-3Lu-3tXYN0Y/getUpdates "HTTP/1.1 200 OK"
2026-06-06 19:29:14,065 - httpx - INFO - HTTP Request: POST https://api.telegram.org/bot8838756490:AAE1CAsIDfhrFN31LzqwCXZ-3Lu-3tXYN0Y/getUpdates "HTTP/1.1 200 OK"
2026-06-06 19:29:17,240 - httpx - INFO - HTTP Request: POST https://api.telegram.org/bot8838756490:AAE1CAsIDfhrFN31LzqwCXZ-3Lu-3tXYN0Y/getUpdates "HTTP/1.1 409 Conflict"
2026-06-06 19:29:17,241 - telegram.ext.Application - ERROR - No error handlers are registered, logging exception.
Traceback (most recent call last):
  File "C:\Users\snrso\AppData\Local\Programs\Python\Python314\Lib\site-packages\telegram\ext\_utils\networkloop.py", line 161, in network_retry_loop
    await do_action()
  File "C:\Users\snrso\AppData\Local\Programs\Python\Python314\Lib\site-packages\telegram\ext\_utils\networkloop.py", line 154, in do_action
    action_cb_task.result()
    ~~~~~~~~~~~~~~~~~~~~~^^
  File "C:\Users\snrso\AppData\Local\Programs\Python\Python314\Lib\site-packages\telegram\ext\_updater.py", line 340, in polling_action_cb
    updates = await self.bot.get_updates(
              ^^^^^^^^^^^^^^^^^^^^^^^^^^^
    ...<3 lines>...
    )
    ^
  File "C:\Users\snrso\AppData\Local\Programs\Python\Python314\Lib\site-packages\telegram\ext\_extbot.py", line 672, in get_updates
    updates = await super().get_updates(
              ^^^^^^^^^^^^^^^^^^^^^^^^^^
    ...<9 lines>...
    )
    ^
  File "C:\Users\snrso\AppData\Local\Programs\Python\Python314\Lib\site-packages\telegram\_bot.py", line 4865, in get_updates
    await self._post(
    ^^^^^^^^^^^^^^^^^
    ...<7 lines>...
    ),
    ^
  File "C:\Users\snrso\AppData\Local\Programs\Python\Python314\Lib\site-packages\telegram\_bot.py", line 704, in _post
    return await self._do_post(
           ^^^^^^^^^^^^^^^^^^^^
    ...<6 lines>...
    )
    ^
  File "C:\Users\snrso\AppData\Local\Programs\Python\Python314\Lib\site-packages\telegram\ext\_extbot.py", line 370, in _do_post
    return await super()._do_post(
           ^^^^^^^^^^^^^^^^^^^^^^^
    ...<6 lines>...
    )
    ^
  File "C:\Users\snrso\AppData\Local\Programs\Python\Python314\Lib\site-packages\telegram\_bot.py", line 733, in _do_post
    result = await request.post(
             ^^^^^^^^^^^^^^^^^^^
    ...<6 lines>...
    )
    ^
  File "C:\Users\snrso\AppData\Local\Programs\Python\Python314\Lib\site-packages\telegram\request\_baserequest.py", line 198, in post
    result = await self._request_wrapper(
             ^^^^^^^^^^^^^^^^^^^^^^^^^^^^
    ...<7 lines>...
    )
    ^
  File "C:\Users\snrso\AppData\Local\Programs\Python\Python314\Lib\site-packages\telegram\request\_baserequest.py", line 375, in _request_wrapper
    raise exception
telegram.error.Conflict: Conflict: terminated by other getUpdates request; make sure that only one bot instance is running
2026-06-06 19:29:21,415 - httpx - INFO - HTTP Request: POST https://api.telegram.org/bot8838756490:AAE1CAsIDfhrFN31LzqwCXZ-3Lu-3tXYN0Y/getUpdates "HTTP/1.1 409 Conflict"
2026-06-06 19:29:21,416 - telegram.ext.Application - ERROR - No error handlers are registered, logging exception.
Traceback (most recent call last):
  File "C:\Users\snrso\AppData\Local\Programs\Python\Python314\Lib\site-packages\telegram\ext\_utils\networkloop.py", line 161, in network_retry_loop
    await do_action()
  File "C:\Users\snrso\AppData\Local\Programs\Python\Python314\Lib\site-packages\telegram\ext\_utils\networkloop.py", line 154, in do_action
    action_cb_task.result()
    ~~~~~~~~~~~~~~~~~~~~~^^
  File "C:\Users\snrso\AppData\Local\Programs\Python\Python314\Lib\site-packages\telegram\ext\_updater.py", line 340, in polling_action_cb
    updates = await self.bot.get_updates(
              ^^^^^^^^^^^^^^^^^^^^^^^^^^^
    ...<3 lines>...
    )
    ^
  File "C:\Users\snrso\AppData\Local\Programs\Python\Python314\Lib\site-packages\telegram\ext\_extbot.py", line 672, in get_updates
    updates = await super().get_updates(
              ^^^^^^^^^^^^^^^^^^^^^^^^^^
    ...<9 lines>...
    )
    ^
  File "C:\Users\snrso\AppData\Local\Programs\Python\Python314\Lib\site-packages\telegram\_bot.py", line 4865, in get_updates
    await self._post(
    ^^^^^^^^^^^^^^^^^
    ...<7 lines>...
    ),
    ^
  File "C:\Users\snrso\AppData\Local\Programs\Python\Python314\Lib\site-packages\telegram\_bot.py", line 704, in _post
    return await self._do_post(
           ^^^^^^^^^^^^^^^^^^^^
    ...<6 lines>...
    )
    ^
  File "C:\Users\snrso\AppData\Local\Programs\Python\Python314\Lib\site-packages\telegram\ext\_extbot.py", line 370, in _do_post
    return await super()._do_post(
           ^^^^^^^^^^^^^^^^^^^^^^^
    ...<6 lines>...
    )
    ^
  File "C:\Users\snrso\AppData\Local\Programs\Python\Python314\Lib\site-packages\telegram\_bot.py", line 733, in _do_post
    result = await request.post(
             ^^^^^^^^^^^^^^^^^^^
    ...<6 lines>...
    )
    ^
  File "C:\Users\snrso\AppData\Local\Programs\Python\Python314\Lib\site-packages\telegram\request\_baserequest.py", line 198, in post
    result = await self._request_wrapper(
             ^^^^^^^^^^^^^^^^^^^^^^^^^^^^
    ...<7 lines>...
    )
    ^
  File "C:\Users\snrso\AppData\Local\Programs\Python\Python314\Lib\site-packages\telegram\request\_baserequest.py", line 375, in _request_wrapper
    raise exception
telegram.error.Conflict: Conflict: terminated by other getUpdates request; make sure that only one bot instance is running
2026-06-06 19:29:28,418 - httpx - INFO - HTTP Request: POST https://api.telegram.org/bot8838756490:AAE1CAsIDfhrFN31LzqwCXZ-3Lu-3tXYN0Y/getUpdates "HTTP/1.1 200 OK"
2026-06-06 19:29:38,588 - httpx - INFO - HTTP Request: POST https://api.telegram.org/bot8838756490:AAE1CAsIDfhrFN31LzqwCXZ-3Lu-3tXYN0Y/getUpdates "HTTP/1.1 200 OK"
2026-06-06 19:29:48,755 - httpx - INFO - HTTP Request: POST https://api.telegram.org/bot8838756490:AAE1CAsIDfhrFN31LzqwCXZ-3Lu-3tXYN0Y/getUpdates "HTTP/1.1 200 OK"
2026-06-06 19:29:51,913 - httpx - INFO - HTTP Request: POST https://api.telegram.org/bot8838756490:AAE1CAsIDfhrFN31LzqwCXZ-3Lu-3tXYN0Y/getUpdates "HTTP/1.1 409 Conflict"
2026-06-06 19:29:51,914 - telegram.ext.Application - ERROR - No error handlers are registered, logging exception.
Traceback (most recent call last):
  File "C:\Users\snrso\AppData\Local\Programs\Python\Python314\Lib\site-packages\telegram\ext\_utils\networkloop.py", line 161, in network_retry_loop
    await do_action()
  File "C:\Users\snrso\AppData\Local\Programs\Python\Python314\Lib\site-packages\telegram\ext\_utils\networkloop.py", line 154, in do_action
    action_cb_task.result()
    ~~~~~~~~~~~~~~~~~~~~~^^
  File "C:\Users\snrso\AppData\Local\Programs\Python\Python314\Lib\site-packages\telegram\ext\_updater.py", line 340, in polling_action_cb
    updates = await self.bot.get_updates(
              ^^^^^^^^^^^^^^^^^^^^^^^^^^^
    ...<3 lines>...
    )
    ^
  File "C:\Users\snrso\AppData\Local\Programs\Python\Python314\Lib\site-packages\telegram\ext\_extbot.py", line 672, in get_updates
    updates = await super().get_updates(
              ^^^^^^^^^^^^^^^^^^^^^^^^^^
    ...<9 lines>...
    )
    ^
  File "C:\Users\snrso\AppData\Local\Programs\Python\Python314\Lib\site-packages\telegram\_bot.py", line 4865, in get_updates
    await self._post(
    ^^^^^^^^^^^^^^^^^
    ...<7 lines>...
    ),
    ^
  File "C:\Users\snrso\AppData\Local\Programs\Python\Python314\Lib\site-packages\telegram\_bot.py", line 704, in _post
    return await self._do_post(
           ^^^^^^^^^^^^^^^^^^^^
    ...<6 lines>...
    )
    ^
  File "C:\Users\snrso\AppData\Local\Programs\Python\Python314\Lib\site-packages\telegram\ext\_extbot.py", line 370, in _do_post
    return await super()._do_post(
           ^^^^^^^^^^^^^^^^^^^^^^^
    ...<6 lines>...
    )
    ^
  File "C:\Users\snrso\AppData\Local\Programs\Python\Python314\Lib\site-packages\telegram\_bot.py", line 733, in _do_post
    result = await request.post(
             ^^^^^^^^^^^^^^^^^^^
    ...<6 lines>...
    )
    ^
  File "C:\Users\snrso\AppData\Local\Programs\Python\Python314\Lib\site-packages\telegram\request\_baserequest.py", line 198, in post
    result = await self._request_wrapper(
             ^^^^^^^^^^^^^^^^^^^^^^^^^^^^
    ...<7 lines>...
    )
    ^
  File "C:\Users\snrso\AppData\Local\Programs\Python\Python314\Lib\site-packages\telegram\request\_baserequest.py", line 375, in _request_wrapper
    raise exception
telegram.error.Conflict: Conflict: terminated by other getUpdates request; make sure that only one bot instance is running
2026-06-06 19:29:56,096 - httpx - INFO - HTTP Request: POST https://api.telegram.org/bot8838756490:AAE1CAsIDfhrFN31LzqwCXZ-3Lu-3tXYN0Y/getUpdates "HTTP/1.1 409 Conflict"
2026-06-06 19:29:56,099 - telegram.ext.Application - ERROR - No error handlers are registered, logging exception.
Traceback (most recent call last):
  File "C:\Users\snrso\AppData\Local\Programs\Python\Python314\Lib\site-packages\telegram\ext\_utils\networkloop.py", line 161, in network_retry_loop
    await do_action()
  File "C:\Users\snrso\AppData\Local\Programs\Python\Python314\Lib\site-packages\telegram\ext\_utils\networkloop.py", line 154, in do_action
    action_cb_task.result()
    ~~~~~~~~~~~~~~~~~~~~~^^
  File "C:\Users\snrso\AppData\Local\Programs\Python\Python314\Lib\site-packages\telegram\ext\_updater.py", line 340, in polling_action_cb
    updates = await self.bot.get_updates(
              ^^^^^^^^^^^^^^^^^^^^^^^^^^^
    ...<3 lines>...
    )
    ^
  File "C:\Users\snrso\AppData\Local\Programs\Python\Python314\Lib\site-packages\telegram\ext\_extbot.py", line 672, in get_updates
    updates = await super().get_updates(
              ^^^^^^^^^^^^^^^^^^^^^^^^^^
    ...<9 lines>...
    )
    ^
  File "C:\Users\snrso\AppData\Local\Programs\Python\Python314\Lib\site-packages\telegram\_bot.py", line 4865, in get_updates
    await self._post(
    ^^^^^^^^^^^^^^^^^
    ...<7 lines>...
    ),
    ^
  File "C:\Users\snrso\AppData\Local\Programs\Python\Python314\Lib\site-packages\telegram\_bot.py", line 704, in _post
    return await self._do_post(
           ^^^^^^^^^^^^^^^^^^^^
    ...<6 lines>...
    )
    ^
  File "C:\Users\snrso\AppData\Local\Programs\Python\Python314\Lib\site-packages\telegram\ext\_extbot.py", line 370, in _do_post
    return await super()._do_post(
           ^^^^^^^^^^^^^^^^^^^^^^^
    ...<6 lines>...
    )
    ^
  File "C:\Users\snrso\AppData\Local\Programs\Python\Python314\Lib\site-packages\telegram\_bot.py", line 733, in _do_post
    result = await request.post(
             ^^^^^^^^^^^^^^^^^^^
    ...<6 lines>...
    )
    ^
  File "C:\Users\snrso\AppData\Local\Programs\Python\Python314\Lib\site-packages\telegram\request\_baserequest.py", line 198, in post
    result = await self._request_wrapper(
             ^^^^^^^^^^^^^^^^^^^^^^^^^^^^
    ...<7 lines>...
    )
    ^
  File "C:\Users\snrso\AppData\Local\Programs\Python\Python314\Lib\site-packages\telegram\request\_baserequest.py", line 375, in _request_wrapper
    raise exception
telegram.error.Conflict: Conflict: terminated by other getUpdates request; make sure that only one bot instance is running
2026-06-06 19:30:03,098 - httpx - INFO - HTTP Request: POST https://api.telegram.org/bot8838756490:AAE1CAsIDfhrFN31LzqwCXZ-3Lu-3tXYN0Y/getUpdates "HTTP/1.1 200 OK"
2026-06-06 19:30:13,269 - httpx - INFO - HTTP Request: POST https://api.telegram.org/bot8838756490:AAE1CAsIDfhrFN31LzqwCXZ-3Lu-3tXYN0Y/getUpdates "HTTP/1.1 200 OK"
2026-06-06 19:30:23,441 - httpx - INFO - HTTP Request: POST https://api.telegram.org/bot8838756490:AAE1CAsIDfhrFN31LzqwCXZ-3Lu-3tXYN0Y/getUpdates "HTTP/1.1 200 OK"
2026-06-06 19:30:26,634 - httpx - INFO - HTTP Request: POST https://api.telegram.org/bot8838756490:AAE1CAsIDfhrFN31LzqwCXZ-3Lu-3tXYN0Y/getUpdates "HTTP/1.1 409 Conflict"
2026-06-06 19:30:26,635 - telegram.ext.Application - ERROR - No error handlers are registered, logging exception.
Traceback (most recent call last):
  File "C:\Users\snrso\AppData\Local\Programs\Python\Python314\Lib\site-packages\telegram\ext\_utils\networkloop.py", line 161, in network_retry_loop
    await do_action()
  File "C:\Users\snrso\AppData\Local\Programs\Python\Python314\Lib\site-packages\telegram\ext\_utils\networkloop.py", line 154, in do_action
    action_cb_task.result()
    ~~~~~~~~~~~~~~~~~~~~~^^
  File "C:\Users\snrso\AppData\Local\Programs\Python\Python314\Lib\site-packages\telegram\ext\_updater.py", line 340, in polling_action_cb
    updates = await self.bot.get_updates(
              ^^^^^^^^^^^^^^^^^^^^^^^^^^^
    ...<3 lines>...
    )
    ^
  File "C:\Users\snrso\AppData\Local\Programs\Python\Python314\Lib\site-packages\telegram\ext\_extbot.py", line 672, in get_updates
    updates = await super().get_updates(
              ^^^^^^^^^^^^^^^^^^^^^^^^^^
    ...<9 lines>...
    )
    ^
  File "C:\Users\snrso\AppData\Local\Programs\Python\Python314\Lib\site-packages\telegram\_bot.py", line 4865, in get_updates
    await self._post(
    ^^^^^^^^^^^^^^^^^
    ...<7 lines>...
    ),
    ^
  File "C:\Users\snrso\AppData\Local\Programs\Python\Python314\Lib\site-packages\telegram\_bot.py", line 704, in _post
    return await self._do_post(
           ^^^^^^^^^^^^^^^^^^^^
    ...<6 lines>...
    )
    ^
  File "C:\Users\snrso\AppData\Local\Programs\Python\Python314\Lib\site-packages\telegram\ext\_extbot.py", line 370, in _do_post
    return await super()._do_post(
           ^^^^^^^^^^^^^^^^^^^^^^^
    ...<6 lines>...
    )
    ^
  File "C:\Users\snrso\AppData\Local\Programs\Python\Python314\Lib\site-packages\telegram\_bot.py", line 733, in _do_post
    result = await request.post(
             ^^^^^^^^^^^^^^^^^^^
    ...<6 lines>...
    )
    ^
  File "C:\Users\snrso\AppData\Local\Programs\Python\Python314\Lib\site-packages\telegram\request\_baserequest.py", line 198, in post
    result = await self._request_wrapper(
             ^^^^^^^^^^^^^^^^^^^^^^^^^^^^
    ...<7 lines>...
    )
    ^
  File "C:\Users\snrso\AppData\Local\Programs\Python\Python314\Lib\site-packages\telegram\request\_baserequest.py", line 375, in _request_wrapper
    raise exception
telegram.error.Conflict: Conflict: terminated by other getUpdates request; make sure that only one bot instance is running
2026-06-06 19:30:30,807 - httpx - INFO - HTTP Request: POST https://api.telegram.org/bot8838756490:AAE1CAsIDfhrFN31LzqwCXZ-3Lu-3tXYN0Y/getUpdates "HTTP/1.1 409 Conflict"
2026-06-06 19:30:30,809 - telegram.ext.Application - ERROR - No error handlers are registered, logging exception.
Traceback (most recent call last):
  File "C:\Users\snrso\AppData\Local\Programs\Python\Python314\Lib\site-packages\telegram\ext\_utils\networkloop.py", line 161, in network_retry_loop
    await do_action()
  File "C:\Users\snrso\AppData\Local\Programs\Python\Python314\Lib\site-packages\telegram\ext\_utils\networkloop.py", line 154, in do_action
    action_cb_task.result()
    ~~~~~~~~~~~~~~~~~~~~~^^
  File "C:\Users\snrso\AppData\Local\Programs\Python\Python314\Lib\site-packages\telegram\ext\_updater.py", line 340, in polling_action_cb
    updates = await self.bot.get_updates(
              ^^^^^^^^^^^^^^^^^^^^^^^^^^^
    ...<3 lines>...
    )
    ^
  File "C:\Users\snrso\AppData\Local\Programs\Python\Python314\Lib\site-packages\telegram\ext\_extbot.py", line 672, in get_updates
    updates = await super().get_updates(
              ^^^^^^^^^^^^^^^^^^^^^^^^^^
    ...<9 lines>...
    )
    ^
  File "C:\Users\snrso\AppData\Local\Programs\Python\Python314\Lib\site-packages\telegram\_bot.py", line 4865, in get_updates
    await self._post(
    ^^^^^^^^^^^^^^^^^
    ...<7 lines>...
    ),
    ^
  File "C:\Users\snrso\AppData\Local\Programs\Python\Python314\Lib\site-packages\telegram\_bot.py", line 704, in _post
    return await self._do_post(
           ^^^^^^^^^^^^^^^^^^^^
    ...<6 lines>...
    )
    ^
  File "C:\Users\snrso\AppData\Local\Programs\Python\Python314\Lib\site-packages\telegram\ext\_extbot.py", line 370, in _do_post
    return await super()._do_post(
           ^^^^^^^^^^^^^^^^^^^^^^^
    ...<6 lines>...
    )
    ^
  File "C:\Users\snrso\AppData\Local\Programs\Python\Python314\Lib\site-packages\telegram\_bot.py", line 733, in _do_post
    result = await request.post(
             ^^^^^^^^^^^^^^^^^^^
    ...<6 lines>...
    )
    ^
  File "C:\Users\snrso\AppData\Local\Programs\Python\Python314\Lib\site-packages\telegram\request\_baserequest.py", line 198, in post
    result = await self._request_wrapper(
             ^^^^^^^^^^^^^^^^^^^^^^^^^^^^
    ...<7 lines>...
    )
    ^
  File "C:\Users\snrso\AppData\Local\Programs\Python\Python314\Lib\site-packages\telegram\request\_baserequest.py", line 375, in _request_wrapper
    raise exception
telegram.error.Conflict: Conflict: terminated by other getUpdates request; make sure that only one bot instance is running
2026-06-06 19:30:37,813 - httpx - INFO - HTTP Request: POST https://api.telegram.org/bot8838756490:AAE1CAsIDfhrFN31LzqwCXZ-3Lu-3tXYN0Y/getUpdates "HTTP/1.1 200 OK"
2026-06-06 19:30:47,995 - httpx - INFO - HTTP Request: POST https://api.telegram.org/bot8838756490:AAE1CAsIDfhrFN31LzqwCXZ-3Lu-3tXYN0Y/getUpdates "HTTP/1.1 200 OK"
2026-06-06 19:30:58,162 - httpx - INFO - HTTP Request: POST https://api.telegram.org/bot8838756490:AAE1CAsIDfhrFN31LzqwCXZ-3Lu-3tXYN0Y/getUpdates "HTTP/1.1 200 OK"
2026-06-06 19:31:01,317 - httpx - INFO - HTTP Request: POST https://api.telegram.org/bot8838756490:AAE1CAsIDfhrFN31LzqwCXZ-3Lu-3tXYN0Y/getUpdates "HTTP/1.1 409 Conflict"
2026-06-06 19:31:01,319 - telegram.ext.Application - ERROR - No error handlers are registered, logging exception.
Traceback (most recent call last):
  File "C:\Users\snrso\AppData\Local\Programs\Python\Python314\Lib\site-packages\telegram\ext\_utils\networkloop.py", line 161, in network_retry_loop
    await do_action()
  File "C:\Users\snrso\AppData\Local\Programs\Python\Python314\Lib\site-packages\telegram\ext\_utils\networkloop.py", line 154, in do_action
    action_cb_task.result()
    ~~~~~~~~~~~~~~~~~~~~~^^
  File "C:\Users\snrso\AppData\Local\Programs\Python\Python314\Lib\site-packages\telegram\ext\_updater.py", line 340, in polling_action_cb
    updates = await self.bot.get_updates(
              ^^^^^^^^^^^^^^^^^^^^^^^^^^^
    ...<3 lines>...
    )
    ^
  File "C:\Users\snrso\AppData\Local\Programs\Python\Python314\Lib\site-packages\telegram\ext\_extbot.py", line 672, in get_updates
    updates = await super().get_updates(
              ^^^^^^^^^^^^^^^^^^^^^^^^^^
    ...<9 lines>...
    )
    ^
  File "C:\Users\snrso\AppData\Local\Programs\Python\Python314\Lib\site-packages\telegram\_bot.py", line 4865, in get_updates
    await self._post(
    ^^^^^^^^^^^^^^^^^
    ...<7 lines>...
    ),
    ^
  File "C:\Users\snrso\AppData\Local\Programs\Python\Python314\Lib\site-packages\telegram\_bot.py", line 704, in _post
    return await self._do_post(
           ^^^^^^^^^^^^^^^^^^^^
    ...<6 lines>...
    )
    ^
  File "C:\Users\snrso\AppData\Local\Programs\Python\Python314\Lib\site-packages\telegram\ext\_extbot.py", line 370, in _do_post
    return await super()._do_post(
           ^^^^^^^^^^^^^^^^^^^^^^^
    ...<6 lines>...
    )
    ^
  File "C:\Users\snrso\AppData\Local\Programs\Python\Python314\Lib\site-packages\telegram\_bot.py", line 733, in _do_post
    result = await request.post(
             ^^^^^^^^^^^^^^^^^^^
    ...<6 lines>...
    )
    ^
  File "C:\Users\snrso\AppData\Local\Programs\Python\Python314\Lib\site-packages\telegram\request\_baserequest.py", line 198, in post
    result = await self._request_wrapper(
             ^^^^^^^^^^^^^^^^^^^^^^^^^^^^
    ...<7 lines>...
    )
    ^
  File "C:\Users\snrso\AppData\Local\Programs\Python\Python314\Lib\site-packages\telegram\request\_baserequest.py", line 375, in _request_wrapper
    raise exception
telegram.error.Conflict: Conflict: terminated by other getUpdates request; make sure that only one bot instance is running
2026-06-06 19:31:05,509 - httpx - INFO - HTTP Request: POST https://api.telegram.org/bot8838756490:AAE1CAsIDfhrFN31LzqwCXZ-3Lu-3tXYN0Y/getUpdates "HTTP/1.1 409 Conflict"
2026-06-06 19:31:05,511 - telegram.ext.Application - ERROR - No error handlers are registered, logging exception.
Traceback (most recent call last):
  File "C:\Users\snrso\AppData\Local\Programs\Python\Python314\Lib\site-packages\telegram\ext\_utils\networkloop.py", line 161, in network_retry_loop
    await do_action()
  File "C:\Users\snrso\AppData\Local\Programs\Python\Python314\Lib\site-packages\telegram\ext\_utils\networkloop.py", line 154, in do_action
    action_cb_task.result()
    ~~~~~~~~~~~~~~~~~~~~~^^
  File "C:\Users\snrso\AppData\Local\Programs\Python\Python314\Lib\site-packages\telegram\ext\_updater.py", line 340, in polling_action_cb
    updates = await self.bot.get_updates(
              ^^^^^^^^^^^^^^^^^^^^^^^^^^^
    ...<3 lines>...
    )
    ^
  File "C:\Users\snrso\AppData\Local\Programs\Python\Python314\Lib\site-packages\telegram\ext\_extbot.py", line 672, in get_updates
    updates = await super().get_updates(
              ^^^^^^^^^^^^^^^^^^^^^^^^^^
    ...<9 lines>...
    )
    ^
  File "C:\Users\snrso\AppData\Local\Programs\Python\Python314\Lib\site-packages\telegram\_bot.py", line 4865, in get_updates
    await self._post(
    ^^^^^^^^^^^^^^^^^
    ...<7 lines>...
    ),
    ^
  File "C:\Users\snrso\AppData\Local\Programs\Python\Python314\Lib\site-packages\telegram\_bot.py", line 704, in _post
    return await self._do_post(
           ^^^^^^^^^^^^^^^^^^^^
    ...<6 lines>...
    )
    ^
  File "C:\Users\snrso\AppData\Local\Programs\Python\Python314\Lib\site-packages\telegram\ext\_extbot.py", line 370, in _do_post
    return await super()._do_post(
           ^^^^^^^^^^^^^^^^^^^^^^^
    ...<6 lines>...
    )
    ^
  File "C:\Users\snrso\AppData\Local\Programs\Python\Python314\Lib\site-packages\telegram\_bot.py", line 733, in _do_post
    result = await request.post(
             ^^^^^^^^^^^^^^^^^^^
    ...<6 lines>...
    )
    ^
  File "C:\Users\snrso\AppData\Local\Programs\Python\Python314\Lib\site-packages\telegram\request\_baserequest.py", line 198, in post
    result = await self._request_wrapper(
             ^^^^^^^^^^^^^^^^^^^^^^^^^^^^
    ...<7 lines>...
    )
    ^
  File "C:\Users\snrso\AppData\Local\Programs\Python\Python314\Lib\site-packages\telegram\request\_baserequest.py", line 375, in _request_wrapper
    raise exception
telegram.error.Conflict: Conflict: terminated by other getUpdates request; make sure that only one bot instance is running
2026-06-06 19:31:12,515 - httpx - INFO - HTTP Request: POST https://api.telegram.org/bot8838756490:AAE1CAsIDfhrFN31LzqwCXZ-3Lu-3tXYN0Y/getUpdates "HTTP/1.1 200 OK"
2026-06-06 19:31:22,696 - httpx - INFO - HTTP Request: POST https://api.telegram.org/bot8838756490:AAE1CAsIDfhrFN31LzqwCXZ-3Lu-3tXYN0Y/getUpdates "HTTP/1.1 200 OK"
2026-06-06 19:31:32,860 - httpx - INFO - HTTP Request: POST https://api.telegram.org/bot8838756490:AAE1CAsIDfhrFN31LzqwCXZ-3Lu-3tXYN0Y/getUpdates "HTTP/1.1 200 OK"
2026-06-06 19:31:36,020 - httpx - INFO - HTTP Request: POST https://api.telegram.org/bot8838756490:AAE1CAsIDfhrFN31LzqwCXZ-3Lu-3tXYN0Y/getUpdates "HTTP/1.1 409 Conflict"
2026-06-06 19:31:36,021 - telegram.ext.Application - ERROR - No error handlers are registered, logging exception.
Traceback (most recent call last):
  File "C:\Users\snrso\AppData\Local\Programs\Python\Python314\Lib\site-packages\telegram\ext\_utils\networkloop.py", line 161, in network_retry_loop
    await do_action()
  File "C:\Users\snrso\AppData\Local\Programs\Python\Python314\Lib\site-packages\telegram\ext\_utils\networkloop.py", line 154, in do_action
    action_cb_task.result()
    ~~~~~~~~~~~~~~~~~~~~~^^
  File "C:\Users\snrso\AppData\Local\Programs\Python\Python314\Lib\site-packages\telegram\ext\_updater.py", line 340, in polling_action_cb
    updates = await self.bot.get_updates(
              ^^^^^^^^^^^^^^^^^^^^^^^^^^^
    ...<3 lines>...
    )
    ^
  File "C:\Users\snrso\AppData\Local\Programs\Python\Python314\Lib\site-packages\telegram\ext\_extbot.py", line 672, in get_updates
    updates = await super().get_updates(
              ^^^^^^^^^^^^^^^^^^^^^^^^^^
    ...<9 lines>...
    )
    ^
  File "C:\Users\snrso\AppData\Local\Programs\Python\Python314\Lib\site-packages\telegram\_bot.py", line 4865, in get_updates
    await self._post(
    ^^^^^^^^^^^^^^^^^
    ...<7 lines>...
    ),
    ^
  File "C:\Users\snrso\AppData\Local\Programs\Python\Python314\Lib\site-packages\telegram\_bot.py", line 704, in _post
    return await self._do_post(
           ^^^^^^^^^^^^^^^^^^^^
    ...<6 lines>...
    )
    ^
  File "C:\Users\snrso\AppData\Local\Programs\Python\Python314\Lib\site-packages\telegram\ext\_extbot.py", line 370, in _do_post
    return await super()._do_post(
           ^^^^^^^^^^^^^^^^^^^^^^^
    ...<6 lines>...
    )
    ^
  File "C:\Users\snrso\AppData\Local\Programs\Python\Python314\Lib\site-packages\telegram\_bot.py", line 733, in _do_post
    result = await request.post(
             ^^^^^^^^^^^^^^^^^^^
    ...<6 lines>...
    )
    ^
  File "C:\Users\snrso\AppData\Local\Programs\Python\Python314\Lib\site-packages\telegram\request\_baserequest.py", line 198, in post
    result = await self._request_wrapper(
             ^^^^^^^^^^^^^^^^^^^^^^^^^^^^
    ...<7 lines>...
    )
    ^
  File "C:\Users\snrso\AppData\Local\Programs\Python\Python314\Lib\site-packages\telegram\request\_baserequest.py", line 375, in _request_wrapper
    raise exception
telegram.error.Conflict: Conflict: terminated by other getUpdates request; make sure that only one bot instance is running
2026-06-06 19:31:40,197 - httpx - INFO - HTTP Request: POST https://api.telegram.org/bot8838756490:AAE1CAsIDfhrFN31LzqwCXZ-3Lu-3tXYN0Y/getUpdates "HTTP/1.1 409 Conflict"
2026-06-06 19:31:40,198 - telegram.ext.Application - ERROR - No error handlers are registered, logging exception.
Traceback (most recent call last):
  File "C:\Users\snrso\AppData\Local\Programs\Python\Python314\Lib\site-packages\telegram\ext\_utils\networkloop.py", line 161, in network_retry_loop
    await do_action()
  File "C:\Users\snrso\AppData\Local\Programs\Python\Python314\Lib\site-packages\telegram\ext\_utils\networkloop.py", line 154, in do_action
    action_cb_task.result()
    ~~~~~~~~~~~~~~~~~~~~~^^
  File "C:\Users\snrso\AppData\Local\Programs\Python\Python314\Lib\site-packages\telegram\ext\_updater.py", line 340, in polling_action_cb
    updates = await self.bot.get_updates(
              ^^^^^^^^^^^^^^^^^^^^^^^^^^^
    ...<3 lines>...
    )
    ^
  File "C:\Users\snrso\AppData\Local\Programs\Python\Python314\Lib\site-packages\telegram\ext\_extbot.py", line 672, in get_updates
    updates = await super().get_updates(
              ^^^^^^^^^^^^^^^^^^^^^^^^^^
    ...<9 lines>...
    )
    ^
  File "C:\Users\snrso\AppData\Local\Programs\Python\Python314\Lib\site-packages\telegram\_bot.py", line 4865, in get_updates
    await self._post(
    ^^^^^^^^^^^^^^^^^
    ...<7 lines>...
    ),
    ^
  File "C:\Users\snrso\AppData\Local\Programs\Python\Python314\Lib\site-packages\telegram\_bot.py", line 704, in _post
    return await self._do_post(
           ^^^^^^^^^^^^^^^^^^^^
    ...<6 lines>...
    )
    ^
  File "C:\Users\snrso\AppData\Local\Programs\Python\Python314\Lib\site-packages\telegram\ext\_extbot.py", line 370, in _do_post
    return await super()._do_post(
           ^^^^^^^^^^^^^^^^^^^^^^^
    ...<6 lines>...
    )
    ^
  File "C:\Users\snrso\AppData\Local\Programs\Python\Python314\Lib\site-packages\telegram\_bot.py", line 733, in _do_post
    result = await request.post(
             ^^^^^^^^^^^^^^^^^^^
    ...<6 lines>...
    )
    ^
  File "C:\Users\snrso\AppData\Local\Programs\Python\Python314\Lib\site-packages\telegram\request\_baserequest.py", line 198, in post
    result = await self._request_wrapper(
             ^^^^^^^^^^^^^^^^^^^^^^^^^^^^
    ...<7 lines>...
    )
    ^
  File "C:\Users\snrso\AppData\Local\Programs\Python\Python314\Lib\site-packages\telegram\request\_baserequest.py", line 375, in _request_wrapper
    raise exception
telegram.error.Conflict: Conflict: terminated by other getUpdates request; make sure that only one bot instance is running
2026-06-06 19:31:47,198 - httpx - INFO - HTTP Request: POST https://api.telegram.org/bot8838756490:AAE1CAsIDfhrFN31LzqwCXZ-3Lu-3tXYN0Y/getUpdates "HTTP/1.1 200 OK"
2026-06-06 19:31:57,372 - httpx - INFO - HTTP Request: POST https://api.telegram.org/bot8838756490:AAE1CAsIDfhrFN31LzqwCXZ-3Lu-3tXYN0Y/getUpdates "HTTP/1.1 200 OK"
2026-06-06 19:32:07,541 - httpx - INFO - HTTP Request: POST https://api.telegram.org/bot8838756490:AAE1CAsIDfhrFN31LzqwCXZ-3Lu-3tXYN0Y/getUpdates "HTTP/1.1 200 OK"
2026-06-06 19:32:10,694 - httpx - INFO - HTTP Request: POST https://api.telegram.org/bot8838756490:AAE1CAsIDfhrFN31LzqwCXZ-3Lu-3tXYN0Y/getUpdates "HTTP/1.1 409 Conflict"
2026-06-06 19:32:10,696 - telegram.ext.Application - ERROR - No error handlers are registered, logging exception.
Traceback (most recent call last):
  File "C:\Users\snrso\AppData\Local\Programs\Python\Python314\Lib\site-packages\telegram\ext\_utils\networkloop.py", line 161, in network_retry_loop
    await do_action()
  File "C:\Users\snrso\AppData\Local\Programs\Python\Python314\Lib\site-packages\telegram\ext\_utils\networkloop.py", line 154, in do_action
    action_cb_task.result()
    ~~~~~~~~~~~~~~~~~~~~~^^
  File "C:\Users\snrso\AppData\Local\Programs\Python\Python314\Lib\site-packages\telegram\ext\_updater.py", line 340, in polling_action_cb
    updates = await self.bot.get_updates(
              ^^^^^^^^^^^^^^^^^^^^^^^^^^^
    ...<3 lines>...
    )
    ^
  File "C:\Users\snrso\AppData\Local\Programs\Python\Python314\Lib\site-packages\telegram\ext\_extbot.py", line 672, in get_updates
    updates = await super().get_updates(
              ^^^^^^^^^^^^^^^^^^^^^^^^^^
    ...<9 lines>...
    )
    ^
  File "C:\Users\snrso\AppData\Local\Programs\Python\Python314\Lib\site-packages\telegram\_bot.py", line 4865, in get_updates
    await self._post(
    ^^^^^^^^^^^^^^^^^
    ...<7 lines>...
    ),
    ^
  File "C:\Users\snrso\AppData\Local\Programs\Python\Python314\Lib\site-packages\telegram\_bot.py", line 704, in _post
    return await self._do_post(
           ^^^^^^^^^^^^^^^^^^^^
    ...<6 lines>...
    )
    ^
  File "C:\Users\snrso\AppData\Local\Programs\Python\Python314\Lib\site-packages\telegram\ext\_extbot.py", line 370, in _do_post
    return await super()._do_post(
           ^^^^^^^^^^^^^^^^^^^^^^^
    ...<6 lines>...
    )
    ^
  File "C:\Users\snrso\AppData\Local\Programs\Python\Python314\Lib\site-packages\telegram\_bot.py", line 733, in _do_post
    result = await request.post(
             ^^^^^^^^^^^^^^^^^^^
    ...<6 lines>...
    )
    ^
  File "C:\Users\snrso\AppData\Local\Programs\Python\Python314\Lib\site-packages\telegram\request\_baserequest.py", line 198, in post
    result = await self._request_wrapper(
             ^^^^^^^^^^^^^^^^^^^^^^^^^^^^
    ...<7 lines>...
    )
    ^
  File "C:\Users\snrso\AppData\Local\Programs\Python\Python314\Lib\site-packages\telegram\request\_baserequest.py", line 375, in _request_wrapper
    raise exception
telegram.error.Conflict: Conflict: terminated by other getUpdates request; make sure that only one bot instance is running
2026-06-06 19:32:14,888 - httpx - INFO - HTTP Request: POST https://api.telegram.org/bot8838756490:AAE1CAsIDfhrFN31LzqwCXZ-3Lu-3tXYN0Y/getUpdates "HTTP/1.1 409 Conflict"
2026-06-06 19:32:14,889 - telegram.ext.Application - ERROR - No error handlers are registered, logging exception.
Traceback (most recent call last):
  File "C:\Users\snrso\AppData\Local\Programs\Python\Python314\Lib\site-packages\telegram\ext\_utils\networkloop.py", line 161, in network_retry_loop
    await do_action()
  File "C:\Users\snrso\AppData\Local\Programs\Python\Python314\Lib\site-packages\telegram\ext\_utils\networkloop.py", line 154, in do_action
    action_cb_task.result()
    ~~~~~~~~~~~~~~~~~~~~~^^
  File "C:\Users\snrso\AppData\Local\Programs\Python\Python314\Lib\site-packages\telegram\ext\_updater.py", line 340, in polling_action_cb
    updates = await self.bot.get_updates(
              ^^^^^^^^^^^^^^^^^^^^^^^^^^^
    ...<3 lines>...
    )
    ^
  File "C:\Users\snrso\AppData\Local\Programs\Python\Python314\Lib\site-packages\telegram\ext\_extbot.py", line 672, in get_updates
    updates = await super().get_updates(
              ^^^^^^^^^^^^^^^^^^^^^^^^^^
    ...<9 lines>...
    )
    ^
  File "C:\Users\snrso\AppData\Local\Programs\Python\Python314\Lib\site-packages\telegram\_bot.py", line 4865, in get_updates
    await self._post(
    ^^^^^^^^^^^^^^^^^
    ...<7 lines>...
    ),
    ^
  File "C:\Users\snrso\AppData\Local\Programs\Python\Python314\Lib\site-packages\telegram\_bot.py", line 704, in _post
    return await self._do_post(
           ^^^^^^^^^^^^^^^^^^^^
    ...<6 lines>...
    )
    ^
  File "C:\Users\snrso\AppData\Local\Programs\Python\Python314\Lib\site-packages\telegram\ext\_extbot.py", line 370, in _do_post
    return await super()._do_post(
           ^^^^^^^^^^^^^^^^^^^^^^^
    ...<6 lines>...
    )
    ^
  File "C:\Users\snrso\AppData\Local\Programs\Python\Python314\Lib\site-packages\telegram\_bot.py", line 733, in _do_post
    result = await request.post(
             ^^^^^^^^^^^^^^^^^^^
    ...<6 lines>...
    )
    ^
  File "C:\Users\snrso\AppData\Local\Programs\Python\Python314\Lib\site-packages\telegram\request\_baserequest.py", line 198, in post
    result = await self._request_wrapper(
             ^^^^^^^^^^^^^^^^^^^^^^^^^^^^
    ...<7 lines>...
    )
    ^
  File "C:\Users\snrso\AppData\Local\Programs\Python\Python314\Lib\site-packages\telegram\request\_baserequest.py", line 375, in _request_wrapper
    raise exception
telegram.error.Conflict: Conflict: terminated by other getUpdates request; make sure that only one bot instance is running
2026-06-06 19:32:21,892 - httpx - INFO - HTTP Request: POST https://api.telegram.org/bot8838756490:AAE1CAsIDfhrFN31LzqwCXZ-3Lu-3tXYN0Y/getUpdates "HTTP/1.1 200 OK"
2026-06-06 19:32:32,082 - httpx - INFO - HTTP Request: POST https://api.telegram.org/bot8838756490:AAE1CAsIDfhrFN31LzqwCXZ-3Lu-3tXYN0Y/getUpdates "HTTP/1.1 200 OK"
2026-06-06 19:32:42,267 - httpx - INFO - HTTP Request: POST https://api.telegram.org/bot8838756490:AAE1CAsIDfhrFN31LzqwCXZ-3Lu-3tXYN0Y/getUpdates "HTTP/1.1 200 OK"
2026-06-06 19:32:45,427 - httpx - INFO - HTTP Request: POST https://api.telegram.org/bot8838756490:AAE1CAsIDfhrFN31LzqwCXZ-3Lu-3tXYN0Y/getUpdates "HTTP/1.1 409 Conflict"
2026-06-06 19:32:45,429 - telegram.ext.Application - ERROR - No error handlers are registered, logging exception.
Traceback (most recent call last):
  File "C:\Users\snrso\AppData\Local\Programs\Python\Python314\Lib\site-packages\telegram\ext\_utils\networkloop.py", line 161, in network_retry_loop
    await do_action()
  File "C:\Users\snrso\AppData\Local\Programs\Python\Python314\Lib\site-packages\telegram\ext\_utils\networkloop.py", line 154, in do_action
    action_cb_task.result()
    ~~~~~~~~~~~~~~~~~~~~~^^
  File "C:\Users\snrso\AppData\Local\Programs\Python\Python314\Lib\site-packages\telegram\ext\_updater.py", line 340, in polling_action_cb
    updates = await self.bot.get_updates(
              ^^^^^^^^^^^^^^^^^^^^^^^^^^^
    ...<3 lines>...
    )
    ^
  File "C:\Users\snrso\AppData\Local\Programs\Python\Python314\Lib\site-packages\telegram\ext\_extbot.py", line 672, in get_updates
    updates = await super().get_updates(
              ^^^^^^^^^^^^^^^^^^^^^^^^^^
    ...<9 lines>...
    )
    ^
  File "C:\Users\snrso\AppData\Local\Programs\Python\Python314\Lib\site-packages\telegram\_bot.py", line 4865, in get_updates
    await self._post(
    ^^^^^^^^^^^^^^^^^
    ...<7 lines>...
    ),
    ^
  File "C:\Users\snrso\AppData\Local\Programs\Python\Python314\Lib\site-packages\telegram\_bot.py", line 704, in _post
    return await self._do_post(
           ^^^^^^^^^^^^^^^^^^^^
    ...<6 lines>...
    )
    ^
  File "C:\Users\snrso\AppData\Local\Programs\Python\Python314\Lib\site-packages\telegram\ext\_extbot.py", line 370, in _do_post
    return await super()._do_post(
           ^^^^^^^^^^^^^^^^^^^^^^^
    ...<6 lines>...
    )
    ^
  File "C:\Users\snrso\AppData\Local\Programs\Python\Python314\Lib\site-packages\telegram\_bot.py", line 733, in _do_post
    result = await request.post(
             ^^^^^^^^^^^^^^^^^^^
    ...<6 lines>...
    )
    ^
  File "C:\Users\snrso\AppData\Local\Programs\Python\Python314\Lib\site-packages\telegram\request\_baserequest.py", line 198, in post
    result = await self._request_wrapper(
             ^^^^^^^^^^^^^^^^^^^^^^^^^^^^
    ...<7 lines>...
    )
    ^
  File "C:\Users\snrso\AppData\Local\Programs\Python\Python314\Lib\site-packages\telegram\request\_baserequest.py", line 375, in _request_wrapper
    raise exception
telegram.error.Conflict: Conflict: terminated by other getUpdates request; make sure that only one bot instance is running
2026-06-06 19:32:49,614 - httpx - INFO - HTTP Request: POST https://api.telegram.org/bot8838756490:AAE1CAsIDfhrFN31LzqwCXZ-3Lu-3tXYN0Y/getUpdates "HTTP/1.1 409 Conflict"
2026-06-06 19:32:49,615 - telegram.ext.Application - ERROR - No error handlers are registered, logging exception.
Traceback (most recent call last):
  File "C:\Users\snrso\AppData\Local\Programs\Python\Python314\Lib\site-packages\telegram\ext\_utils\networkloop.py", line 161, in network_retry_loop
    await do_action()
  File "C:\Users\snrso\AppData\Local\Programs\Python\Python314\Lib\site-packages\telegram\ext\_utils\networkloop.py", line 154, in do_action
    action_cb_task.result()
    ~~~~~~~~~~~~~~~~~~~~~^^
  File "C:\Users\snrso\AppData\Local\Programs\Python\Python314\Lib\site-packages\telegram\ext\_updater.py", line 340, in polling_action_cb
    updates = await self.bot.get_updates(
              ^^^^^^^^^^^^^^^^^^^^^^^^^^^
    ...<3 lines>...
    )
    ^
  File "C:\Users\snrso\AppData\Local\Programs\Python\Python314\Lib\site-packages\telegram\ext\_extbot.py", line 672, in get_updates
    updates = await super().get_updates(
              ^^^^^^^^^^^^^^^^^^^^^^^^^^
    ...<9 lines>...
    )
    ^
  File "C:\Users\snrso\AppData\Local\Programs\Python\Python314\Lib\site-packages\telegram\_bot.py", line 4865, in get_updates
    await self._post(
    ^^^^^^^^^^^^^^^^^
    ...<7 lines>...
    ),
    ^
  File "C:\Users\snrso\AppData\Local\Programs\Python\Python314\Lib\site-packages\telegram\_bot.py", line 704, in _post
    return await self._do_post(
           ^^^^^^^^^^^^^^^^^^^^
    ...<6 lines>...
    )
    ^
  File "C:\Users\snrso\AppData\Local\Programs\Python\Python314\Lib\site-packages\telegram\ext\_extbot.py", line 370, in _do_post
    return await super()._do_post(
           ^^^^^^^^^^^^^^^^^^^^^^^
    ...<6 lines>...
    )
    ^
  File "C:\Users\snrso\AppData\Local\Programs\Python\Python314\Lib\site-packages\telegram\_bot.py", line 733, in _do_post
    result = await request.post(
             ^^^^^^^^^^^^^^^^^^^
    ...<6 lines>...
    )
    ^
  File "C:\Users\snrso\AppData\Local\Programs\Python\Python314\Lib\site-packages\telegram\request\_baserequest.py", line 198, in post
    result = await self._request_wrapper(
             ^^^^^^^^^^^^^^^^^^^^^^^^^^^^
    ...<7 lines>...
    )
    ^
  File "C:\Users\snrso\AppData\Local\Programs\Python\Python314\Lib\site-packages\telegram\request\_baserequest.py", line 375, in _request_wrapper
    raise exception
telegram.error.Conflict: Conflict: terminated by other getUpdates request; make sure that only one bot instance is running
2026-06-06 19:32:56,602 - httpx - INFO - HTTP Request: POST https://api.telegram.org/bot8838756490:AAE1CAsIDfhrFN31LzqwCXZ-3Lu-3tXYN0Y/getUpdates "HTTP/1.1 200 OK"
2026-06-06 19:33:06,774 - httpx - INFO - HTTP Request: POST https://api.telegram.org/bot8838756490:AAE1CAsIDfhrFN31LzqwCXZ-3Lu-3tXYN0Y/getUpdates "HTTP/1.1 200 OK"
2026-06-06 19:33:16,953 - httpx - INFO - HTTP Request: POST https://api.telegram.org/bot8838756490:AAE1CAsIDfhrFN31LzqwCXZ-3Lu-3tXYN0Y/getUpdates "HTTP/1.1 200 OK"
2026-06-06 19:33:20,493 - httpx - INFO - HTTP Request: POST https://api.telegram.org/bot8838756490:AAE1CAsIDfhrFN31LzqwCXZ-3Lu-3tXYN0Y/getUpdates "HTTP/1.1 409 Conflict"
2026-06-06 19:33:20,495 - telegram.ext.Application - ERROR - No error handlers are registered, logging exception.
Traceback (most recent call last):
  File "C:\Users\snrso\AppData\Local\Programs\Python\Python314\Lib\site-packages\telegram\ext\_utils\networkloop.py", line 161, in network_retry_loop
    await do_action()
  File "C:\Users\snrso\AppData\Local\Programs\Python\Python314\Lib\site-packages\telegram\ext\_utils\networkloop.py", line 154, in do_action
    action_cb_task.result()
    ~~~~~~~~~~~~~~~~~~~~~^^
  File "C:\Users\snrso\AppData\Local\Programs\Python\Python314\Lib\site-packages\telegram\ext\_updater.py", line 340, in polling_action_cb
    updates = await self.bot.get_updates(
              ^^^^^^^^^^^^^^^^^^^^^^^^^^^
    ...<3 lines>...
    )
    ^
  File "C:\Users\snrso\AppData\Local\Programs\Python\Python314\Lib\site-packages\telegram\ext\_extbot.py", line 672, in get_updates
    updates = await super().get_updates(
              ^^^^^^^^^^^^^^^^^^^^^^^^^^
    ...<9 lines>...
    )
    ^
  File "C:\Users\snrso\AppData\Local\Programs\Python\Python314\Lib\site-packages\telegram\_bot.py", line 4865, in get_updates
    await self._post(
    ^^^^^^^^^^^^^^^^^
    ...<7 lines>...
    ),
    ^
  File "C:\Users\snrso\AppData\Local\Programs\Python\Python314\Lib\site-packages\telegram\_bot.py", line 704, in _post
    return await self._do_post(
           ^^^^^^^^^^^^^^^^^^^^
    ...<6 lines>...
    )
    ^
  File "C:\Users\snrso\AppData\Local\Programs\Python\Python314\Lib\site-packages\telegram\ext\_extbot.py", line 370, in _do_post
    return await super()._do_post(
           ^^^^^^^^^^^^^^^^^^^^^^^
    ...<6 lines>...
    )
    ^
  File "C:\Users\snrso\AppData\Local\Programs\Python\Python314\Lib\site-packages\telegram\_bot.py", line 733, in _do_post
    result = await request.post(
             ^^^^^^^^^^^^^^^^^^^
    ...<6 lines>...
    )
    ^
  File "C:\Users\snrso\AppData\Local\Programs\Python\Python314\Lib\site-packages\telegram\request\_baserequest.py", line 198, in post
    result = await self._request_wrapper(
             ^^^^^^^^^^^^^^^^^^^^^^^^^^^^
    ...<7 lines>...
    )
    ^
  File "C:\Users\snrso\AppData\Local\Programs\Python\Python314\Lib\site-packages\telegram\request\_baserequest.py", line 375, in _request_wrapper
    raise exception
telegram.error.Conflict: Conflict: terminated by other getUpdates request; make sure that only one bot instance is running
2026-06-06 19:33:24,668 - httpx - INFO - HTTP Request: POST https://api.telegram.org/bot8838756490:AAE1CAsIDfhrFN31LzqwCXZ-3Lu-3tXYN0Y/getUpdates "HTTP/1.1 409 Conflict"
2026-06-06 19:33:24,669 - telegram.ext.Application - ERROR - No error handlers are registered, logging exception.
Traceback (most recent call last):
  File "C:\Users\snrso\AppData\Local\Programs\Python\Python314\Lib\site-packages\telegram\ext\_utils\networkloop.py", line 161, in network_retry_loop
    await do_action()
  File "C:\Users\snrso\AppData\Local\Programs\Python\Python314\Lib\site-packages\telegram\ext\_utils\networkloop.py", line 154, in do_action
    action_cb_task.result()
    ~~~~~~~~~~~~~~~~~~~~~^^
  File "C:\Users\snrso\AppData\Local\Programs\Python\Python314\Lib\site-packages\telegram\ext\_updater.py", line 340, in polling_action_cb
    updates = await self.bot.get_updates(
              ^^^^^^^^^^^^^^^^^^^^^^^^^^^
    ...<3 lines>...
    )
    ^
  File "C:\Users\snrso\AppData\Local\Programs\Python\Python314\Lib\site-packages\telegram\ext\_extbot.py", line 672, in get_updates
    updates = await super().get_updates(
              ^^^^^^^^^^^^^^^^^^^^^^^^^^
    ...<9 lines>...
    )
    ^
  File "C:\Users\snrso\AppData\Local\Programs\Python\Python314\Lib\site-packages\telegram\_bot.py", line 4865, in get_updates
    await self._post(
    ^^^^^^^^^^^^^^^^^
    ...<7 lines>...
    ),
    ^
  File "C:\Users\snrso\AppData\Local\Programs\Python\Python314\Lib\site-packages\telegram\_bot.py", line 704, in _post
    return await self._do_post(
           ^^^^^^^^^^^^^^^^^^^^
    ...<6 lines>...
    )
    ^
  File "C:\Users\snrso\AppData\Local\Programs\Python\Python314\Lib\site-packages\telegram\ext\_extbot.py", line 370, in _do_post
    return await super()._do_post(
           ^^^^^^^^^^^^^^^^^^^^^^^
    ...<6 lines>...
    )
    ^
  File "C:\Users\snrso\AppData\Local\Programs\Python\Python314\Lib\site-packages\telegram\_bot.py", line 733, in _do_post
    result = await request.post(
             ^^^^^^^^^^^^^^^^^^^
    ...<6 lines>...
    )
    ^
  File "C:\Users\snrso\AppData\Local\Programs\Python\Python314\Lib\site-packages\telegram\request\_baserequest.py", line 198, in post
    result = await self._request_wrapper(
             ^^^^^^^^^^^^^^^^^^^^^^^^^^^^
    ...<7 lines>...
    )
    ^
  File "C:\Users\snrso\AppData\Local\Programs\Python\Python314\Lib\site-packages\telegram\request\_baserequest.py", line 375, in _request_wrapper
    raise exception
telegram.error.Conflict: Conflict: terminated by other getUpdates request; make sure that only one bot instance is running
2026-06-06 19:33:31,676 - httpx - INFO - HTTP Request: POST https://api.telegram.org/bot8838756490:AAE1CAsIDfhrFN31LzqwCXZ-3Lu-3tXYN0Y/getUpdates "HTTP/1.1 200 OK"
2026-06-06 19:33:41,836 - httpx - INFO - HTTP Request: POST https://api.telegram.org/bot8838756490:AAE1CAsIDfhrFN31LzqwCXZ-3Lu-3tXYN0Y/getUpdates "HTTP/1.1 200 OK"
2026-06-06 19:33:52,015 - httpx - INFO - HTTP Request: POST https://api.telegram.org/bot8838756490:AAE1CAsIDfhrFN31LzqwCXZ-3Lu-3tXYN0Y/getUpdates "HTTP/1.1 200 OK"
2026-06-06 19:33:55,229 - httpx - INFO - HTTP Request: POST https://api.telegram.org/bot8838756490:AAE1CAsIDfhrFN31LzqwCXZ-3Lu-3tXYN0Y/getUpdates "HTTP/1.1 409 Conflict"
2026-06-06 19:33:55,230 - telegram.ext.Application - ERROR - No error handlers are registered, logging exception.
Traceback (most recent call last):
  File "C:\Users\snrso\AppData\Local\Programs\Python\Python314\Lib\site-packages\telegram\ext\_utils\networkloop.py", line 161, in network_retry_loop
    await do_action()
  File "C:\Users\snrso\AppData\Local\Programs\Python\Python314\Lib\site-packages\telegram\ext\_utils\networkloop.py", line 154, in do_action
    action_cb_task.result()
    ~~~~~~~~~~~~~~~~~~~~~^^
  File "C:\Users\snrso\AppData\Local\Programs\Python\Python314\Lib\site-packages\telegram\ext\_updater.py", line 340, in polling_action_cb
    updates = await self.bot.get_updates(
              ^^^^^^^^^^^^^^^^^^^^^^^^^^^
    ...<3 lines>...
    )
    ^
  File "C:\Users\snrso\AppData\Local\Programs\Python\Python314\Lib\site-packages\telegram\ext\_extbot.py", line 672, in get_updates
    updates = await super().get_updates(
              ^^^^^^^^^^^^^^^^^^^^^^^^^^
    ...<9 lines>...
    )
    ^
  File "C:\Users\snrso\AppData\Local\Programs\Python\Python314\Lib\site-packages\telegram\_bot.py", line 4865, in get_updates
    await self._post(
    ^^^^^^^^^^^^^^^^^
    ...<7 lines>...
    ),
    ^
  File "C:\Users\snrso\AppData\Local\Programs\Python\Python314\Lib\site-packages\telegram\_bot.py", line 704, in _post
    return await self._do_post(
           ^^^^^^^^^^^^^^^^^^^^
    ...<6 lines>...
    )
    ^
  File "C:\Users\snrso\AppData\Local\Programs\Python\Python314\Lib\site-packages\telegram\ext\_extbot.py", line 370, in _do_post
    return await super()._do_post(
           ^^^^^^^^^^^^^^^^^^^^^^^
    ...<6 lines>...
    )
    ^
  File "C:\Users\snrso\AppData\Local\Programs\Python\Python314\Lib\site-packages\telegram\_bot.py", line 733, in _do_post
    result = await request.post(
             ^^^^^^^^^^^^^^^^^^^
    ...<6 lines>...
    )
    ^
  File "C:\Users\snrso\AppData\Local\Programs\Python\Python314\Lib\site-packages\telegram\request\_baserequest.py", line 198, in post
    result = await self._request_wrapper(
             ^^^^^^^^^^^^^^^^^^^^^^^^^^^^
    ...<7 lines>...
    )
    ^
  File "C:\Users\snrso\AppData\Local\Programs\Python\Python314\Lib\site-packages\telegram\request\_baserequest.py", line 375, in _request_wrapper
    raise exception
telegram.error.Conflict: Conflict: terminated by other getUpdates request; make sure that only one bot instance is running
2026-06-06 19:33:59,427 - httpx - INFO - HTTP Request: POST https://api.telegram.org/bot8838756490:AAE1CAsIDfhrFN31LzqwCXZ-3Lu-3tXYN0Y/getUpdates "HTTP/1.1 409 Conflict"
2026-06-06 19:33:59,428 - telegram.ext.Application - ERROR - No error handlers are registered, logging exception.
Traceback (most recent call last):
  File "C:\Users\snrso\AppData\Local\Programs\Python\Python314\Lib\site-packages\telegram\ext\_utils\networkloop.py", line 161, in network_retry_loop
    await do_action()
  File "C:\Users\snrso\AppData\Local\Programs\Python\Python314\Lib\site-packages\telegram\ext\_utils\networkloop.py", line 154, in do_action
    action_cb_task.result()
    ~~~~~~~~~~~~~~~~~~~~~^^
  File "C:\Users\snrso\AppData\Local\Programs\Python\Python314\Lib\site-packages\telegram\ext\_updater.py", line 340, in polling_action_cb
    updates = await self.bot.get_updates(
              ^^^^^^^^^^^^^^^^^^^^^^^^^^^
    ...<3 lines>...
    )
    ^
  File "C:\Users\snrso\AppData\Local\Programs\Python\Python314\Lib\site-packages\telegram\ext\_extbot.py", line 672, in get_updates
    updates = await super().get_updates(
              ^^^^^^^^^^^^^^^^^^^^^^^^^^
    ...<9 lines>...
    )
    ^
  File "C:\Users\snrso\AppData\Local\Programs\Python\Python314\Lib\site-packages\telegram\_bot.py", line 4865, in get_updates
    await self._post(
    ^^^^^^^^^^^^^^^^^
    ...<7 lines>...
    ),
    ^
  File "C:\Users\snrso\AppData\Local\Programs\Python\Python314\Lib\site-packages\telegram\_bot.py", line 704, in _post
    return await self._do_post(
           ^^^^^^^^^^^^^^^^^^^^
    ...<6 lines>...
    )
    ^
  File "C:\Users\snrso\AppData\Local\Programs\Python\Python314\Lib\site-packages\telegram\ext\_extbot.py", line 370, in _do_post
    return await super()._do_post(
           ^^^^^^^^^^^^^^^^^^^^^^^
    ...<6 lines>...
    )
    ^
  File "C:\Users\snrso\AppData\Local\Programs\Python\Python314\Lib\site-packages\telegram\_bot.py", line 733, in _do_post
    result = await request.post(
             ^^^^^^^^^^^^^^^^^^^
    ...<6 lines>...
    )
    ^
  File "C:\Users\snrso\AppData\Local\Programs\Python\Python314\Lib\site-packages\telegram\request\_baserequest.py", line 198, in post
    result = await self._request_wrapper(
             ^^^^^^^^^^^^^^^^^^^^^^^^^^^^
    ...<7 lines>...
    )
    ^
  File "C:\Users\snrso\AppData\Local\Programs\Python\Python314\Lib\site-packages\telegram\request\_baserequest.py", line 375, in _request_wrapper
    raise exception
telegram.error.Conflict: Conflict: terminated by other getUpdates request; make sure that only one bot instance is running
2026-06-06 19:34:06,409 - httpx - INFO - HTTP Request: POST https://api.telegram.org/bot8838756490:AAE1CAsIDfhrFN31LzqwCXZ-3Lu-3tXYN0Y/getUpdates "HTTP/1.1 200 OK"
2026-06-06 19:34:16,574 - httpx - INFO - HTTP Request: POST https://api.telegram.org/bot8838756490:AAE1CAsIDfhrFN31LzqwCXZ-3Lu-3tXYN0Y/getUpdates "HTTP/1.1 200 OK"
2026-06-06 19:34:26,746 - httpx - INFO - HTTP Request: POST https://api.telegram.org/bot8838756490:AAE1CAsIDfhrFN31LzqwCXZ-3Lu-3tXYN0Y/getUpdates "HTTP/1.1 200 OK"
2026-06-06 19:34:29,957 - httpx - INFO - HTTP Request: POST https://api.telegram.org/bot8838756490:AAE1CAsIDfhrFN31LzqwCXZ-3Lu-3tXYN0Y/getUpdates "HTTP/1.1 409 Conflict"
2026-06-06 19:34:29,959 - telegram.ext.Application - ERROR - No error handlers are registered, logging exception.
Traceback (most recent call last):
  File "C:\Users\snrso\AppData\Local\Programs\Python\Python314\Lib\site-packages\telegram\ext\_utils\networkloop.py", line 161, in network_retry_loop
    await do_action()
  File "C:\Users\snrso\AppData\Local\Programs\Python\Python314\Lib\site-packages\telegram\ext\_utils\networkloop.py", line 154, in do_action
    action_cb_task.result()
    ~~~~~~~~~~~~~~~~~~~~~^^
  File "C:\Users\snrso\AppData\Local\Programs\Python\Python314\Lib\site-packages\telegram\ext\_updater.py", line 340, in polling_action_cb
    updates = await self.bot.get_updates(
              ^^^^^^^^^^^^^^^^^^^^^^^^^^^
    ...<3 lines>...
    )
    ^
  File "C:\Users\snrso\AppData\Local\Programs\Python\Python314\Lib\site-packages\telegram\ext\_extbot.py", line 672, in get_updates
    updates = await super().get_updates(
              ^^^^^^^^^^^^^^^^^^^^^^^^^^
    ...<9 lines>...
    )
    ^
  File "C:\Users\snrso\AppData\Local\Programs\Python\Python314\Lib\site-packages\telegram\_bot.py", line 4865, in get_updates
    await self._post(
    ^^^^^^^^^^^^^^^^^
    ...<7 lines>...
    ),
    ^
  File "C:\Users\snrso\AppData\Local\Programs\Python\Python314\Lib\site-packages\telegram\_bot.py", line 704, in _post
    return await self._do_post(
           ^^^^^^^^^^^^^^^^^^^^
    ...<6 lines>...
    )
    ^
  File "C:\Users\snrso\AppData\Local\Programs\Python\Python314\Lib\site-packages\telegram\ext\_extbot.py", line 370, in _do_post
    return await super()._do_post(
           ^^^^^^^^^^^^^^^^^^^^^^^
    ...<6 lines>...
    )
    ^
  File "C:\Users\snrso\AppData\Local\Programs\Python\Python314\Lib\site-packages\telegram\_bot.py", line 733, in _do_post
    result = await request.post(
             ^^^^^^^^^^^^^^^^^^^
    ...<6 lines>...
    )
    ^
  File "C:\Users\snrso\AppData\Local\Programs\Python\Python314\Lib\site-packages\telegram\request\_baserequest.py", line 198, in post
    result = await self._request_wrapper(
             ^^^^^^^^^^^^^^^^^^^^^^^^^^^^
    ...<7 lines>...
    )
    ^
  File "C:\Users\snrso\AppData\Local\Programs\Python\Python314\Lib\site-packages\telegram\request\_baserequest.py", line 375, in _request_wrapper
    raise exception
telegram.error.Conflict: Conflict: terminated by other getUpdates request; make sure that only one bot instance is running
2026-06-06 19:34:34,154 - httpx - INFO - HTTP Request: POST https://api.telegram.org/bot8838756490:AAE1CAsIDfhrFN31LzqwCXZ-3Lu-3tXYN0Y/getUpdates "HTTP/1.1 409 Conflict"
2026-06-06 19:34:34,156 - telegram.ext.Application - ERROR - No error handlers are registered, logging exception.
Traceback (most recent call last):
  File "C:\Users\snrso\AppData\Local\Programs\Python\Python314\Lib\site-packages\telegram\ext\_utils\networkloop.py", line 161, in network_retry_loop
    await do_action()
  File "C:\Users\snrso\AppData\Local\Programs\Python\Python314\Lib\site-packages\telegram\ext\_utils\networkloop.py", line 154, in do_action
    action_cb_task.result()
    ~~~~~~~~~~~~~~~~~~~~~^^
  File "C:\Users\snrso\AppData\Local\Programs\Python\Python314\Lib\site-packages\telegram\ext\_updater.py", line 340, in polling_action_cb
    updates = await self.bot.get_updates(
              ^^^^^^^^^^^^^^^^^^^^^^^^^^^
    ...<3 lines>...
    )
    ^
  File "C:\Users\snrso\AppData\Local\Programs\Python\Python314\Lib\site-packages\telegram\ext\_extbot.py", line 672, in get_updates
    updates = await super().get_updates(
              ^^^^^^^^^^^^^^^^^^^^^^^^^^
    ...<9 lines>...
    )
    ^
  File "C:\Users\snrso\AppData\Local\Programs\Python\Python314\Lib\site-packages\telegram\_bot.py", line 4865, in get_updates
    await self._post(
    ^^^^^^^^^^^^^^^^^
    ...<7 lines>...
    ),
    ^
  File "C:\Users\snrso\AppData\Local\Programs\Python\Python314\Lib\site-packages\telegram\_bot.py", line 704, in _post
    return await self._do_post(
           ^^^^^^^^^^^^^^^^^^^^
    ...<6 lines>...
    )
    ^
  File "C:\Users\snrso\AppData\Local\Programs\Python\Python314\Lib\site-packages\telegram\ext\_extbot.py", line 370, in _do_post
    return await super()._do_post(
           ^^^^^^^^^^^^^^^^^^^^^^^
    ...<6 lines>...
    )
    ^
  File "C:\Users\snrso\AppData\Local\Programs\Python\Python314\Lib\site-packages\telegram\_bot.py", line 733, in _do_post
    result = await request.post(
             ^^^^^^^^^^^^^^^^^^^
    ...<6 lines>...
    )
    ^
  File "C:\Users\snrso\AppData\Local\Programs\Python\Python314\Lib\site-packages\telegram\request\_baserequest.py", line 198, in post
    result = await self._request_wrapper(
             ^^^^^^^^^^^^^^^^^^^^^^^^^^^^
    ...<7 lines>...
    )
    ^
  File "C:\Users\snrso\AppData\Local\Programs\Python\Python314\Lib\site-packages\telegram\request\_baserequest.py", line 375, in _request_wrapper
    raise exception
telegram.error.Conflict: Conflict: terminated by other getUpdates request; make sure that only one bot instance is running
2026-06-06 19:34:41,149 - httpx - INFO - HTTP Request: POST https://api.telegram.org/bot8838756490:AAE1CAsIDfhrFN31LzqwCXZ-3Lu-3tXYN0Y/getUpdates "HTTP/1.1 200 OK"
2026-06-06 19:34:51,324 - httpx - INFO - HTTP Request: POST https://api.telegram.org/bot8838756490:AAE1CAsIDfhrFN31LzqwCXZ-3Lu-3tXYN0Y/getUpdates "HTTP/1.1 200 OK"
2026-06-06 19:35:01,493 - httpx - INFO - HTTP Request: POST https://api.telegram.org/bot8838756490:AAE1CAsIDfhrFN31LzqwCXZ-3Lu-3tXYN0Y/getUpdates "HTTP/1.1 200 OK"
2026-06-06 19:35:04,680 - httpx - INFO - HTTP Request: POST https://api.telegram.org/bot8838756490:AAE1CAsIDfhrFN31LzqwCXZ-3Lu-3tXYN0Y/getUpdates "HTTP/1.1 409 Conflict"
2026-06-06 19:35:04,682 - telegram.ext.Application - ERROR - No error handlers are registered, logging exception.
Traceback (most recent call last):
  File "C:\Users\snrso\AppData\Local\Programs\Python\Python314\Lib\site-packages\telegram\ext\_utils\networkloop.py", line 161, in network_retry_loop
    await do_action()
  File "C:\Users\snrso\AppData\Local\Programs\Python\Python314\Lib\site-packages\telegram\ext\_utils\networkloop.py", line 154, in do_action
    action_cb_task.result()
    ~~~~~~~~~~~~~~~~~~~~~^^
  File "C:\Users\snrso\AppData\Local\Programs\Python\Python314\Lib\site-packages\telegram\ext\_updater.py", line 340, in polling_action_cb
    updates = await self.bot.get_updates(
              ^^^^^^^^^^^^^^^^^^^^^^^^^^^
    ...<3 lines>...
    )
    ^
  File "C:\Users\snrso\AppData\Local\Programs\Python\Python314\Lib\site-packages\telegram\ext\_extbot.py", line 672, in get_updates
    updates = await super().get_updates(
              ^^^^^^^^^^^^^^^^^^^^^^^^^^
    ...<9 lines>...
    )
    ^
  File "C:\Users\snrso\AppData\Local\Programs\Python\Python314\Lib\site-packages\telegram\_bot.py", line 4865, in get_updates
    await self._post(
    ^^^^^^^^^^^^^^^^^
    ...<7 lines>...
    ),
    ^
  File "C:\Users\snrso\AppData\Local\Programs\Python\Python314\Lib\site-packages\telegram\_bot.py", line 704, in _post
    return await self._do_post(
           ^^^^^^^^^^^^^^^^^^^^
    ...<6 lines>...
    )
    ^
  File "C:\Users\snrso\AppData\Local\Programs\Python\Python314\Lib\site-packages\telegram\ext\_extbot.py", line 370, in _do_post
    return await super()._do_post(
           ^^^^^^^^^^^^^^^^^^^^^^^
    ...<6 lines>...
    )
    ^
  File "C:\Users\snrso\AppData\Local\Programs\Python\Python314\Lib\site-packages\telegram\_bot.py", line 733, in _do_post
    result = await request.post(
             ^^^^^^^^^^^^^^^^^^^
    ...<6 lines>...
    )
    ^
  File "C:\Users\snrso\AppData\Local\Programs\Python\Python314\Lib\site-packages\telegram\request\_baserequest.py", line 198, in post
    result = await self._request_wrapper(
             ^^^^^^^^^^^^^^^^^^^^^^^^^^^^
    ...<7 lines>...
    )
    ^
  File "C:\Users\snrso\AppData\Local\Programs\Python\Python314\Lib\site-packages\telegram\request\_baserequest.py", line 375, in _request_wrapper
    raise exception
telegram.error.Conflict: Conflict: terminated by other getUpdates request; make sure that only one bot instance is running
2026-06-06 19:35:08,866 - httpx - INFO - HTTP Request: POST https://api.telegram.org/bot8838756490:AAE1CAsIDfhrFN31LzqwCXZ-3Lu-3tXYN0Y/getUpdates "HTTP/1.1 409 Conflict"
2026-06-06 19:35:08,867 - telegram.ext.Application - ERROR - No error handlers are registered, logging exception.
Traceback (most recent call last):
  File "C:\Users\snrso\AppData\Local\Programs\Python\Python314\Lib\site-packages\telegram\ext\_utils\networkloop.py", line 161, in network_retry_loop
    await do_action()
  File "C:\Users\snrso\AppData\Local\Programs\Python\Python314\Lib\site-packages\telegram\ext\_utils\networkloop.py", line 154, in do_action
    action_cb_task.result()
    ~~~~~~~~~~~~~~~~~~~~~^^
  File "C:\Users\snrso\AppData\Local\Programs\Python\Python314\Lib\site-packages\telegram\ext\_updater.py", line 340, in polling_action_cb
    updates = await self.bot.get_updates(
              ^^^^^^^^^^^^^^^^^^^^^^^^^^^
    ...<3 lines>...
    )
    ^
  File "C:\Users\snrso\AppData\Local\Programs\Python\Python314\Lib\site-packages\telegram\ext\_extbot.py", line 672, in get_updates
    updates = await super().get_updates(
              ^^^^^^^^^^^^^^^^^^^^^^^^^^
    ...<9 lines>...
    )
    ^
  File "C:\Users\snrso\AppData\Local\Programs\Python\Python314\Lib\site-packages\telegram\_bot.py", line 4865, in get_updates
    await self._post(
    ^^^^^^^^^^^^^^^^^
    ...<7 lines>...
    ),
    ^
  File "C:\Users\snrso\AppData\Local\Programs\Python\Python314\Lib\site-packages\telegram\_bot.py", line 704, in _post
    return await self._do_post(
           ^^^^^^^^^^^^^^^^^^^^
    ...<6 lines>...
    )
    ^
  File "C:\Users\snrso\AppData\Local\Programs\Python\Python314\Lib\site-packages\telegram\ext\_extbot.py", line 370, in _do_post
    return await super()._do_post(
           ^^^^^^^^^^^^^^^^^^^^^^^
    ...<6 lines>...
    )
    ^
  File "C:\Users\snrso\AppData\Local\Programs\Python\Python314\Lib\site-packages\telegram\_bot.py", line 733, in _do_post
    result = await request.post(
             ^^^^^^^^^^^^^^^^^^^
    ...<6 lines>...
    )
    ^
  File "C:\Users\snrso\AppData\Local\Programs\Python\Python314\Lib\site-packages\telegram\request\_baserequest.py", line 198, in post
    result = await self._request_wrapper(
             ^^^^^^^^^^^^^^^^^^^^^^^^^^^^
    ...<7 lines>...
    )
    ^
  File "C:\Users\snrso\AppData\Local\Programs\Python\Python314\Lib\site-packages\telegram\request\_baserequest.py", line 375, in _request_wrapper
    raise exception
telegram.error.Conflict: Conflict: terminated by other getUpdates request; make sure that only one bot instance is running
2026-06-06 19:35:15,866 - httpx - INFO - HTTP Request: POST https://api.telegram.org/bot8838756490:AAE1CAsIDfhrFN31LzqwCXZ-3Lu-3tXYN0Y/getUpdates "HTTP/1.1 200 OK"
2026-06-06 19:35:26,046 - httpx - INFO - HTTP Request: POST https://api.telegram.org/bot8838756490:AAE1CAsIDfhrFN31LzqwCXZ-3Lu-3tXYN0Y/getUpdates "HTTP/1.1 200 OK"
2026-06-06 19:35:36,216 - httpx - INFO - HTTP Request: POST https://api.telegram.org/bot8838756490:AAE1CAsIDfhrFN31LzqwCXZ-3Lu-3tXYN0Y/getUpdates "HTTP/1.1 200 OK"
2026-06-06 19:35:39,387 - httpx - INFO - HTTP Request: POST https://api.telegram.org/bot8838756490:AAE1CAsIDfhrFN31LzqwCXZ-3Lu-3tXYN0Y/getUpdates "HTTP/1.1 409 Conflict"
2026-06-06 19:35:39,412 - telegram.ext.Application - ERROR - No error handlers are registered, logging exception.
Traceback (most recent call last):
  File "C:\Users\snrso\AppData\Local\Programs\Python\Python314\Lib\site-packages\telegram\ext\_utils\networkloop.py", line 161, in network_retry_loop
    await do_action()
  File "C:\Users\snrso\AppData\Local\Programs\Python\Python314\Lib\site-packages\telegram\ext\_utils\networkloop.py", line 154, in do_action
    action_cb_task.result()
    ~~~~~~~~~~~~~~~~~~~~~^^
  File "C:\Users\snrso\AppData\Local\Programs\Python\Python314\Lib\site-packages\telegram\ext\_updater.py", line 340, in polling_action_cb
    updates = await self.bot.get_updates(
              ^^^^^^^^^^^^^^^^^^^^^^^^^^^
    ...<3 lines>...
    )
    ^
  File "C:\Users\snrso\AppData\Local\Programs\Python\Python314\Lib\site-packages\telegram\ext\_extbot.py", line 672, in get_updates
    updates = await super().get_updates(
              ^^^^^^^^^^^^^^^^^^^^^^^^^^
    ...<9 lines>...
    )
    ^
  File "C:\Users\snrso\AppData\Local\Programs\Python\Python314\Lib\site-packages\telegram\_bot.py", line 4865, in get_updates
    await self._post(
    ^^^^^^^^^^^^^^^^^
    ...<7 lines>...
    ),
    ^
  File "C:\Users\snrso\AppData\Local\Programs\Python\Python314\Lib\site-packages\telegram\_bot.py", line 704, in _post
    return await self._do_post(
           ^^^^^^^^^^^^^^^^^^^^
    ...<6 lines>...
    )
    ^
  File "C:\Users\snrso\AppData\Local\Programs\Python\Python314\Lib\site-packages\telegram\ext\_extbot.py", line 370, in _do_post
    return await super()._do_post(
           ^^^^^^^^^^^^^^^^^^^^^^^
    ...<6 lines>...
    )
    ^
  File "C:\Users\snrso\AppData\Local\Programs\Python\Python314\Lib\site-packages\telegram\_bot.py", line 733, in _do_post
    result = await request.post(
             ^^^^^^^^^^^^^^^^^^^
    ...<6 lines>...
    )
    ^
  File "C:\Users\snrso\AppData\Local\Programs\Python\Python314\Lib\site-packages\telegram\request\_baserequest.py", line 198, in post
    result = await self._request_wrapper(
             ^^^^^^^^^^^^^^^^^^^^^^^^^^^^
    ...<7 lines>...
    )
    ^
  File "C:\Users\snrso\AppData\Local\Programs\Python\Python314\Lib\site-packages\telegram\request\_baserequest.py", line 375, in _request_wrapper
    raise exception
telegram.error.Conflict: Conflict: terminated by other getUpdates request; make sure that only one bot instance is running
2026-06-06 19:35:43,601 - httpx - INFO - HTTP Request: POST https://api.telegram.org/bot8838756490:AAE1CAsIDfhrFN31LzqwCXZ-3Lu-3tXYN0Y/getUpdates "HTTP/1.1 409 Conflict"
2026-06-06 19:35:43,602 - telegram.ext.Application - ERROR - No error handlers are registered, logging exception.
Traceback (most recent call last):
  File "C:\Users\snrso\AppData\Local\Programs\Python\Python314\Lib\site-packages\telegram\ext\_utils\networkloop.py", line 161, in network_retry_loop
    await do_action()
  File "C:\Users\snrso\AppData\Local\Programs\Python\Python314\Lib\site-packages\telegram\ext\_utils\networkloop.py", line 154, in do_action
    action_cb_task.result()
    ~~~~~~~~~~~~~~~~~~~~~^^
  File "C:\Users\snrso\AppData\Local\Programs\Python\Python314\Lib\site-packages\telegram\ext\_updater.py", line 340, in polling_action_cb
    updates = await self.bot.get_updates(
              ^^^^^^^^^^^^^^^^^^^^^^^^^^^
    ...<3 lines>...
    )
    ^
  File "C:\Users\snrso\AppData\Local\Programs\Python\Python314\Lib\site-packages\telegram\ext\_extbot.py", line 672, in get_updates
    updates = await super().get_updates(
              ^^^^^^^^^^^^^^^^^^^^^^^^^^
    ...<9 lines>...
    )
    ^
  File "C:\Users\snrso\AppData\Local\Programs\Python\Python314\Lib\site-packages\telegram\_bot.py", line 4865, in get_updates
    await self._post(
    ^^^^^^^^^^^^^^^^^
    ...<7 lines>...
    ),
    ^
  File "C:\Users\snrso\AppData\Local\Programs\Python\Python314\Lib\site-packages\telegram\_bot.py", line 704, in _post
    return await self._do_post(
           ^^^^^^^^^^^^^^^^^^^^
    ...<6 lines>...
    )
    ^
  File "C:\Users\snrso\AppData\Local\Programs\Python\Python314\Lib\site-packages\telegram\ext\_extbot.py", line 370, in _do_post
    return await super()._do_post(
           ^^^^^^^^^^^^^^^^^^^^^^^
    ...<6 lines>...
    )
    ^
  File "C:\Users\snrso\AppData\Local\Programs\Python\Python314\Lib\site-packages\telegram\_bot.py", line 733, in _do_post
    result = await request.post(
             ^^^^^^^^^^^^^^^^^^^
    ...<6 lines>...
    )
    ^
  File "C:\Users\snrso\AppData\Local\Programs\Python\Python314\Lib\site-packages\telegram\request\_baserequest.py", line 198, in post
    result = await self._request_wrapper(
             ^^^^^^^^^^^^^^^^^^^^^^^^^^^^
    ...<7 lines>...
    )
    ^
  File "C:\Users\snrso\AppData\Local\Programs\Python\Python314\Lib\site-packages\telegram\request\_baserequest.py", line 375, in _request_wrapper
    raise exception
telegram.error.Conflict: Conflict: terminated by other getUpdates request; make sure that only one bot instance is running
2026-06-06 19:35:50,612 - httpx - INFO - HTTP Request: POST https://api.telegram.org/bot8838756490:AAE1CAsIDfhrFN31LzqwCXZ-3Lu-3tXYN0Y/getUpdates "HTTP/1.1 200 OK"
2026-06-06 19:36:00,795 - httpx - INFO - HTTP Request: POST https://api.telegram.org/bot8838756490:AAE1CAsIDfhrFN31LzqwCXZ-3Lu-3tXYN0Y/getUpdates "HTTP/1.1 200 OK"
2026-06-06 19:36:10,962 - httpx - INFO - HTTP Request: POST https://api.telegram.org/bot8838756490:AAE1CAsIDfhrFN31LzqwCXZ-3Lu-3tXYN0Y/getUpdates "HTTP/1.1 200 OK"
2026-06-06 19:36:14,105 - httpx - INFO - HTTP Request: POST https://api.telegram.org/bot8838756490:AAE1CAsIDfhrFN31LzqwCXZ-3Lu-3tXYN0Y/getUpdates "HTTP/1.1 409 Conflict"
2026-06-06 19:36:14,106 - telegram.ext.Application - ERROR - No error handlers are registered, logging exception.
Traceback (most recent call last):
  File "C:\Users\snrso\AppData\Local\Programs\Python\Python314\Lib\site-packages\telegram\ext\_utils\networkloop.py", line 161, in network_retry_loop
    await do_action()
  File "C:\Users\snrso\AppData\Local\Programs\Python\Python314\Lib\site-packages\telegram\ext\_utils\networkloop.py", line 154, in do_action
    action_cb_task.result()
    ~~~~~~~~~~~~~~~~~~~~~^^
  File "C:\Users\snrso\AppData\Local\Programs\Python\Python314\Lib\site-packages\telegram\ext\_updater.py", line 340, in polling_action_cb
    updates = await self.bot.get_updates(
              ^^^^^^^^^^^^^^^^^^^^^^^^^^^
    ...<3 lines>...
    )
    ^
  File "C:\Users\snrso\AppData\Local\Programs\Python\Python314\Lib\site-packages\telegram\ext\_extbot.py", line 672, in get_updates
    updates = await super().get_updates(
              ^^^^^^^^^^^^^^^^^^^^^^^^^^
    ...<9 lines>...
    )
    ^
  File "C:\Users\snrso\AppData\Local\Programs\Python\Python314\Lib\site-packages\telegram\_bot.py", line 4865, in get_updates
    await self._post(
    ^^^^^^^^^^^^^^^^^
    ...<7 lines>...
    ),
    ^
  File "C:\Users\snrso\AppData\Local\Programs\Python\Python314\Lib\site-packages\telegram\_bot.py", line 704, in _post
    return await self._do_post(
           ^^^^^^^^^^^^^^^^^^^^
    ...<6 lines>...
    )
    ^
  File "C:\Users\snrso\AppData\Local\Programs\Python\Python314\Lib\site-packages\telegram\ext\_extbot.py", line 370, in _do_post
    return await super()._do_post(
           ^^^^^^^^^^^^^^^^^^^^^^^
    ...<6 lines>...
    )
    ^
  File "C:\Users\snrso\AppData\Local\Programs\Python\Python314\Lib\site-packages\telegram\_bot.py", line 733, in _do_post
    result = await request.post(
             ^^^^^^^^^^^^^^^^^^^
    ...<6 lines>...
    )
    ^
  File "C:\Users\snrso\AppData\Local\Programs\Python\Python314\Lib\site-packages\telegram\request\_baserequest.py", line 198, in post
    result = await self._request_wrapper(
             ^^^^^^^^^^^^^^^^^^^^^^^^^^^^
    ...<7 lines>...
    )
    ^
  File "C:\Users\snrso\AppData\Local\Programs\Python\Python314\Lib\site-packages\telegram\request\_baserequest.py", line 375, in _request_wrapper
    raise exception
telegram.error.Conflict: Conflict: terminated by other getUpdates request; make sure that only one bot instance is running
2026-06-06 19:36:18,273 - httpx - INFO - HTTP Request: POST https://api.telegram.org/bot8838756490:AAE1CAsIDfhrFN31LzqwCXZ-3Lu-3tXYN0Y/getUpdates "HTTP/1.1 409 Conflict"
2026-06-06 19:36:18,275 - telegram.ext.Application - ERROR - No error handlers are registered, logging exception.
Traceback (most recent call last):
  File "C:\Users\snrso\AppData\Local\Programs\Python\Python314\Lib\site-packages\telegram\ext\_utils\networkloop.py", line 161, in network_retry_loop
    await do_action()
  File "C:\Users\snrso\AppData\Local\Programs\Python\Python314\Lib\site-packages\telegram\ext\_utils\networkloop.py", line 154, in do_action
    action_cb_task.result()
    ~~~~~~~~~~~~~~~~~~~~~^^
  File "C:\Users\snrso\AppData\Local\Programs\Python\Python314\Lib\site-packages\telegram\ext\_updater.py", line 340, in polling_action_cb
    updates = await self.bot.get_updates(
              ^^^^^^^^^^^^^^^^^^^^^^^^^^^
    ...<3 lines>...
    )
    ^
  File "C:\Users\snrso\AppData\Local\Programs\Python\Python314\Lib\site-packages\telegram\ext\_extbot.py", line 672, in get_updates
    updates = await super().get_updates(
              ^^^^^^^^^^^^^^^^^^^^^^^^^^
    ...<9 lines>...
    )
    ^
  File "C:\Users\snrso\AppData\Local\Programs\Python\Python314\Lib\site-packages\telegram\_bot.py", line 4865, in get_updates
    await self._post(
    ^^^^^^^^^^^^^^^^^
    ...<7 lines>...
    ),
    ^
  File "C:\Users\snrso\AppData\Local\Programs\Python\Python314\Lib\site-packages\telegram\_bot.py", line 704, in _post
    return await self._do_post(
           ^^^^^^^^^^^^^^^^^^^^
    ...<6 lines>...
    )
    ^
  File "C:\Users\snrso\AppData\Local\Programs\Python\Python314\Lib\site-packages\telegram\ext\_extbot.py", line 370, in _do_post
    return await super()._do_post(
           ^^^^^^^^^^^^^^^^^^^^^^^
    ...<6 lines>...
    )
    ^
  File "C:\Users\snrso\AppData\Local\Programs\Python\Python314\Lib\site-packages\telegram\_bot.py", line 733, in _do_post
    result = await request.post(
             ^^^^^^^^^^^^^^^^^^^
    ...<6 lines>...
    )
    ^
  File "C:\Users\snrso\AppData\Local\Programs\Python\Python314\Lib\site-packages\telegram\request\_baserequest.py", line 198, in post
    result = await self._request_wrapper(
             ^^^^^^^^^^^^^^^^^^^^^^^^^^^^
    ...<7 lines>...
    )
    ^
  File "C:\Users\snrso\AppData\Local\Programs\Python\Python314\Lib\site-packages\telegram\request\_baserequest.py", line 375, in _request_wrapper
    raise exception
telegram.error.Conflict: Conflict: terminated by other getUpdates request; make sure that only one bot instance is running
2026-06-06 19:36:25,273 - httpx - INFO - HTTP Request: POST https://api.telegram.org/bot8838756490:AAE1CAsIDfhrFN31LzqwCXZ-3Lu-3tXYN0Y/getUpdates "HTTP/1.1 200 OK"
2026-06-06 19:36:35,439 - httpx - INFO - HTTP Request: POST https://api.telegram.org/bot8838756490:AAE1CAsIDfhrFN31LzqwCXZ-3Lu-3tXYN0Y/getUpdates "HTTP/1.1 200 OK"
2026-06-06 19:36:45,606 - httpx - INFO - HTTP Request: POST https://api.telegram.org/bot8838756490:AAE1CAsIDfhrFN31LzqwCXZ-3Lu-3tXYN0Y/getUpdates "HTTP/1.1 200 OK"
2026-06-06 19:36:48,849 - httpx - INFO - HTTP Request: POST https://api.telegram.org/bot8838756490:AAE1CAsIDfhrFN31LzqwCXZ-3Lu-3tXYN0Y/getUpdates "HTTP/1.1 409 Conflict"
2026-06-06 19:36:48,850 - telegram.ext.Application - ERROR - No error handlers are registered, logging exception.
Traceback (most recent call last):
  File "C:\Users\snrso\AppData\Local\Programs\Python\Python314\Lib\site-packages\telegram\ext\_utils\networkloop.py", line 161, in network_retry_loop
    await do_action()
  File "C:\Users\snrso\AppData\Local\Programs\Python\Python314\Lib\site-packages\telegram\ext\_utils\networkloop.py", line 154, in do_action
    action_cb_task.result()
    ~~~~~~~~~~~~~~~~~~~~~^^
  File "C:\Users\snrso\AppData\Local\Programs\Python\Python314\Lib\site-packages\telegram\ext\_updater.py", line 340, in polling_action_cb
    updates = await self.bot.get_updates(
              ^^^^^^^^^^^^^^^^^^^^^^^^^^^
    ...<3 lines>...
    )
    ^
  File "C:\Users\snrso\AppData\Local\Programs\Python\Python314\Lib\site-packages\telegram\ext\_extbot.py", line 672, in get_updates
    updates = await super().get_updates(
              ^^^^^^^^^^^^^^^^^^^^^^^^^^
    ...<9 lines>...
    )
    ^
  File "C:\Users\snrso\AppData\Local\Programs\Python\Python314\Lib\site-packages\telegram\_bot.py", line 4865, in get_updates
    await self._post(
    ^^^^^^^^^^^^^^^^^
    ...<7 lines>...
    ),
    ^
  File "C:\Users\snrso\AppData\Local\Programs\Python\Python314\Lib\site-packages\telegram\_bot.py", line 704, in _post
    return await self._do_post(
           ^^^^^^^^^^^^^^^^^^^^
    ...<6 lines>...
    )
    ^
  File "C:\Users\snrso\AppData\Local\Programs\Python\Python314\Lib\site-packages\telegram\ext\_extbot.py", line 370, in _do_post
    return await super()._do_post(
           ^^^^^^^^^^^^^^^^^^^^^^^
    ...<6 lines>...
    )
    ^
  File "C:\Users\snrso\AppData\Local\Programs\Python\Python314\Lib\site-packages\telegram\_bot.py", line 733, in _do_post
    result = await request.post(
             ^^^^^^^^^^^^^^^^^^^
    ...<6 lines>...
    )
    ^
  File "C:\Users\snrso\AppData\Local\Programs\Python\Python314\Lib\site-packages\telegram\request\_baserequest.py", line 198, in post
    result = await self._request_wrapper(
             ^^^^^^^^^^^^^^^^^^^^^^^^^^^^
    ...<7 lines>...
    )
    ^
  File "C:\Users\snrso\AppData\Local\Programs\Python\Python314\Lib\site-packages\telegram\request\_baserequest.py", line 375, in _request_wrapper
    raise exception
telegram.error.Conflict: Conflict: terminated by other getUpdates request; make sure that only one bot instance is running
2026-06-06 19:36:53,032 - httpx - INFO - HTTP Request: POST https://api.telegram.org/bot8838756490:AAE1CAsIDfhrFN31LzqwCXZ-3Lu-3tXYN0Y/getUpdates "HTTP/1.1 409 Conflict"
2026-06-06 19:36:53,033 - telegram.ext.Application - ERROR - No error handlers are registered, logging exception.
Traceback (most recent call last):
  File "C:\Users\snrso\AppData\Local\Programs\Python\Python314\Lib\site-packages\telegram\ext\_utils\networkloop.py", line 161, in network_retry_loop
    await do_action()
  File "C:\Users\snrso\AppData\Local\Programs\Python\Python314\Lib\site-packages\telegram\ext\_utils\networkloop.py", line 154, in do_action
    action_cb_task.result()
    ~~~~~~~~~~~~~~~~~~~~~^^
  File "C:\Users\snrso\AppData\Local\Programs\Python\Python314\Lib\site-packages\telegram\ext\_updater.py", line 340, in polling_action_cb
    updates = await self.bot.get_updates(
              ^^^^^^^^^^^^^^^^^^^^^^^^^^^
    ...<3 lines>...
    )
    ^
  File "C:\Users\snrso\AppData\Local\Programs\Python\Python314\Lib\site-packages\telegram\ext\_extbot.py", line 672, in get_updates
    updates = await super().get_updates(
              ^^^^^^^^^^^^^^^^^^^^^^^^^^
    ...<9 lines>...
    )
    ^
  File "C:\Users\snrso\AppData\Local\Programs\Python\Python314\Lib\site-packages\telegram\_bot.py", line 4865, in get_updates
    await self._post(
    ^^^^^^^^^^^^^^^^^
    ...<7 lines>...
    ),
    ^
  File "C:\Users\snrso\AppData\Local\Programs\Python\Python314\Lib\site-packages\telegram\_bot.py", line 704, in _post
    return await self._do_post(
           ^^^^^^^^^^^^^^^^^^^^
    ...<6 lines>...
    )
    ^
  File "C:\Users\snrso\AppData\Local\Programs\Python\Python314\Lib\site-packages\telegram\ext\_extbot.py", line 370, in _do_post
    return await super()._do_post(
           ^^^^^^^^^^^^^^^^^^^^^^^
    ...<6 lines>...
    )
    ^
  File "C:\Users\snrso\AppData\Local\Programs\Python\Python314\Lib\site-packages\telegram\_bot.py", line 733, in _do_post
    result = await request.post(
             ^^^^^^^^^^^^^^^^^^^
    ...<6 lines>...
    )
    ^
  File "C:\Users\snrso\AppData\Local\Programs\Python\Python314\Lib\site-packages\telegram\request\_baserequest.py", line 198, in post
    result = await self._request_wrapper(
             ^^^^^^^^^^^^^^^^^^^^^^^^^^^^
    ...<7 lines>...
    )
    ^
  File "C:\Users\snrso\AppData\Local\Programs\Python\Python314\Lib\site-packages\telegram\request\_baserequest.py", line 375, in _request_wrapper
    raise exception
telegram.error.Conflict: Conflict: terminated by other getUpdates request; make sure that only one bot instance is running
2026-06-06 19:37:00,037 - httpx - INFO - HTTP Request: POST https://api.telegram.org/bot8838756490:AAE1CAsIDfhrFN31LzqwCXZ-3Lu-3tXYN0Y/getUpdates "HTTP/1.1 200 OK"
2026-06-06 19:37:10,206 - httpx - INFO - HTTP Request: POST https://api.telegram.org/bot8838756490:AAE1CAsIDfhrFN31LzqwCXZ-3Lu-3tXYN0Y/getUpdates "HTTP/1.1 200 OK"
2026-06-06 19:37:20,382 - httpx - INFO - HTTP Request: POST https://api.telegram.org/bot8838756490:AAE1CAsIDfhrFN31LzqwCXZ-3Lu-3tXYN0Y/getUpdates "HTTP/1.1 200 OK"
2026-06-06 19:37:23,597 - httpx - INFO - HTTP Request: POST https://api.telegram.org/bot8838756490:AAE1CAsIDfhrFN31LzqwCXZ-3Lu-3tXYN0Y/getUpdates "HTTP/1.1 409 Conflict"
2026-06-06 19:37:23,598 - telegram.ext.Application - ERROR - No error handlers are registered, logging exception.
Traceback (most recent call last):
  File "C:\Users\snrso\AppData\Local\Programs\Python\Python314\Lib\site-packages\telegram\ext\_utils\networkloop.py", line 161, in network_retry_loop
    await do_action()
  File "C:\Users\snrso\AppData\Local\Programs\Python\Python314\Lib\site-packages\telegram\ext\_utils\networkloop.py", line 154, in do_action
    action_cb_task.result()
    ~~~~~~~~~~~~~~~~~~~~~^^
  File "C:\Users\snrso\AppData\Local\Programs\Python\Python314\Lib\site-packages\telegram\ext\_updater.py", line 340, in polling_action_cb
    updates = await self.bot.get_updates(
              ^^^^^^^^^^^^^^^^^^^^^^^^^^^
    ...<3 lines>...
    )
    ^
  File "C:\Users\snrso\AppData\Local\Programs\Python\Python314\Lib\site-packages\telegram\ext\_extbot.py", line 672, in get_updates
    updates = await super().get_updates(
              ^^^^^^^^^^^^^^^^^^^^^^^^^^
    ...<9 lines>...
    )
    ^
  File "C:\Users\snrso\AppData\Local\Programs\Python\Python314\Lib\site-packages\telegram\_bot.py", line 4865, in get_updates
    await self._post(
    ^^^^^^^^^^^^^^^^^
    ...<7 lines>...
    ),
    ^
  File "C:\Users\snrso\AppData\Local\Programs\Python\Python314\Lib\site-packages\telegram\_bot.py", line 704, in _post
    return await self._do_post(
           ^^^^^^^^^^^^^^^^^^^^
    ...<6 lines>...
    )
    ^
  File "C:\Users\snrso\AppData\Local\Programs\Python\Python314\Lib\site-packages\telegram\ext\_extbot.py", line 370, in _do_post
    return await super()._do_post(
           ^^^^^^^^^^^^^^^^^^^^^^^
    ...<6 lines>...
    )
    ^
  File "C:\Users\snrso\AppData\Local\Programs\Python\Python314\Lib\site-packages\telegram\_bot.py", line 733, in _do_post
    result = await request.post(
             ^^^^^^^^^^^^^^^^^^^
    ...<6 lines>...
    )
    ^
  File "C:\Users\snrso\AppData\Local\Programs\Python\Python314\Lib\site-packages\telegram\request\_baserequest.py", line 198, in post
    result = await self._request_wrapper(
             ^^^^^^^^^^^^^^^^^^^^^^^^^^^^
    ...<7 lines>...
    )
    ^
  File "C:\Users\snrso\AppData\Local\Programs\Python\Python314\Lib\site-packages\telegram\request\_baserequest.py", line 375, in _request_wrapper
    raise exception
telegram.error.Conflict: Conflict: terminated by other getUpdates request; make sure that only one bot instance is running
2026-06-06 19:37:27,768 - httpx - INFO - HTTP Request: POST https://api.telegram.org/bot8838756490:AAE1CAsIDfhrFN31LzqwCXZ-3Lu-3tXYN0Y/getUpdates "HTTP/1.1 409 Conflict"
2026-06-06 19:37:27,769 - telegram.ext.Application - ERROR - No error handlers are registered, logging exception.
Traceback (most recent call last):
  File "C:\Users\snrso\AppData\Local\Programs\Python\Python314\Lib\site-packages\telegram\ext\_utils\networkloop.py", line 161, in network_retry_loop
    await do_action()
  File "C:\Users\snrso\AppData\Local\Programs\Python\Python314\Lib\site-packages\telegram\ext\_utils\networkloop.py", line 154, in do_action
    action_cb_task.result()
    ~~~~~~~~~~~~~~~~~~~~~^^
  File "C:\Users\snrso\AppData\Local\Programs\Python\Python314\Lib\site-packages\telegram\ext\_updater.py", line 340, in polling_action_cb
    updates = await self.bot.get_updates(
              ^^^^^^^^^^^^^^^^^^^^^^^^^^^
    ...<3 lines>...
    )
    ^
  File "C:\Users\snrso\AppData\Local\Programs\Python\Python314\Lib\site-packages\telegram\ext\_extbot.py", line 672, in get_updates
    updates = await super().get_updates(
              ^^^^^^^^^^^^^^^^^^^^^^^^^^
    ...<9 lines>...
    )
    ^
  File "C:\Users\snrso\AppData\Local\Programs\Python\Python314\Lib\site-packages\telegram\_bot.py", line 4865, in get_updates
    await self._post(
    ^^^^^^^^^^^^^^^^^
    ...<7 lines>...
    ),
    ^
  File "C:\Users\snrso\AppData\Local\Programs\Python\Python314\Lib\site-packages\telegram\_bot.py", line 704, in _post
    return await self._do_post(
           ^^^^^^^^^^^^^^^^^^^^
    ...<6 lines>...
    )
    ^
  File "C:\Users\snrso\AppData\Local\Programs\Python\Python314\Lib\site-packages\telegram\ext\_extbot.py", line 370, in _do_post
    return await super()._do_post(
           ^^^^^^^^^^^^^^^^^^^^^^^
    ...<6 lines>...
    )
    ^
  File "C:\Users\snrso\AppData\Local\Programs\Python\Python314\Lib\site-packages\telegram\_bot.py", line 733, in _do_post
    result = await request.post(
             ^^^^^^^^^^^^^^^^^^^
    ...<6 lines>...
    )
    ^
  File "C:\Users\snrso\AppData\Local\Programs\Python\Python314\Lib\site-packages\telegram\request\_baserequest.py", line 198, in post
    result = await self._request_wrapper(
             ^^^^^^^^^^^^^^^^^^^^^^^^^^^^
    ...<7 lines>...
    )
    ^
  File "C:\Users\snrso\AppData\Local\Programs\Python\Python314\Lib\site-packages\telegram\request\_baserequest.py", line 375, in _request_wrapper
    raise exception
telegram.error.Conflict: Conflict: terminated by other getUpdates request; make sure that only one bot instance is running
2026-06-06 19:37:34,778 - httpx - INFO - HTTP Request: POST https://api.telegram.org/bot8838756490:AAE1CAsIDfhrFN31LzqwCXZ-3Lu-3tXYN0Y/getUpdates "HTTP/1.1 200 OK"
2026-06-06 19:37:45,016 - httpx - INFO - HTTP Request: POST https://api.telegram.org/bot8838756490:AAE1CAsIDfhrFN31LzqwCXZ-3Lu-3tXYN0Y/getUpdates "HTTP/1.1 200 OK"
2026-06-06 19:37:55,305 - httpx - INFO - HTTP Request: POST https://api.telegram.org/bot8838756490:AAE1CAsIDfhrFN31LzqwCXZ-3Lu-3tXYN0Y/getUpdates "HTTP/1.1 200 OK"
2026-06-06 19:37:58,538 - httpx - INFO - HTTP Request: POST https://api.telegram.org/bot8838756490:AAE1CAsIDfhrFN31LzqwCXZ-3Lu-3tXYN0Y/getUpdates "HTTP/1.1 409 Conflict"
2026-06-06 19:37:58,540 - telegram.ext.Application - ERROR - No error handlers are registered, logging exception.
Traceback (most recent call last):
  File "C:\Users\snrso\AppData\Local\Programs\Python\Python314\Lib\site-packages\telegram\ext\_utils\networkloop.py", line 161, in network_retry_loop
    await do_action()
  File "C:\Users\snrso\AppData\Local\Programs\Python\Python314\Lib\site-packages\telegram\ext\_utils\networkloop.py", line 154, in do_action
    action_cb_task.result()
    ~~~~~~~~~~~~~~~~~~~~~^^
  File "C:\Users\snrso\AppData\Local\Programs\Python\Python314\Lib\site-packages\telegram\ext\_updater.py", line 340, in polling_action_cb
    updates = await self.bot.get_updates(
              ^^^^^^^^^^^^^^^^^^^^^^^^^^^
    ...<3 lines>...
    )
    ^
  File "C:\Users\snrso\AppData\Local\Programs\Python\Python314\Lib\site-packages\telegram\ext\_extbot.py", line 672, in get_updates
    updates = await super().get_updates(
              ^^^^^^^^^^^^^^^^^^^^^^^^^^
    ...<9 lines>...
    )
    ^
  File "C:\Users\snrso\AppData\Local\Programs\Python\Python314\Lib\site-packages\telegram\_bot.py", line 4865, in get_updates
    await self._post(
    ^^^^^^^^^^^^^^^^^
    ...<7 lines>...
    ),
    ^
  File "C:\Users\snrso\AppData\Local\Programs\Python\Python314\Lib\site-packages\telegram\_bot.py", line 704, in _post
    return await self._do_post(
           ^^^^^^^^^^^^^^^^^^^^
    ...<6 lines>...
    )
    ^
  File "C:\Users\snrso\AppData\Local\Programs\Python\Python314\Lib\site-packages\telegram\ext\_extbot.py", line 370, in _do_post
    return await super()._do_post(
           ^^^^^^^^^^^^^^^^^^^^^^^
    ...<6 lines>...
    )
    ^
  File "C:\Users\snrso\AppData\Local\Programs\Python\Python314\Lib\site-packages\telegram\_bot.py", line 733, in _do_post
    result = await request.post(
             ^^^^^^^^^^^^^^^^^^^
    ...<6 lines>...
    )
    ^
  File "C:\Users\snrso\AppData\Local\Programs\Python\Python314\Lib\site-packages\telegram\request\_baserequest.py", line 198, in post
    result = await self._request_wrapper(
             ^^^^^^^^^^^^^^^^^^^^^^^^^^^^
    ...<7 lines>...
    )
    ^
  File "C:\Users\snrso\AppData\Local\Programs\Python\Python314\Lib\site-packages\telegram\request\_baserequest.py", line 375, in _request_wrapper
    raise exception
telegram.error.Conflict: Conflict: terminated by other getUpdates request; make sure that only one bot instance is running
2026-06-06 19:38:02,835 - httpx - INFO - HTTP Request: POST https://api.telegram.org/bot8838756490:AAE1CAsIDfhrFN31LzqwCXZ-3Lu-3tXYN0Y/getUpdates "HTTP/1.1 409 Conflict"
2026-06-06 19:38:02,836 - telegram.ext.Application - ERROR - No error handlers are registered, logging exception.
Traceback (most recent call last):
  File "C:\Users\snrso\AppData\Local\Programs\Python\Python314\Lib\site-packages\telegram\ext\_utils\networkloop.py", line 161, in network_retry_loop
    await do_action()
  File "C:\Users\snrso\AppData\Local\Programs\Python\Python314\Lib\site-packages\telegram\ext\_utils\networkloop.py", line 154, in do_action
    action_cb_task.result()
    ~~~~~~~~~~~~~~~~~~~~~^^
  File "C:\Users\snrso\AppData\Local\Programs\Python\Python314\Lib\site-packages\telegram\ext\_updater.py", line 340, in polling_action_cb
    updates = await self.bot.get_updates(
              ^^^^^^^^^^^^^^^^^^^^^^^^^^^
    ...<3 lines>...
    )
    ^
  File "C:\Users\snrso\AppData\Local\Programs\Python\Python314\Lib\site-packages\telegram\ext\_extbot.py", line 672, in get_updates
    updates = await super().get_updates(
              ^^^^^^^^^^^^^^^^^^^^^^^^^^
    ...<9 lines>...
    )
    ^
  File "C:\Users\snrso\AppData\Local\Programs\Python\Python314\Lib\site-packages\telegram\_bot.py", line 4865, in get_updates
    await self._post(
    ^^^^^^^^^^^^^^^^^
    ...<7 lines>...
    ),
    ^
  File "C:\Users\snrso\AppData\Local\Programs\Python\Python314\Lib\site-packages\telegram\_bot.py", line 704, in _post
    return await self._do_post(
           ^^^^^^^^^^^^^^^^^^^^
    ...<6 lines>...
    )
    ^
  File "C:\Users\snrso\AppData\Local\Programs\Python\Python314\Lib\site-packages\telegram\ext\_extbot.py", line 370, in _do_post
    return await super()._do_post(
           ^^^^^^^^^^^^^^^^^^^^^^^
    ...<6 lines>...
    )
    ^
  File "C:\Users\snrso\AppData\Local\Programs\Python\Python314\Lib\site-packages\telegram\_bot.py", line 733, in _do_post
    result = await request.post(
             ^^^^^^^^^^^^^^^^^^^
    ...<6 lines>...
    )
    ^
  File "C:\Users\snrso\AppData\Local\Programs\Python\Python314\Lib\site-packages\telegram\request\_baserequest.py", line 198, in post
    result = await self._request_wrapper(
             ^^^^^^^^^^^^^^^^^^^^^^^^^^^^
    ...<7 lines>...
    )
    ^
  File "C:\Users\snrso\AppData\Local\Programs\Python\Python314\Lib\site-packages\telegram\request\_baserequest.py", line 375, in _request_wrapper
    raise exception
telegram.error.Conflict: Conflict: terminated by other getUpdates request; make sure that only one bot instance is running
2026-06-06 19:38:09,840 - httpx - INFO - HTTP Request: POST https://api.telegram.org/bot8838756490:AAE1CAsIDfhrFN31LzqwCXZ-3Lu-3tXYN0Y/getUpdates "HTTP/1.1 200 OK"
2026-06-06 19:38:20,038 - httpx - INFO - HTTP Request: POST https://api.telegram.org/bot8838756490:AAE1CAsIDfhrFN31LzqwCXZ-3Lu-3tXYN0Y/getUpdates "HTTP/1.1 200 OK"
2026-06-06 19:38:30,297 - httpx - INFO - HTTP Request: POST https://api.telegram.org/bot8838756490:AAE1CAsIDfhrFN31LzqwCXZ-3Lu-3tXYN0Y/getUpdates "HTTP/1.1 200 OK"
2026-06-06 19:38:33,618 - httpx - INFO - HTTP Request: POST https://api.telegram.org/bot8838756490:AAE1CAsIDfhrFN31LzqwCXZ-3Lu-3tXYN0Y/getUpdates "HTTP/1.1 409 Conflict"
2026-06-06 19:38:33,620 - telegram.ext.Application - ERROR - No error handlers are registered, logging exception.
Traceback (most recent call last):
  File "C:\Users\snrso\AppData\Local\Programs\Python\Python314\Lib\site-packages\telegram\ext\_utils\networkloop.py", line 161, in network_retry_loop
    await do_action()
  File "C:\Users\snrso\AppData\Local\Programs\Python\Python314\Lib\site-packages\telegram\ext\_utils\networkloop.py", line 154, in do_action
    action_cb_task.result()
    ~~~~~~~~~~~~~~~~~~~~~^^
  File "C:\Users\snrso\AppData\Local\Programs\Python\Python314\Lib\site-packages\telegram\ext\_updater.py", line 340, in polling_action_cb
    updates = await self.bot.get_updates(
              ^^^^^^^^^^^^^^^^^^^^^^^^^^^
    ...<3 lines>...
    )
    ^
  File "C:\Users\snrso\AppData\Local\Programs\Python\Python314\Lib\site-packages\telegram\ext\_extbot.py", line 672, in get_updates
    updates = await super().get_updates(
              ^^^^^^^^^^^^^^^^^^^^^^^^^^
    ...<9 lines>...
    )
    ^
  File "C:\Users\snrso\AppData\Local\Programs\Python\Python314\Lib\site-packages\telegram\_bot.py", line 4865, in get_updates
    await self._post(
    ^^^^^^^^^^^^^^^^^
    ...<7 lines>...
    ),
    ^
  File "C:\Users\snrso\AppData\Local\Programs\Python\Python314\Lib\site-packages\telegram\_bot.py", line 704, in _post
    return await self._do_post(
           ^^^^^^^^^^^^^^^^^^^^
    ...<6 lines>...
    )
    ^
  File "C:\Users\snrso\AppData\Local\Programs\Python\Python314\Lib\site-packages\telegram\ext\_extbot.py", line 370, in _do_post
    return await super()._do_post(
           ^^^^^^^^^^^^^^^^^^^^^^^
    ...<6 lines>...
    )
    ^
  File "C:\Users\snrso\AppData\Local\Programs\Python\Python314\Lib\site-packages\telegram\_bot.py", line 733, in _do_post
    result = await request.post(
             ^^^^^^^^^^^^^^^^^^^
    ...<6 lines>...
    )
    ^
  File "C:\Users\snrso\AppData\Local\Programs\Python\Python314\Lib\site-packages\telegram\request\_baserequest.py", line 198, in post
    result = await self._request_wrapper(
             ^^^^^^^^^^^^^^^^^^^^^^^^^^^^
    ...<7 lines>...
    )
    ^
  File "C:\Users\snrso\AppData\Local\Programs\Python\Python314\Lib\site-packages\telegram\request\_baserequest.py", line 375, in _request_wrapper
    raise exception
telegram.error.Conflict: Conflict: terminated by other getUpdates request; make sure that only one bot instance is running
2026-06-06 19:38:37,864 - httpx - INFO - HTTP Request: POST https://api.telegram.org/bot8838756490:AAE1CAsIDfhrFN31LzqwCXZ-3Lu-3tXYN0Y/getUpdates "HTTP/1.1 409 Conflict"
2026-06-06 19:38:37,866 - telegram.ext.Application - ERROR - No error handlers are registered, logging exception.
Traceback (most recent call last):
  File "C:\Users\snrso\AppData\Local\Programs\Python\Python314\Lib\site-packages\telegram\ext\_utils\networkloop.py", line 161, in network_retry_loop
    await do_action()
  File "C:\Users\snrso\AppData\Local\Programs\Python\Python314\Lib\site-packages\telegram\ext\_utils\networkloop.py", line 154, in do_action
    action_cb_task.result()
    ~~~~~~~~~~~~~~~~~~~~~^^
  File "C:\Users\snrso\AppData\Local\Programs\Python\Python314\Lib\site-packages\telegram\ext\_updater.py", line 340, in polling_action_cb
    updates = await self.bot.get_updates(
              ^^^^^^^^^^^^^^^^^^^^^^^^^^^
    ...<3 lines>...
    )
    ^
  File "C:\Users\snrso\AppData\Local\Programs\Python\Python314\Lib\site-packages\telegram\ext\_extbot.py", line 672, in get_updates
    updates = await super().get_updates(
              ^^^^^^^^^^^^^^^^^^^^^^^^^^
    ...<9 lines>...
    )
    ^
  File "C:\Users\snrso\AppData\Local\Programs\Python\Python314\Lib\site-packages\telegram\_bot.py", line 4865, in get_updates
    await self._post(
    ^^^^^^^^^^^^^^^^^
    ...<7 lines>...
    ),
    ^
  File "C:\Users\snrso\AppData\Local\Programs\Python\Python314\Lib\site-packages\telegram\_bot.py", line 704, in _post
    return await self._do_post(
           ^^^^^^^^^^^^^^^^^^^^
    ...<6 lines>...
    )
    ^
  File "C:\Users\snrso\AppData\Local\Programs\Python\Python314\Lib\site-packages\telegram\ext\_extbot.py", line 370, in _do_post
    return await super()._do_post(
           ^^^^^^^^^^^^^^^^^^^^^^^
    ...<6 lines>...
    )
    ^
  File "C:\Users\snrso\AppData\Local\Programs\Python\Python314\Lib\site-packages\telegram\_bot.py", line 733, in _do_post
    result = await request.post(
             ^^^^^^^^^^^^^^^^^^^
    ...<6 lines>...
    )
    ^
  File "C:\Users\snrso\AppData\Local\Programs\Python\Python314\Lib\site-packages\telegram\request\_baserequest.py", line 198, in post
    result = await self._request_wrapper(
             ^^^^^^^^^^^^^^^^^^^^^^^^^^^^
    ...<7 lines>...
    )
    ^
  File "C:\Users\snrso\AppData\Local\Programs\Python\Python314\Lib\site-packages\telegram\request\_baserequest.py", line 375, in _request_wrapper
    raise exception
telegram.error.Conflict: Conflict: terminated by other getUpdates request; make sure that only one bot instance is running
2026-06-06 19:39:00,384 - httpx - INFO - HTTP Request: POST https://api.telegram.org/bot8838756490:AAE1CAsIDfhrFN31LzqwCXZ-3Lu-3tXYN0Y/getUpdates "HTTP/1.1 200 OK"
2026-06-06 19:39:08,422 - httpx - INFO - HTTP Request: POST https://api.telegram.org/bot8838756490:AAE1CAsIDfhrFN31LzqwCXZ-3Lu-3tXYN0Y/getUpdates "HTTP/1.1 409 Conflict"
2026-06-06 19:39:08,424 - telegram.ext.Application - ERROR - No error handlers are registered, logging exception.
Traceback (most recent call last):
  File "C:\Users\snrso\AppData\Local\Programs\Python\Python314\Lib\site-packages\telegram\ext\_utils\networkloop.py", line 161, in network_retry_loop
    await do_action()
  File "C:\Users\snrso\AppData\Local\Programs\Python\Python314\Lib\site-packages\telegram\ext\_utils\networkloop.py", line 154, in do_action
    action_cb_task.result()
    ~~~~~~~~~~~~~~~~~~~~~^^
  File "C:\Users\snrso\AppData\Local\Programs\Python\Python314\Lib\site-packages\telegram\ext\_updater.py", line 340, in polling_action_cb
    updates = await self.bot.get_updates(
              ^^^^^^^^^^^^^^^^^^^^^^^^^^^
    ...<3 lines>...
    )
    ^
  File "C:\Users\snrso\AppData\Local\Programs\Python\Python314\Lib\site-packages\telegram\ext\_extbot.py", line 672, in get_updates
    updates = await super().get_updates(
              ^^^^^^^^^^^^^^^^^^^^^^^^^^
    ...<9 lines>...
    )
    ^
  File "C:\Users\snrso\AppData\Local\Programs\Python\Python314\Lib\site-packages\telegram\_bot.py", line 4865, in get_updates
    await self._post(
    ^^^^^^^^^^^^^^^^^
    ...<7 lines>...
    ),
    ^
  File "C:\Users\snrso\AppData\Local\Programs\Python\Python314\Lib\site-packages\telegram\_bot.py", line 704, in _post
    return await self._do_post(
           ^^^^^^^^^^^^^^^^^^^^
    ...<6 lines>...
    )
    ^
  File "C:\Users\snrso\AppData\Local\Programs\Python\Python314\Lib\site-packages\telegram\ext\_extbot.py", line 370, in _do_post
    return await super()._do_post(
           ^^^^^^^^^^^^^^^^^^^^^^^
    ...<6 lines>...
    )
    ^
  File "C:\Users\snrso\AppData\Local\Programs\Python\Python314\Lib\site-packages\telegram\_bot.py", line 733, in _do_post
    result = await request.post(
             ^^^^^^^^^^^^^^^^^^^
    ...<6 lines>...
    )
    ^
  File "C:\Users\snrso\AppData\Local\Programs\Python\Python314\Lib\site-packages\telegram\request\_baserequest.py", line 198, in post
    result = await self._request_wrapper(
             ^^^^^^^^^^^^^^^^^^^^^^^^^^^^
    ...<7 lines>...
    )
    ^
  File "C:\Users\snrso\AppData\Local\Programs\Python\Python314\Lib\site-packages\telegram\request\_baserequest.py", line 375, in _request_wrapper
    raise exception
telegram.error.Conflict: Conflict: terminated by other getUpdates request; make sure that only one bot instance is running
2026-06-06 19:39:12,704 - httpx - INFO - HTTP Request: POST https://api.telegram.org/bot8838756490:AAE1CAsIDfhrFN31LzqwCXZ-3Lu-3tXYN0Y/getUpdates "HTTP/1.1 409 Conflict"
2026-06-06 19:39:12,706 - telegram.ext.Application - ERROR - No error handlers are registered, logging exception.
Traceback (most recent call last):
  File "C:\Users\snrso\AppData\Local\Programs\Python\Python314\Lib\site-packages\telegram\ext\_utils\networkloop.py", line 161, in network_retry_loop
    await do_action()
  File "C:\Users\snrso\AppData\Local\Programs\Python\Python314\Lib\site-packages\telegram\ext\_utils\networkloop.py", line 154, in do_action
    action_cb_task.result()
    ~~~~~~~~~~~~~~~~~~~~~^^
  File "C:\Users\snrso\AppData\Local\Programs\Python\Python314\Lib\site-packages\telegram\ext\_updater.py", line 340, in polling_action_cb
    updates = await self.bot.get_updates(
              ^^^^^^^^^^^^^^^^^^^^^^^^^^^
    ...<3 lines>...
    )
    ^
  File "C:\Users\snrso\AppData\Local\Programs\Python\Python314\Lib\site-packages\telegram\ext\_extbot.py", line 672, in get_updates
    updates = await super().get_updates(
              ^^^^^^^^^^^^^^^^^^^^^^^^^^
    ...<9 lines>...
    )
    ^
  File "C:\Users\snrso\AppData\Local\Programs\Python\Python314\Lib\site-packages\telegram\_bot.py", line 4865, in get_updates
    await self._post(
    ^^^^^^^^^^^^^^^^^
    ...<7 lines>...
    ),
    ^
  File "C:\Users\snrso\AppData\Local\Programs\Python\Python314\Lib\site-packages\telegram\_bot.py", line 704, in _post
    return await self._do_post(
           ^^^^^^^^^^^^^^^^^^^^
    ...<6 lines>...
    )
    ^
  File "C:\Users\snrso\AppData\Local\Programs\Python\Python314\Lib\site-packages\telegram\ext\_extbot.py", line 370, in _do_post
    return await super()._do_post(
           ^^^^^^^^^^^^^^^^^^^^^^^
    ...<6 lines>...
    )
    ^
  File "C:\Users\snrso\AppData\Local\Programs\Python\Python314\Lib\site-packages\telegram\_bot.py", line 733, in _do_post
    result = await request.post(
             ^^^^^^^^^^^^^^^^^^^
    ...<6 lines>...
    )
    ^
  File "C:\Users\snrso\AppData\Local\Programs\Python\Python314\Lib\site-packages\telegram\request\_baserequest.py", line 198, in post
    result = await self._request_wrapper(
             ^^^^^^^^^^^^^^^^^^^^^^^^^^^^
    ...<7 lines>...
    )
    ^
  File "C:\Users\snrso\AppData\Local\Programs\Python\Python314\Lib\site-packages\telegram\request\_baserequest.py", line 375, in _request_wrapper
    raise exception
telegram.error.Conflict: Conflict: terminated by other getUpdates request; make sure that only one bot instance is running
2026-06-06 19:39:19,700 - httpx - INFO - HTTP Request: POST https://api.telegram.org/bot8838756490:AAE1CAsIDfhrFN31LzqwCXZ-3Lu-3tXYN0Y/getUpdates "HTTP/1.1 200 OK"
2026-06-06 19:39:29,953 - httpx - INFO - HTTP Request: POST https://api.telegram.org/bot8838756490:AAE1CAsIDfhrFN31LzqwCXZ-3Lu-3tXYN0Y/getUpdates "HTTP/1.1 200 OK"
2026-06-06 19:39:40,231 - httpx - INFO - HTTP Request: POST https://api.telegram.org/bot8838756490:AAE1CAsIDfhrFN31LzqwCXZ-3Lu-3tXYN0Y/getUpdates "HTTP/1.1 200 OK"
2026-06-06 19:39:43,658 - httpx - INFO - HTTP Request: POST https://api.telegram.org/bot8838756490:AAE1CAsIDfhrFN31LzqwCXZ-3Lu-3tXYN0Y/getUpdates "HTTP/1.1 409 Conflict"
2026-06-06 19:39:43,660 - telegram.ext.Application - ERROR - No error handlers are registered, logging exception.
Traceback (most recent call last):
  File "C:\Users\snrso\AppData\Local\Programs\Python\Python314\Lib\site-packages\telegram\ext\_utils\networkloop.py", line 161, in network_retry_loop
    await do_action()
  File "C:\Users\snrso\AppData\Local\Programs\Python\Python314\Lib\site-packages\telegram\ext\_utils\networkloop.py", line 154, in do_action
    action_cb_task.result()
    ~~~~~~~~~~~~~~~~~~~~~^^
  File "C:\Users\snrso\AppData\Local\Programs\Python\Python314\Lib\site-packages\telegram\ext\_updater.py", line 340, in polling_action_cb
    updates = await self.bot.get_updates(
              ^^^^^^^^^^^^^^^^^^^^^^^^^^^
    ...<3 lines>...
    )
    ^
  File "C:\Users\snrso\AppData\Local\Programs\Python\Python314\Lib\site-packages\telegram\ext\_extbot.py", line 672, in get_updates
    updates = await super().get_updates(
              ^^^^^^^^^^^^^^^^^^^^^^^^^^
    ...<9 lines>...
    )
    ^
  File "C:\Users\snrso\AppData\Local\Programs\Python\Python314\Lib\site-packages\telegram\_bot.py", line 4865, in get_updates
    await self._post(
    ^^^^^^^^^^^^^^^^^
    ...<7 lines>...
    ),
    ^
  File "C:\Users\snrso\AppData\Local\Programs\Python\Python314\Lib\site-packages\telegram\_bot.py", line 704, in _post
    return await self._do_post(
           ^^^^^^^^^^^^^^^^^^^^
    ...<6 lines>...
    )
    ^
  File "C:\Users\snrso\AppData\Local\Programs\Python\Python314\Lib\site-packages\telegram\ext\_extbot.py", line 370, in _do_post
    return await super()._do_post(
           ^^^^^^^^^^^^^^^^^^^^^^^
    ...<6 lines>...
    )
    ^
  File "C:\Users\snrso\AppData\Local\Programs\Python\Python314\Lib\site-packages\telegram\_bot.py", line 733, in _do_post
    result = await request.post(
             ^^^^^^^^^^^^^^^^^^^
    ...<6 lines>...
    )
    ^
  File "C:\Users\snrso\AppData\Local\Programs\Python\Python314\Lib\site-packages\telegram\request\_baserequest.py", line 198, in post
    result = await self._request_wrapper(
             ^^^^^^^^^^^^^^^^^^^^^^^^^^^^
    ...<7 lines>...
    )
    ^
  File "C:\Users\snrso\AppData\Local\Programs\Python\Python314\Lib\site-packages\telegram\request\_baserequest.py", line 375, in _request_wrapper
    raise exception
telegram.error.Conflict: Conflict: terminated by other getUpdates request; make sure that only one bot instance is running
2026-06-06 19:39:47,937 - httpx - INFO - HTTP Request: POST https://api.telegram.org/bot8838756490:AAE1CAsIDfhrFN31LzqwCXZ-3Lu-3tXYN0Y/getUpdates "HTTP/1.1 409 Conflict"
2026-06-06 19:39:47,938 - telegram.ext.Application - ERROR - No error handlers are registered, logging exception.
Traceback (most recent call last):
  File "C:\Users\snrso\AppData\Local\Programs\Python\Python314\Lib\site-packages\telegram\ext\_utils\networkloop.py", line 161, in network_retry_loop
    await do_action()
  File "C:\Users\snrso\AppData\Local\Programs\Python\Python314\Lib\site-packages\telegram\ext\_utils\networkloop.py", line 154, in do_action
    action_cb_task.result()
    ~~~~~~~~~~~~~~~~~~~~~^^
  File "C:\Users\snrso\AppData\Local\Programs\Python\Python314\Lib\site-packages\telegram\ext\_updater.py", line 340, in polling_action_cb
    updates = await self.bot.get_updates(
              ^^^^^^^^^^^^^^^^^^^^^^^^^^^
    ...<3 lines>...
    )
    ^
  File "C:\Users\snrso\AppData\Local\Programs\Python\Python314\Lib\site-packages\telegram\ext\_extbot.py", line 672, in get_updates
    updates = await super().get_updates(
              ^^^^^^^^^^^^^^^^^^^^^^^^^^
    ...<9 lines>...
    )
    ^
  File "C:\Users\snrso\AppData\Local\Programs\Python\Python314\Lib\site-packages\telegram\_bot.py", line 4865, in get_updates
    await self._post(
    ^^^^^^^^^^^^^^^^^
    ...<7 lines>...
    ),
    ^
  File "C:\Users\snrso\AppData\Local\Programs\Python\Python314\Lib\site-packages\telegram\_bot.py", line 704, in _post
    return await self._do_post(
           ^^^^^^^^^^^^^^^^^^^^
    ...<6 lines>...
    )
    ^
  File "C:\Users\snrso\AppData\Local\Programs\Python\Python314\Lib\site-packages\telegram\ext\_extbot.py", line 370, in _do_post
    return await super()._do_post(
           ^^^^^^^^^^^^^^^^^^^^^^^
    ...<6 lines>...
    )
    ^
  File "C:\Users\snrso\AppData\Local\Programs\Python\Python314\Lib\site-packages\telegram\_bot.py", line 733, in _do_post
    result = await request.post(
             ^^^^^^^^^^^^^^^^^^^
    ...<6 lines>...
    )
    ^
  File "C:\Users\snrso\AppData\Local\Programs\Python\Python314\Lib\site-packages\telegram\request\_baserequest.py", line 198, in post
    result = await self._request_wrapper(
             ^^^^^^^^^^^^^^^^^^^^^^^^^^^^
    ...<7 lines>...
    )
    ^
  File "C:\Users\snrso\AppData\Local\Programs\Python\Python314\Lib\site-packages\telegram\request\_baserequest.py", line 375, in _request_wrapper
    raise exception
telegram.error.Conflict: Conflict: terminated by other getUpdates request; make sure that only one bot instance is running
2026-06-06 19:39:54,931 - httpx - INFO - HTTP Request: POST https://api.telegram.org/bot8838756490:AAE1CAsIDfhrFN31LzqwCXZ-3Lu-3tXYN0Y/getUpdates "HTTP/1.1 200 OK"
2026-06-06 19:40:05,160 - httpx - INFO - HTTP Request: POST https://api.telegram.org/bot8838756490:AAE1CAsIDfhrFN31LzqwCXZ-3Lu-3tXYN0Y/getUpdates "HTTP/1.1 200 OK"
2026-06-06 19:40:15,444 - httpx - INFO - HTTP Request: POST https://api.telegram.org/bot8838756490:AAE1CAsIDfhrFN31LzqwCXZ-3Lu-3tXYN0Y/getUpdates "HTTP/1.1 200 OK"
2026-06-06 19:40:18,623 - httpx - INFO - HTTP Request: POST https://api.telegram.org/bot8838756490:AAE1CAsIDfhrFN31LzqwCXZ-3Lu-3tXYN0Y/getUpdates "HTTP/1.1 409 Conflict"
2026-06-06 19:40:18,624 - telegram.ext.Application - ERROR - No error handlers are registered, logging exception.
Traceback (most recent call last):
  File "C:\Users\snrso\AppData\Local\Programs\Python\Python314\Lib\site-packages\telegram\ext\_utils\networkloop.py", line 161, in network_retry_loop
    await do_action()
  File "C:\Users\snrso\AppData\Local\Programs\Python\Python314\Lib\site-packages\telegram\ext\_utils\networkloop.py", line 154, in do_action
    action_cb_task.result()
    ~~~~~~~~~~~~~~~~~~~~~^^
  File "C:\Users\snrso\AppData\Local\Programs\Python\Python314\Lib\site-packages\telegram\ext\_updater.py", line 340, in polling_action_cb
    updates = await self.bot.get_updates(
              ^^^^^^^^^^^^^^^^^^^^^^^^^^^
    ...<3 lines>...
    )
    ^
  File "C:\Users\snrso\AppData\Local\Programs\Python\Python314\Lib\site-packages\telegram\ext\_extbot.py", line 672, in get_updates
    updates = await super().get_updates(
              ^^^^^^^^^^^^^^^^^^^^^^^^^^
    ...<9 lines>...
    )
    ^
  File "C:\Users\snrso\AppData\Local\Programs\Python\Python314\Lib\site-packages\telegram\_bot.py", line 4865, in get_updates
    await self._post(
    ^^^^^^^^^^^^^^^^^
    ...<7 lines>...
    ),
    ^
  File "C:\Users\snrso\AppData\Local\Programs\Python\Python314\Lib\site-packages\telegram\_bot.py", line 704, in _post
    return await self._do_post(
           ^^^^^^^^^^^^^^^^^^^^
    ...<6 lines>...
    )
    ^
  File "C:\Users\snrso\AppData\Local\Programs\Python\Python314\Lib\site-packages\telegram\ext\_extbot.py", line 370, in _do_post
    return await super()._do_post(
           ^^^^^^^^^^^^^^^^^^^^^^^
    ...<6 lines>...
    )
    ^
  File "C:\Users\snrso\AppData\Local\Programs\Python\Python314\Lib\site-packages\telegram\_bot.py", line 733, in _do_post
    result = await request.post(
             ^^^^^^^^^^^^^^^^^^^
    ...<6 lines>...
    )
    ^
  File "C:\Users\snrso\AppData\Local\Programs\Python\Python314\Lib\site-packages\telegram\request\_baserequest.py", line 198, in post
    result = await self._request_wrapper(
             ^^^^^^^^^^^^^^^^^^^^^^^^^^^^
    ...<7 lines>...
    )
    ^
  File "C:\Users\snrso\AppData\Local\Programs\Python\Python314\Lib\site-packages\telegram\request\_baserequest.py", line 375, in _request_wrapper
    raise exception
telegram.error.Conflict: Conflict: terminated by other getUpdates request; make sure that only one bot instance is running
2026-06-06 19:40:22,953 - httpx - INFO - HTTP Request: POST https://api.telegram.org/bot8838756490:AAE1CAsIDfhrFN31LzqwCXZ-3Lu-3tXYN0Y/getUpdates "HTTP/1.1 409 Conflict"
2026-06-06 19:40:22,954 - telegram.ext.Application - ERROR - No error handlers are registered, logging exception.
Traceback (most recent call last):
  File "C:\Users\snrso\AppData\Local\Programs\Python\Python314\Lib\site-packages\telegram\ext\_utils\networkloop.py", line 161, in network_retry_loop
    await do_action()
  File "C:\Users\snrso\AppData\Local\Programs\Python\Python314\Lib\site-packages\telegram\ext\_utils\networkloop.py", line 154, in do_action
    action_cb_task.result()
    ~~~~~~~~~~~~~~~~~~~~~^^
  File "C:\Users\snrso\AppData\Local\Programs\Python\Python314\Lib\site-packages\telegram\ext\_updater.py", line 340, in polling_action_cb
    updates = await self.bot.get_updates(
              ^^^^^^^^^^^^^^^^^^^^^^^^^^^
    ...<3 lines>...
    )
    ^
  File "C:\Users\snrso\AppData\Local\Programs\Python\Python314\Lib\site-packages\telegram\ext\_extbot.py", line 672, in get_updates
    updates = await super().get_updates(
              ^^^^^^^^^^^^^^^^^^^^^^^^^^
    ...<9 lines>...
    )
    ^
  File "C:\Users\snrso\AppData\Local\Programs\Python\Python314\Lib\site-packages\telegram\_bot.py", line 4865, in get_updates
    await self._post(
    ^^^^^^^^^^^^^^^^^
    ...<7 lines>...
    ),
    ^
  File "C:\Users\snrso\AppData\Local\Programs\Python\Python314\Lib\site-packages\telegram\_bot.py", line 704, in _post
    return await self._do_post(
           ^^^^^^^^^^^^^^^^^^^^
    ...<6 lines>...
    )
    ^
  File "C:\Users\snrso\AppData\Local\Programs\Python\Python314\Lib\site-packages\telegram\ext\_extbot.py", line 370, in _do_post
    return await super()._do_post(
           ^^^^^^^^^^^^^^^^^^^^^^^
    ...<6 lines>...
    )
    ^
  File "C:\Users\snrso\AppData\Local\Programs\Python\Python314\Lib\site-packages\telegram\_bot.py", line 733, in _do_post
    result = await request.post(
             ^^^^^^^^^^^^^^^^^^^
    ...<6 lines>...
    )
    ^
  File "C:\Users\snrso\AppData\Local\Programs\Python\Python314\Lib\site-packages\telegram\request\_baserequest.py", line 198, in post
    result = await self._request_wrapper(
             ^^^^^^^^^^^^^^^^^^^^^^^^^^^^
    ...<7 lines>...
    )
    ^
  File "C:\Users\snrso\AppData\Local\Programs\Python\Python314\Lib\site-packages\telegram\request\_baserequest.py", line 375, in _request_wrapper
    raise exception
telegram.error.Conflict: Conflict: terminated by other getUpdates request; make sure that only one bot instance is running
2026-06-06 19:40:29,945 - httpx - INFO - HTTP Request: POST https://api.telegram.org/bot8838756490:AAE1CAsIDfhrFN31LzqwCXZ-3Lu-3tXYN0Y/getUpdates "HTTP/1.1 200 OK"
2026-06-06 19:40:40,123 - httpx - INFO - HTTP Request: POST https://api.telegram.org/bot8838756490:AAE1CAsIDfhrFN31LzqwCXZ-3Lu-3tXYN0Y/getUpdates "HTTP/1.1 200 OK"
2026-06-06 19:40:50,330 - httpx - INFO - HTTP Request: POST https://api.telegram.org/bot8838756490:AAE1CAsIDfhrFN31LzqwCXZ-3Lu-3tXYN0Y/getUpdates "HTTP/1.1 200 OK"
2026-06-06 19:40:54,678 - httpx - INFO - HTTP Request: POST https://api.telegram.org/bot8838756490:AAE1CAsIDfhrFN31LzqwCXZ-3Lu-3tXYN0Y/getUpdates "HTTP/1.1 409 Conflict"
2026-06-06 19:40:54,679 - telegram.ext.Application - ERROR - No error handlers are registered, logging exception.
Traceback (most recent call last):
  File "C:\Users\snrso\AppData\Local\Programs\Python\Python314\Lib\site-packages\telegram\ext\_utils\networkloop.py", line 161, in network_retry_loop
    await do_action()
  File "C:\Users\snrso\AppData\Local\Programs\Python\Python314\Lib\site-packages\telegram\ext\_utils\networkloop.py", line 154, in do_action
    action_cb_task.result()
    ~~~~~~~~~~~~~~~~~~~~~^^
  File "C:\Users\snrso\AppData\Local\Programs\Python\Python314\Lib\site-packages\telegram\ext\_updater.py", line 340, in polling_action_cb
    updates = await self.bot.get_updates(
              ^^^^^^^^^^^^^^^^^^^^^^^^^^^
    ...<3 lines>...
    )
    ^
  File "C:\Users\snrso\AppData\Local\Programs\Python\Python314\Lib\site-packages\telegram\ext\_extbot.py", line 672, in get_updates
    updates = await super().get_updates(
              ^^^^^^^^^^^^^^^^^^^^^^^^^^
    ...<9 lines>...
    )
    ^
  File "C:\Users\snrso\AppData\Local\Programs\Python\Python314\Lib\site-packages\telegram\_bot.py", line 4865, in get_updates
    await self._post(
    ^^^^^^^^^^^^^^^^^
    ...<7 lines>...
    ),
    ^
  File "C:\Users\snrso\AppData\Local\Programs\Python\Python314\Lib\site-packages\telegram\_bot.py", line 704, in _post
    return await self._do_post(
           ^^^^^^^^^^^^^^^^^^^^
    ...<6 lines>...
    )
    ^
  File "C:\Users\snrso\AppData\Local\Programs\Python\Python314\Lib\site-packages\telegram\ext\_extbot.py", line 370, in _do_post
    return await super()._do_post(
           ^^^^^^^^^^^^^^^^^^^^^^^
    ...<6 lines>...
    )
    ^
  File "C:\Users\snrso\AppData\Local\Programs\Python\Python314\Lib\site-packages\telegram\_bot.py", line 733, in _do_post
    result = await request.post(
             ^^^^^^^^^^^^^^^^^^^
    ...<6 lines>...
    )
    ^
  File "C:\Users\snrso\AppData\Local\Programs\Python\Python314\Lib\site-packages\telegram\request\_baserequest.py", line 198, in post
    result = await self._request_wrapper(
             ^^^^^^^^^^^^^^^^^^^^^^^^^^^^
    ...<7 lines>...
    )
    ^
  File "C:\Users\snrso\AppData\Local\Programs\Python\Python314\Lib\site-packages\telegram\request\_baserequest.py", line 375, in _request_wrapper
    raise exception
telegram.error.Conflict: Conflict: terminated by other getUpdates request; make sure that only one bot instance is running
2026-06-06 19:40:58,847 - httpx - INFO - HTTP Request: POST https://api.telegram.org/bot8838756490:AAE1CAsIDfhrFN31LzqwCXZ-3Lu-3tXYN0Y/getUpdates "HTTP/1.1 409 Conflict"
2026-06-06 19:40:58,848 - telegram.ext.Application - ERROR - No error handlers are registered, logging exception.
Traceback (most recent call last):
  File "C:\Users\snrso\AppData\Local\Programs\Python\Python314\Lib\site-packages\telegram\ext\_utils\networkloop.py", line 161, in network_retry_loop
    await do_action()
  File "C:\Users\snrso\AppData\Local\Programs\Python\Python314\Lib\site-packages\telegram\ext\_utils\networkloop.py", line 154, in do_action
    action_cb_task.result()
    ~~~~~~~~~~~~~~~~~~~~~^^
  File "C:\Users\snrso\AppData\Local\Programs\Python\Python314\Lib\site-packages\telegram\ext\_updater.py", line 340, in polling_action_cb
    updates = await self.bot.get_updates(
              ^^^^^^^^^^^^^^^^^^^^^^^^^^^
    ...<3 lines>...
    )
    ^
  File "C:\Users\snrso\AppData\Local\Programs\Python\Python314\Lib\site-packages\telegram\ext\_extbot.py", line 672, in get_updates
    updates = await super().get_updates(
              ^^^^^^^^^^^^^^^^^^^^^^^^^^
    ...<9 lines>...
    )
    ^
  File "C:\Users\snrso\AppData\Local\Programs\Python\Python314\Lib\site-packages\telegram\_bot.py", line 4865, in get_updates
    await self._post(
    ^^^^^^^^^^^^^^^^^
    ...<7 lines>...
    ),
    ^
  File "C:\Users\snrso\AppData\Local\Programs\Python\Python314\Lib\site-packages\telegram\_bot.py", line 704, in _post
    return await self._do_post(
           ^^^^^^^^^^^^^^^^^^^^
    ...<6 lines>...
    )
    ^
  File "C:\Users\snrso\AppData\Local\Programs\Python\Python314\Lib\site-packages\telegram\ext\_extbot.py", line 370, in _do_post
    return await super()._do_post(
           ^^^^^^^^^^^^^^^^^^^^^^^
    ...<6 lines>...
    )
    ^
  File "C:\Users\snrso\AppData\Local\Programs\Python\Python314\Lib\site-packages\telegram\_bot.py", line 733, in _do_post
    result = await request.post(
             ^^^^^^^^^^^^^^^^^^^
    ...<6 lines>...
    )
    ^
  File "C:\Users\snrso\AppData\Local\Programs\Python\Python314\Lib\site-packages\telegram\request\_baserequest.py", line 198, in post
    result = await self._request_wrapper(
             ^^^^^^^^^^^^^^^^^^^^^^^^^^^^
    ...<7 lines>...
    )
    ^
  File "C:\Users\snrso\AppData\Local\Programs\Python\Python314\Lib\site-packages\telegram\request\_baserequest.py", line 375, in _request_wrapper
    raise exception
telegram.error.Conflict: Conflict: terminated by other getUpdates request; make sure that only one bot instance is running
2026-06-06 19:41:05,857 - httpx - INFO - HTTP Request: POST https://api.telegram.org/bot8838756490:AAE1CAsIDfhrFN31LzqwCXZ-3Lu-3tXYN0Y/getUpdates "HTTP/1.1 200 OK"
2026-06-06 19:41:16,022 - httpx - INFO - HTTP Request: POST https://api.telegram.org/bot8838756490:AAE1CAsIDfhrFN31LzqwCXZ-3Lu-3tXYN0Y/getUpdates "HTTP/1.1 200 OK"
2026-06-06 19:41:26,232 - httpx - INFO - HTTP Request: POST https://api.telegram.org/bot8838756490:AAE1CAsIDfhrFN31LzqwCXZ-3Lu-3tXYN0Y/getUpdates "HTTP/1.1 200 OK"
2026-06-06 19:41:29,375 - httpx - INFO - HTTP Request: POST https://api.telegram.org/bot8838756490:AAE1CAsIDfhrFN31LzqwCXZ-3Lu-3tXYN0Y/getUpdates "HTTP/1.1 409 Conflict"
2026-06-06 19:41:29,379 - telegram.ext.Application - ERROR - No error handlers are registered, logging exception.
Traceback (most recent call last):
  File "C:\Users\snrso\AppData\Local\Programs\Python\Python314\Lib\site-packages\telegram\ext\_utils\networkloop.py", line 161, in network_retry_loop
    await do_action()
  File "C:\Users\snrso\AppData\Local\Programs\Python\Python314\Lib\site-packages\telegram\ext\_utils\networkloop.py", line 154, in do_action
    action_cb_task.result()
    ~~~~~~~~~~~~~~~~~~~~~^^
  File "C:\Users\snrso\AppData\Local\Programs\Python\Python314\Lib\site-packages\telegram\ext\_updater.py", line 340, in polling_action_cb
    updates = await self.bot.get_updates(
              ^^^^^^^^^^^^^^^^^^^^^^^^^^^
    ...<3 lines>...
    )
    ^
  File "C:\Users\snrso\AppData\Local\Programs\Python\Python314\Lib\site-packages\telegram\ext\_extbot.py", line 672, in get_updates
    updates = await super().get_updates(
              ^^^^^^^^^^^^^^^^^^^^^^^^^^
    ...<9 lines>...
    )
    ^
  File "C:\Users\snrso\AppData\Local\Programs\Python\Python314\Lib\site-packages\telegram\_bot.py", line 4865, in get_updates
    await self._post(
    ^^^^^^^^^^^^^^^^^
    ...<7 lines>...
    ),
    ^
  File "C:\Users\snrso\AppData\Local\Programs\Python\Python314\Lib\site-packages\telegram\_bot.py", line 704, in _post
    return await self._do_post(
           ^^^^^^^^^^^^^^^^^^^^
    ...<6 lines>...
    )
    ^
  File "C:\Users\snrso\AppData\Local\Programs\Python\Python314\Lib\site-packages\telegram\ext\_extbot.py", line 370, in _do_post
    return await super()._do_post(
           ^^^^^^^^^^^^^^^^^^^^^^^
    ...<6 lines>...
    )
    ^
  File "C:\Users\snrso\AppData\Local\Programs\Python\Python314\Lib\site-packages\telegram\_bot.py", line 733, in _do_post
    result = await request.post(
             ^^^^^^^^^^^^^^^^^^^
    ...<6 lines>...
    )
    ^
  File "C:\Users\snrso\AppData\Local\Programs\Python\Python314\Lib\site-packages\telegram\request\_baserequest.py", line 198, in post
    result = await self._request_wrapper(
             ^^^^^^^^^^^^^^^^^^^^^^^^^^^^
    ...<7 lines>...
    )
    ^
  File "C:\Users\snrso\AppData\Local\Programs\Python\Python314\Lib\site-packages\telegram\request\_baserequest.py", line 375, in _request_wrapper
    raise exception
telegram.error.Conflict: Conflict: terminated by other getUpdates request; make sure that only one bot instance is running
